scenario,root_cause_cluster_id,repo_name,pr_number,root_cause_category,original_alert_n,remaining_alert_n,retained,partially_retained,remaining_rules,excluded_rules
baseline,rccluster-06bf514b4d93be7340e7,3rdIteration/btcrecover,599,incomplete_change_coordination,1,1,True,False,py/unused-import,
baseline,rccluster-c94fc7a6f91664f23686,3rdIteration/btcrecover,611,redundant_or_locally_inconsistent_construction,1,1,True,False,py/unused-import,
baseline,rccluster-8850d2f10c8b3234819d,567-labs/instructor,1555,redundant_or_locally_inconsistent_construction,2,2,True,False,py/unused-local-variable,
baseline,rccluster-977a361246a00fea0744,567-labs/instructor,1677,redundant_or_locally_inconsistent_construction,2,2,True,False,py/unused-local-variable,
baseline,rccluster-8a1ed0761c02df0bee14,AgentOps-AI/agentops,1179,redundant_or_locally_inconsistent_construction,1,1,True,False,py/repeated-import,
baseline,rccluster-31bc5209442a09d37c4a,AgentOps-AI/agentops,650,incomplete_change_coordination,1,1,True,False,py/unused-import,
baseline,rccluster-239281e9b0aa3ea46ada,AgentOps-AI/agentops,650,incomplete_change_coordination,1,1,True,False,py/unused-import,
baseline,rccluster-63b15743299bdeea4ba8,AgentOps-AI/agentops,729,incomplete_change_coordination,1,1,True,False,py/unused-import,
baseline,rccluster-88e03d4d518abf486ff5,AgentOps-AI/agentops,729,incomplete_change_coordination,1,1,True,False,py/unused-import,
baseline,rccluster-b47917f7c5112f480ea2,AgentOps-AI/agentops,729,incomplete_change_coordination,2,2,True,False,py/unused-import,
baseline,rccluster-6b2884568fcb892ef9f6,AgentOps-AI/agentops,729,incomplete_change_coordination,1,1,True,False,py/undefined-export,
baseline,rccluster-30de7912ad7af9c3aad0,Azure/azure-sdk-for-python,41852,incomplete_change_coordination,1,1,True,False,py/unused-import,
baseline,rccluster-b56b192b439bdbbc8474,BeehiveInnovations/zen-mcp-server,95,redundant_or_locally_inconsistent_construction,1,1,True,False,py/repeated-import,
baseline,rccluster-3b2cc931c08c3a5fead8,BeehiveInnovations/zen-mcp-server,95,redundant_or_locally_inconsistent_construction,5,5,True,False,py/repeated-import,
baseline,rccluster-3b2c1c1890498dab2bf7,BeehiveInnovations/zen-mcp-server,95,redundant_or_locally_inconsistent_construction,2,2,True,False,py/multiple-definition,
baseline,rccluster-9160c283be83ae5d7233,BeehiveInnovations/zen-mcp-server,95,redundant_or_locally_inconsistent_construction,1,1,True,False,py/unused-local-variable,
baseline,rccluster-56e2eecd350cb12f43e5,BeehiveInnovations/zen-mcp-server,95,interface_or_contract_mismatch,1,1,True,False,py/inheritance/signature-mismatch,
baseline,rccluster-12ede7e31a3d5818d112,BerriAI/litellm,12551,redundant_or_locally_inconsistent_construction,3,3,True,False,py/import-and-import-from|py/unused-import,
baseline,rccluster-b3b2354e73257be11c4a,BerriAI/litellm,12551,incomplete_change_coordination,1,1,True,False,py/unused-import,
baseline,rccluster-4c07f93f0b1193770e4f,CapSoftware/Cap,561,incomplete_change_coordination,4,4,True,False,js/unused-local-variable,
baseline,rccluster-c60263040b2ced58fc05,CapSoftware/Cap,567,incomplete_change_coordination,1,1,True,False,js/unused-local-variable,
baseline,rccluster-ea3a9f206c4bb70e111c,CapSoftware/Cap,567,incomplete_change_coordination,2,2,True,False,js/unused-local-variable,
baseline,rccluster-f6bf2ba1c3ba94450433,CapSoftware/Cap,567,incomplete_change_coordination,1,1,True,False,js/unused-local-variable,
baseline,rccluster-02b50ca330f83031e263,CapSoftware/Cap,567,incomplete_change_coordination,2,2,True,False,js/unused-local-variable,
baseline,rccluster-f5e8d6de3116a87a98ad,CapSoftware/Cap,567,redundant_or_locally_inconsistent_construction,1,1,True,False,js/unused-local-variable,
baseline,rccluster-aa847c5567edd326f20a,CapSoftware/Cap,567,incomplete_change_coordination,1,1,True,False,js/unused-local-variable,
baseline,rccluster-11bb7e5fdd5b60af249e,CapSoftware/Cap,567,incomplete_change_coordination,1,1,True,False,js/unused-local-variable,
baseline,rccluster-b8ec17a3dbc98742e165,CapSoftware/Cap,567,incomplete_change_coordination,10,10,True,False,js/unused-local-variable,
baseline,rccluster-76c9b4cf4fd09784f9ae,CapSoftware/Cap,567,incomplete_change_coordination,1,1,True,False,js/unused-local-variable,
baseline,rccluster-c120041e5d2f74f7a42b,CapSoftware/Cap,567,incomplete_change_coordination,4,4,True,False,js/unused-local-variable,
baseline,rccluster-ff9b18c692a79bb000e3,CapSoftware/Cap,567,incomplete_change_coordination,1,1,True,False,js/unused-local-variable,
baseline,rccluster-966d315e4762fa71c63e,CapSoftware/Cap,567,incomplete_change_coordination,10,10,True,False,js/unused-local-variable,
baseline,rccluster-6d9c82c185e7e8307366,CapSoftware/Cap,567,incomplete_change_coordination,1,1,True,False,js/unused-local-variable,
baseline,rccluster-1ccd63c89f60c5e2df09,CapSoftware/Cap,571,incomplete_change_coordination,3,3,True,False,js/unused-local-variable,
baseline,rccluster-3c06393fe7df6d3f4c40,CapSoftware/Cap,574,incomplete_change_coordination,1,1,True,False,js/unused-local-variable,
baseline,rccluster-8e01d19092c7c04012b9,CapSoftware/Cap,574,redundant_or_locally_inconsistent_construction,1,1,True,False,js/unused-local-variable,
baseline,rccluster-2611577cf49fad7c8c35,CapSoftware/Cap,574,incomplete_change_coordination,2,2,True,False,js/unused-local-variable,
baseline,rccluster-523b237ea8aff79b10f4,CapSoftware/Cap,575,incomplete_change_coordination,1,1,True,False,js/unused-local-variable,
baseline,rccluster-d9d3d9813d1879aee04c,CapSoftware/Cap,605,incomplete_change_coordination,1,1,True,False,js/unused-local-variable,
baseline,rccluster-1716ea36f68b6d2a0b97,Codehagen/Badget,294,incomplete_change_coordination,1,1,True,False,js/unused-local-variable,
baseline,rccluster-05469ccac37ed10f86cf,Codehagen/Badget,294,incomplete_change_coordination,1,1,True,False,js/unused-local-variable,
baseline,rccluster-f3652a94abf8456801db,Codehagen/Badget,295,incomplete_change_coordination,1,1,True,False,js/unused-local-variable,
baseline,rccluster-ac4e6b376954fa44f6fb,Codehagen/Badget,295,incomplete_change_coordination,1,1,True,False,js/unused-local-variable,
baseline,rccluster-d6f2bf95d17bb56404a5,Codehagen/Badget,295,incomplete_change_coordination,1,1,True,False,js/unused-local-variable,
baseline,rccluster-d21954531743c7a2c594,DeepLabCut/DeepLabCut,3045,control_state_or_dataflow_miscomposition,1,1,True,False,py/unreachable-statement,
baseline,rccluster-2ba1d1b35e6bd1e27725,Deepractice/PromptX,130,incomplete_change_coordination,4,4,True,False,js/unused-local-variable,
baseline,rccluster-2ed71b80e26adc1db5ff,Helicone/helicone,3882,incomplete_change_coordination,1,1,True,False,js/unused-local-variable,
baseline,rccluster-cb5150b92331ab4fa4fb,HumanSignal/label-studio-ml-backend,782,dependency_error_or_resource_mismanagement,1,1,True,False,py/file-not-closed,
baseline,rccluster-27df4ef0d8c158d70f21,HumanSignal/label-studio-ml-backend,782,redundant_or_locally_inconsistent_construction,1,1,True,False,py/unnecessary-pass,
baseline,rccluster-8235069c05ba7872d28e,HumanSignal/label-studio-ml-backend,782,incomplete_change_coordination,2,2,True,False,py/unused-import,
baseline,rccluster-bde5a73d37d8a1e0d137,HumanSignal/label-studio-ml-backend,782,incomplete_change_coordination,1,1,True,False,py/unused-import,
baseline,rccluster-c1288353e0c1ec22a9d5,Kanaries/pygwalker,700,incomplete_change_coordination,2,2,True,False,py/unused-import,
baseline,rccluster-8218a1c5325a158adf64,Kiln-AI/Kiln,358,incomplete_change_coordination,1,1,True,False,py/unused-import,
baseline,rccluster-3be08b86f241796b2944,Kiln-AI/Kiln,361,interface_or_contract_mismatch,5,5,True,False,py/call/wrong-named-argument,
baseline,rccluster-dd553ff8882baa2ef7b0,Kiln-AI/Kiln,361,redundant_or_locally_inconsistent_construction,1,1,True,False,py/unused-local-variable,
baseline,rccluster-945231e94842a474a2df,Kiln-AI/Kiln,361,redundant_or_locally_inconsistent_construction,4,4,True,False,py/test-equals-none,
baseline,rccluster-7d206bb9a6bdd7523710,Kiln-AI/Kiln,361,incomplete_change_coordination,1,1,True,False,py/unused-import,
baseline,rccluster-e4e9949175b7cf6bd6eb,Kiln-AI/Kiln,365,incomplete_change_coordination,2,2,True,False,py/unused-import,
baseline,rccluster-02cacaf895704a09dd3d,LeagueAkari/LeagueAkari,254,incomplete_change_coordination,1,1,True,False,js/unused-local-variable,
baseline,rccluster-8f038481832416047eb4,MervinPraison/PraisonAI,1021,incomplete_change_coordination,1,1,True,False,py/unused-import,
baseline,rccluster-b966e1309497548975b7,MervinPraison/PraisonAI,1021,redundant_or_locally_inconsistent_construction,2,2,True,False,py/unused-local-variable,
baseline,rccluster-c5ba690385777d2d0d6c,Netflix/metaflow,2467,control_state_or_dataflow_miscomposition,1,1,True,False,py/uninitialized-local-variable,
baseline,rccluster-2b57e76331c7cee992d8,Netflix/metaflow,2467,incomplete_change_coordination,2,2,True,False,py/commented-out-code,
baseline,rccluster-c1fee75d53547900db79,Netflix/metaflow,2467,control_state_or_dataflow_miscomposition,2,2,True,False,py/mixed-returns,
baseline,rccluster-b8359a3456a64683ee2c,NewFuture/DDNS,495,redundant_or_locally_inconsistent_construction,1,1,True,False,py/imprecise-assert,
baseline,rccluster-cea56236d0e521e87914,NewFuture/DDNS,498,redundant_or_locally_inconsistent_construction,2,2,True,False,py/imprecise-assert,
baseline,rccluster-d64f567764c8e40daa6c,OHIF/Viewers,4998,incomplete_change_coordination,1,1,True,False,js/unused-local-variable,
baseline,rccluster-103c68d7c83bc5dfd7a1,OneKeyHQ/app-monorepo,6756,incomplete_change_coordination,1,1,True,False,js/unused-local-variable,
baseline,rccluster-b2e1c2b7e798b8f007ec,OneKeyHQ/app-monorepo,6756,incomplete_change_coordination,2,2,True,False,js/unused-local-variable,
baseline,rccluster-37d98c8832d2584f7ec2,OneKeyHQ/app-monorepo,6756,incomplete_change_coordination,1,1,True,False,js/unused-local-variable,
baseline,rccluster-5191c6691e587a5e5e00,OneKeyHQ/app-monorepo,6756,incomplete_change_coordination,1,1,True,False,js/unused-local-variable,
baseline,rccluster-052e741c31c6fca1c85a,OneKeyHQ/app-monorepo,6756,incomplete_change_coordination,2,2,True,False,js/unused-local-variable,
baseline,rccluster-c2fe8b296146ba98c75b,OneKeyHQ/app-monorepo,6756,incomplete_change_coordination,5,5,True,False,js/unused-local-variable,
baseline,rccluster-f5760f63afac089f39dd,OpenHFT/Chronicle-Wire,1058,interface_or_contract_mismatch,2,2,True,False,java/unknown-javadoc-parameter,
baseline,rccluster-f7b342b341016f2db787,OpenHFT/Chronicle-Wire,1061,interface_or_contract_mismatch,6,6,True,False,java/unknown-javadoc-parameter,
baseline,rccluster-8b747de451b6e1bf1dba,OpenPipe/ART,153,dependency_error_or_resource_mismanagement,1,1,True,False,py/empty-except,
baseline,rccluster-93b5fbef7dfa34cf01b7,OpenPipe/ART,161,incomplete_change_coordination,5,5,True,False,py/unused-import,
baseline,rccluster-ef40cef0c4a89b0abc4f,OpenPipe/ART,162,incomplete_change_coordination,1,1,True,False,py/unused-import,
baseline,rccluster-52832b03b774b2dc5d55,PrefectHQ/marvin,1162,redundant_or_locally_inconsistent_construction,1,1,True,False,py/unused-global-variable,
baseline,rccluster-b256402aba917454ac58,PythonNest/PyNest,107,incomplete_change_coordination,1,1,True,False,py/unused-import,
baseline,rccluster-d2b091029ef8c28e41fc,PythonNest/PyNest,107,incomplete_change_coordination,3,3,True,False,py/unused-import,
baseline,rccluster-60db55413ddc796ea7f6,PythonNest/PyNest,107,incomplete_change_coordination,1,1,True,False,py/unused-import,
baseline,rccluster-fd9fafb8ef16fd50ecc0,PythonNest/PyNest,107,interface_or_contract_mismatch,1,1,True,False,py/inheritance/signature-mismatch,
baseline,rccluster-e790cb9935eac3a5e59f,RAGEN-AI/RAGEN,112,incomplete_change_coordination,1,1,True,False,py/unused-import,
baseline,rccluster-a963c1059230d4786e41,Shelf-nu/shelf.nu,1905,control_state_or_dataflow_miscomposition,1,1,True,False,js/trivial-conditional,
baseline,rccluster-dbb6fa9d52e7922a6b6d,Shopify/roast,76,dependency_error_or_resource_mismanagement,1,1,True,False,rb/uninitialized-local-variable,
baseline,rccluster-7580a0969323c80d8442,Significant-Gravitas/AutoGPT,10340,redundant_or_locally_inconsistent_construction,1,1,True,False,py/unnecessary-pass,
baseline,rccluster-944bddfd39ec545ec19a,Significant-Gravitas/AutoGPT,10340,redundant_or_locally_inconsistent_construction,1,1,True,False,py/import-and-import-from,
baseline,rccluster-5b994b7d5981e6103253,SimonHalvdansson/Harmonic-HN,216,control_state_or_dataflow_miscomposition,1,1,True,False,java/dereferenced-value-may-be-null,
baseline,rccluster-76ee4701a764b7ebf4ec,SimonHalvdansson/Harmonic-HN,220,dependency_error_or_resource_mismanagement,2,2,True,False,java/uncaught-number-format-exception,
baseline,rccluster-9bf17e0c7a128d837a26,Skyvern-AI/skyvern,2435,dependency_error_or_resource_mismanagement,9,9,True,False,py/cyclic-import|py/unsafe-cyclic-import,
baseline,rccluster-6d9022adede7f615bf88,TobikoData/sqlmesh,4667,dependency_error_or_resource_mismanagement,1,1,True,False,py/empty-except,
baseline,rccluster-14f544bf147f03d3c0ad,Voxelum/x-minecraft-launcher,1025,incomplete_change_coordination,1,1,True,False,js/unused-local-variable,
baseline,rccluster-3ef747ae8cf3b897ae8e,abi/screenshot-to-code,512,incomplete_change_coordination,1,1,True,False,py/unused-import,
baseline,rccluster-d91987f8a4abe878fcbf,abi/screenshot-to-code,513,incomplete_change_coordination,1,1,True,False,py/unused-import,
baseline,rccluster-5b48d029550e70037a4d,actions/toolkit,2100,incomplete_change_coordination,3,3,True,False,js/unused-local-variable,
baseline,rccluster-b517050c9d39fd24f5e5,airbytehq/airbyte,52591,incomplete_change_coordination,1,1,True,False,py/unused-import,
baseline,rccluster-8d4e3632aaf38f356ec5,airbytehq/airbyte,52591,incomplete_change_coordination,2,2,True,False,py/unused-import,
baseline,rccluster-d436c7eb52128a026a20,airbytehq/airbyte,52663,dependency_error_or_resource_mismanagement,1,1,True,False,py/file-not-closed,
baseline,rccluster-4a784fa8c8c1f2cd10cc,airbytehq/airbyte,54164,control_state_or_dataflow_miscomposition,1,1,True,False,py/side-effect-in-assert,
baseline,rccluster-3f9bbed4e65485bcf498,airbytehq/airbyte,55005,redundant_or_locally_inconsistent_construction,1,1,True,False,py/commented-out-code,
baseline,rccluster-bc612226925d74ac81cc,airbytehq/airbyte,56389,incomplete_change_coordination,1,1,True,False,py/unused-import,
baseline,rccluster-9e4de479d011cb138260,airbytehq/airbyte,56389,dependency_error_or_resource_mismanagement,2,2,True,False,py/file-not-closed,
baseline,rccluster-169a531566ae7c745e3a,airbytehq/airbyte,56432,incomplete_change_coordination,3,3,True,False,py/unused-import,
baseline,rccluster-e02a232baa5cbb850d6e,airbytehq/airbyte,56432,interface_or_contract_mismatch,1,1,True,False,py/call/wrong-arguments,
baseline,rccluster-74f313e30ab63bae8f2a,airbytehq/airbyte,56432,incomplete_change_coordination,6,6,True,False,py/unused-import,
baseline,rccluster-bfa7347e6a828af39028,airbytehq/airbyte,62455,incomplete_change_coordination,3,3,True,False,py/unused-import,
baseline,rccluster-e822cd95457f9e562fdb,airbytehq/airbyte,62455,redundant_or_locally_inconsistent_construction,6,6,True,False,py/unused-local-variable,
baseline,rccluster-f28c9a375f9e6350e6bd,analogdotnow/Analog,129,control_state_or_dataflow_miscomposition,2,2,True,False,js/trivial-conditional,
baseline,rccluster-ec04a777be200ddc33c2,analogdotnow/Analog,129,incomplete_change_coordination,1,1,True,False,js/unused-local-variable,
baseline,rccluster-ce30be509425f4b50aa6,analogdotnow/Analog,225,incomplete_change_coordination,1,1,True,False,js/unused-local-variable,
baseline,rccluster-7d54ea3b2b76810e349c,antiwork/gumroad,615,control_state_or_dataflow_miscomposition,1,1,True,False,rb/uninitialized-local-variable,
baseline,rccluster-976bf5893dce06dafe1f,apache/pinot,16030,dependency_error_or_resource_mismanagement,2,2,True,False,java/uncaught-number-format-exception,
baseline,rccluster-db9f0fa8f1abd3dce27f,apache/pulsar,24542,control_state_or_dataflow_miscomposition,1,1,True,False,java/dereferenced-value-may-be-null,
baseline,rccluster-e4e427eb5a2e12221550,apache/pulsar,24542,incomplete_change_coordination,1,1,True,False,java/unused-parameter,
baseline,rccluster-e3263fc58c5dd15ca23e,apache/pulsar,24542,incomplete_change_coordination,1,1,True,False,java/local-variable-is-never-read,
baseline,rccluster-07412c67d2c3beb23667,axinc-ai/ailia-models,1704,redundant_or_locally_inconsistent_construction,2,2,True,False,py/redundant-assignment,
baseline,rccluster-9d0999d6a9a688a92f0b,axinc-ai/ailia-models,1704,incomplete_change_coordination,1,1,True,False,py/unused-import,
baseline,rccluster-a246a58b05723adec57a,axinc-ai/ailia-models,1704,incomplete_change_coordination,1,1,True,False,py/unused-import,
baseline,rccluster-0636c615dd36b0f63dda,axinc-ai/ailia-models,1704,incomplete_change_coordination,3,3,True,False,py/unused-import,
baseline,rccluster-2676c2ae500c3091f674,axinc-ai/ailia-models,1704,redundant_or_locally_inconsistent_construction,1,1,True,False,py/redundant-assignment,
baseline,rccluster-1370a96abd97d063a696,axinc-ai/ailia-models,1704,control_state_or_dataflow_miscomposition,1,1,True,False,py/unreachable-statement,
baseline,rccluster-4538d5e5756c848b97ed,axinc-ai/ailia-models,1704,incomplete_change_coordination,1,1,True,False,py/unused-local-variable,
baseline,rccluster-b7935501c1cfc6af363b,blefnk/relivator-nextjs-template,59,incomplete_change_coordination,1,1,True,False,js/unused-local-variable,
baseline,rccluster-5f45f9924101933b2577,browser-use/browser-use,2348,incomplete_change_coordination,1,1,True,False,py/unused-local-variable,
baseline,rccluster-79e675185f70a2fb43c8,bytebot-ai/bytebot,35,control_state_or_dataflow_miscomposition,1,1,True,False,js/useless-assignment-to-local,
baseline,rccluster-15dbe5930e9ed62c8f86,bytebot-ai/bytebot,40,incomplete_change_coordination,1,1,True,False,js/unused-local-variable,
baseline,rccluster-3b2f2ea3732334c063e3,bytebot-ai/bytebot,51,incomplete_change_coordination,1,1,True,False,js/unused-local-variable,
baseline,rccluster-92e1e389203668c06b4c,calcom/cal.com,20580,incomplete_change_coordination,1,1,True,False,js/unused-local-variable,
baseline,rccluster-b8b8d7f137a67d188659,calcom/cal.com,20672,incomplete_change_coordination,1,1,True,False,js/unused-local-variable,
baseline,rccluster-f810213003bd83b10a2f,calcom/cal.com,21590,incomplete_change_coordination,1,1,True,False,js/unused-local-variable,
baseline,rccluster-fe6123deb52d9e7febd3,calcom/cal.com,21652,incomplete_change_coordination,1,1,True,False,js/unused-local-variable,
baseline,rccluster-d145708e4daf4f28b9f5,calcom/cal.com,22034,incomplete_change_coordination,1,1,True,False,js/unused-local-variable,
baseline,rccluster-4afdd3cab7ca039e6639,calcom/cal.com,22311,incomplete_change_coordination,1,1,True,False,js/unused-local-variable,
baseline,rccluster-3a8b3fa415648034c90d,camunda/camunda,34932,incomplete_change_coordination,1,1,True,False,java/unused-parameter,
baseline,rccluster-b6010dfa5ac9115748fe,cartography-cncf/cartography,1614,redundant_or_locally_inconsistent_construction,1,1,True,False,py/import-and-import-from,
baseline,rccluster-71d9667a292e53e97bec,cartography-cncf/cartography,1619,redundant_or_locally_inconsistent_construction,1,1,True,False,py/import-and-import-from,
baseline,rccluster-7794b40c944965a43635,colinhacks/zod,4865,redundant_or_locally_inconsistent_construction,1,1,True,False,js/useless-expression,
baseline,rccluster-a7bcd19ab4a0c9665137,colinhacks/zod,4915,incomplete_change_coordination,2,2,True,False,js/unused-local-variable,
baseline,rccluster-1ce7b7fc832c74d3fa35,crewAIInc/crewAI,1818,incomplete_change_coordination,1,1,True,False,py/unused-import,
baseline,rccluster-42cb5854bde1f3f26dce,crewAIInc/crewAI,1818,incomplete_change_coordination,3,3,True,False,py/unused-import,
baseline,rccluster-e7f9ec27c33f5d8d0e96,crewAIInc/crewAI,1820,incomplete_change_coordination,2,2,True,False,py/unused-import,
baseline,rccluster-676f93107e592e883d81,crewAIInc/crewAI,1820,incomplete_change_coordination,1,1,True,False,py/unused-import,
baseline,rccluster-fbf942d6bbcc48cea487,crewAIInc/crewAI,1892,incomplete_change_coordination,2,2,True,False,py/unused-import,
baseline,rccluster-fbab78314095e93bb815,crewAIInc/crewAI,1892,redundant_or_locally_inconsistent_construction,1,1,True,False,py/unused-import,
baseline,rccluster-cf9f0641cf1859631616,crewAIInc/crewAI,1892,incomplete_change_coordination,2,2,True,False,py/unused-import,
baseline,rccluster-89c514861c1f8680bf59,crewAIInc/crewAI,1892,incomplete_change_coordination,2,2,True,False,py/unused-import,
baseline,rccluster-de76ecb5e3434b89d7de,crewAIInc/crewAI,1892,control_state_or_dataflow_miscomposition,1,1,True,False,py/unreachable-statement,
baseline,rccluster-8b8edc152f33518be1b9,crewAIInc/crewAI,1892,incomplete_change_coordination,2,2,True,False,py/unused-global-variable,
baseline,rccluster-5eb1e7979705ab7101e0,crewAIInc/crewAI,1937,redundant_or_locally_inconsistent_construction,2,2,True,False,py/unused-local-variable,
baseline,rccluster-dec3ccb6080877ea62b5,crewAIInc/crewAI,2277,incomplete_change_coordination,1,1,True,False,py/unused-import,
baseline,rccluster-bbda2d2064d71f965629,crewAIInc/crewAI,2277,incomplete_change_coordination,2,2,True,False,py/unused-import,
baseline,rccluster-f6d096ed0c537bb0d139,crewAIInc/crewAI,2277,incomplete_change_coordination,1,1,True,False,py/unused-import,
baseline,rccluster-180ee305463d69ae7ba6,crewAIInc/crewAI,2277,control_state_or_dataflow_miscomposition,1,1,True,False,py/mixed-returns,
baseline,rccluster-5979be4a3375d9355694,crewAIInc/crewAI,2335,incomplete_change_coordination,1,1,True,False,py/unused-import,
baseline,rccluster-883b0b40dd35a77c4936,crewAIInc/crewAI,2352,incomplete_change_coordination,2,2,True,False,py/unused-import,
baseline,rccluster-8da92c9a6f0cfaa659fb,crewAIInc/crewAI,2476,incomplete_change_coordination,1,1,True,False,py/unused-local-variable,
baseline,rccluster-a16efaab49bad2455970,crewAIInc/crewAI,2552,incomplete_change_coordination,1,1,True,False,py/unused-import,
baseline,rccluster-93d8beeac752ceb6ae33,crewAIInc/crewAI,2594,incomplete_change_coordination,2,2,True,False,py/unused-import,
baseline,rccluster-0b624cbc7b276742f642,crewAIInc/crewAI,2994,dependency_error_or_resource_mismanagement,1,1,True,False,py/unsafe-cyclic-import,
baseline,rccluster-7d37871321573431b938,crewAIInc/crewAI-tools,162,incomplete_change_coordination,1,1,True,False,py/unused-import,
baseline,rccluster-6b81fac0baa8d9869b08,dagster-io/dagster,30864,redundant_or_locally_inconsistent_construction,1,1,True,False,py/import-and-import-from,
baseline,rccluster-98dff30204cb718ba90e,dagster-io/dagster,30864,control_state_or_dataflow_miscomposition,1,1,True,False,py/multiple-definition,
baseline,rccluster-f1725d7609977a54a113,dagster-io/dagster,30864,incomplete_change_coordination,1,1,True,False,py/unused-import,
baseline,rccluster-ff833753cef9196f142d,dagster-io/dagster,30864,redundant_or_locally_inconsistent_construction,1,1,True,False,py/unused-local-variable,
baseline,rccluster-69fb7769681f087fab58,dagster-io/dagster,30864,redundant_or_locally_inconsistent_construction,1,1,True,False,py/unused-local-variable,
baseline,rccluster-b206303c4250fbab4fef,dagster-io/dagster,30864,incomplete_change_coordination,1,1,True,False,py/unused-import,
baseline,rccluster-ebf8eb1a619de5e26963,dailydotdev/apps,4632,control_state_or_dataflow_miscomposition,1,1,True,False,js/trivial-conditional,
baseline,rccluster-9b814f6e9b77c61e1730,datopian/portaljs,1396,incomplete_change_coordination,1,1,True,False,js/unused-local-variable,
baseline,rccluster-cb8ee0a0c2bcc37d7251,different-ai/note-companion,297,incomplete_change_coordination,1,1,True,False,js/unused-local-variable,
baseline,rccluster-020929d5dfe384d29cd4,different-ai/note-companion,299,control_state_or_dataflow_miscomposition,1,1,True,False,js/useless-assignment-to-local,
baseline,rccluster-83db80e9eb4e59f739ec,different-ai/note-companion,300,incomplete_change_coordination,1,1,True,False,js/unused-local-variable,
baseline,rccluster-da4df3e97d1b525dd540,different-ai/note-companion,300,incomplete_change_coordination,1,1,True,False,js/unused-local-variable,
baseline,rccluster-da78afefcadab22c385c,different-ai/note-companion,300,incomplete_change_coordination,1,1,True,False,js/unused-local-variable,
baseline,rccluster-bf7e2604ffdc4cb38ede,different-ai/note-companion,300,incomplete_change_coordination,2,2,True,False,js/unused-local-variable,
baseline,rccluster-69173eb92c42d03eb2c1,different-ai/note-companion,308,incomplete_change_coordination,1,1,True,False,js/unused-local-variable,
baseline,rccluster-ec9a8c49b9a4d3e55981,different-ai/note-companion,326,incomplete_change_coordination,1,1,True,False,js/unused-local-variable,
baseline,rccluster-203a5f5c37429f0b51f9,different-ai/note-companion,331,incomplete_change_coordination,1,1,True,False,js/unused-local-variable,
baseline,rccluster-007347f23d7a9a051e07,different-ai/note-companion,331,incomplete_change_coordination,1,1,True,False,js/unused-local-variable,
baseline,rccluster-4c6c051aba63bff1e939,different-ai/note-companion,331,incomplete_change_coordination,3,3,True,False,js/unused-local-variable,
baseline,rccluster-9a446941aef02782bad4,different-ai/note-companion,331,incomplete_change_coordination,2,2,True,False,js/unused-local-variable,
baseline,rccluster-d6475951d911c1fde62d,different-ai/note-companion,331,incomplete_change_coordination,2,2,True,False,js/unused-local-variable,
baseline,rccluster-38ac2d99682eb8131843,different-ai/note-companion,331,incomplete_change_coordination,2,2,True,False,js/unused-local-variable,
baseline,rccluster-e24a41fa1c6091d95589,different-ai/note-companion,331,incomplete_change_coordination,1,1,True,False,js/unused-local-variable,
baseline,rccluster-1113e0e7830be3b0d986,different-ai/note-companion,331,incomplete_change_coordination,1,1,True,False,js/unused-local-variable,
baseline,rccluster-038e9a74362ced7dbd55,different-ai/note-companion,331,incomplete_change_coordination,1,1,True,False,js/unused-local-variable,
baseline,rccluster-cccb8526c3c75039eaa7,different-ai/note-companion,331,incomplete_change_coordination,1,1,True,False,js/unused-local-variable,
baseline,rccluster-ff2fb4790173f70e538c,different-ai/note-companion,343,incomplete_change_coordination,4,4,True,False,js/unused-local-variable,
baseline,rccluster-c228fbb78d4866ddcd59,different-ai/note-companion,343,incomplete_change_coordination,1,1,True,False,js/unused-local-variable,
baseline,rccluster-14a0f4a85983f64e92b6,docling-project/docling,1928,dependency_error_or_resource_mismanagement,1,1,True,False,py/empty-except,
baseline,rccluster-f5e5f9717aef814c11a6,dust-tt/dust,10572,redundant_or_locally_inconsistent_construction,2,2,True,False,js/missing-space-in-concatenation,
baseline,rccluster-ee1b859966f5052ad27e,dust-tt/dust,10572,control_state_or_dataflow_miscomposition,5,5,True,False,js/trivial-conditional,
baseline,rccluster-88c5dbf31e336f1c3c3f,dust-tt/dust,10572,incomplete_change_coordination,1,1,True,False,js/unused-local-variable,
baseline,rccluster-5cf09cff87ef2f239901,dust-tt/dust,10572,incomplete_change_coordination,1,1,True,False,js/unused-local-variable,
baseline,rccluster-02defe1765c0eda6d0c5,dust-tt/dust,10572,control_state_or_dataflow_miscomposition,1,1,True,False,js/trivial-conditional,
baseline,rccluster-012d7ea222586df1203c,elie222/inbox-zero,494,incomplete_change_coordination,1,1,True,False,js/unused-local-variable,
baseline,rccluster-f48a2f00a63273497c35,elie222/inbox-zero,494,redundant_or_locally_inconsistent_construction,1,1,True,False,js/unused-local-variable,
baseline,rccluster-d40f9144787c493a62c4,elizaOS/eliza,2549,incomplete_change_coordination,1,1,True,False,js/unused-local-variable,
baseline,rccluster-7c909e7913af405be005,elizaOS/eliza,2549,incomplete_change_coordination,1,1,True,False,js/unused-local-variable,
baseline,rccluster-9565ac8e88f6cc360587,elizaOS/eliza,2549,incomplete_change_coordination,2,2,True,False,js/unused-local-variable,
baseline,rccluster-c0ccebf10555a6722576,elizaOS/eliza,4686,incomplete_change_coordination,1,1,True,False,js/unused-local-variable,
baseline,rccluster-c9d422a50b23217192ac,elizaOS/eliza,4686,incomplete_change_coordination,2,2,True,False,js/unused-local-variable,
baseline,rccluster-b0ea91bb6ad7ba6bf367,elizaOS/eliza,4935,incomplete_change_coordination,1,1,True,False,js/unused-local-variable,
baseline,rccluster-490c4e0dca174493f43e,elizaOS/eliza,5490,incomplete_change_coordination,1,1,True,False,js/unused-local-variable,
baseline,rccluster-45e2deebb00a6933fdf1,elizaOS/eliza,5565,incomplete_change_coordination,1,1,True,False,js/unused-local-variable,
baseline,rccluster-f7af9c87cb3b39d57d6a,elizaOS/eliza,5565,incomplete_change_coordination,1,1,True,False,js/unused-local-variable,
baseline,rccluster-49a5413af5611f38cf78,elizaOS/eliza,5565,incomplete_change_coordination,1,1,True,False,js/unused-local-variable,
baseline,rccluster-c64cb23b290a3efbf4ce,elizaOS/eliza,5565,incomplete_change_coordination,1,1,True,False,js/unused-local-variable,
baseline,rccluster-6f10b2a2beeaebdbe925,elizaOS/eliza,5565,incomplete_change_coordination,1,1,True,False,js/unused-local-variable,
baseline,rccluster-1ddfb088d1b69f358c05,elizaOS/eliza,5565,incomplete_change_coordination,1,1,True,False,js/unused-local-variable,
baseline,rccluster-ef74b2faf8fcf590e0fa,elizaOS/eliza,5565,incomplete_change_coordination,1,1,True,False,js/unused-local-variable,
baseline,rccluster-b58554e4e4d0b2504c69,featureform/enrichmcp,63,redundant_or_locally_inconsistent_construction,2,2,True,False,py/unused-local-variable,
baseline,rccluster-997be81cc0ee50dece55,formbricks/formbricks,5819,incomplete_change_coordination,2,2,True,False,js/unused-local-variable,
baseline,rccluster-fcce8429f0ae94d94bf5,formbricks/formbricks,5819,incomplete_change_coordination,2,2,True,False,js/unused-local-variable,
baseline,rccluster-13aca7f93fc27a24c916,getsentry/sentry,93304,dependency_error_or_resource_mismanagement,5,5,True,False,py/cyclic-import,
baseline,rccluster-d8c709ef6219514ce854,getsentry/sentry,93709,dependency_error_or_resource_mismanagement,1,1,True,False,py/cyclic-import,
baseline,rccluster-20824d112f87058a9a9c,getsentry/sentry,93709,control_state_or_dataflow_miscomposition,3,3,True,False,py/uninitialized-local-variable,
baseline,rccluster-44f42eff61a80121fbc4,getsentry/sentry,94888,control_state_or_dataflow_miscomposition,1,1,True,False,py/redundant-else,
baseline,rccluster-d49cd6ccdfcf6049349d,getsentry/sentry,95658,dependency_error_or_resource_mismanagement,1,1,True,False,py/cyclic-import,
baseline,rccluster-ec1c7358922de7df6034,getsentry/sentry,95801,dependency_error_or_resource_mismanagement,2,2,True,False,py/cyclic-import,
baseline,rccluster-baad56f744bbcae1dee2,github-copilot-resources/copilot-metrics-viewer,226,incomplete_change_coordination,1,1,True,False,js/unused-local-variable,
baseline,rccluster-36837d2e4cc90b4c6f6e,goat-sdk/goat,174,incomplete_change_coordination,1,1,True,False,js/unused-local-variable,
baseline,rccluster-3c09053980cff773e433,goat-sdk/goat,178,incomplete_change_coordination,1,1,True,False,js/unused-local-variable,
baseline,rccluster-3db8c83bc83367996804,hasanharman/form-builder,79,incomplete_change_coordination,1,1,True,False,js/unused-local-variable,
baseline,rccluster-1dadd39f036498896b1f,hasanharman/form-builder,80,incomplete_change_coordination,1,1,True,False,js/unused-local-variable,
baseline,rccluster-a926dfc879fcbb7bfb96,haydenbleasel/kibo,165,incomplete_change_coordination,1,1,True,False,js/unused-local-variable,
baseline,rccluster-20260f7375d2aa45bf44,haydenbleasel/kibo,168,incomplete_change_coordination,1,1,True,False,js/unused-local-variable,
baseline,rccluster-045ddb18207b0726c420,ibelick/zola,185,control_state_or_dataflow_miscomposition,1,1,True,False,js/trivial-conditional,
baseline,rccluster-ca4d9a55e585d4ab5807,ikamensh/flynt,231,control_state_or_dataflow_miscomposition,1,1,True,False,py/unused-local-variable,
baseline,rccluster-b00a4caceeaa9fc8f72f,imbhargav5/rooks,1798,redundant_or_locally_inconsistent_construction,2,2,True,False,js/unused-local-variable,
baseline,rccluster-77516ee5311c5233e79e,imbhargav5/rooks,1801,incomplete_change_coordination,1,1,True,False,js/unused-local-variable,
baseline,rccluster-1b7087f1f72c2b1a07b0,imbhargav5/rooks,1833,control_state_or_dataflow_miscomposition,2,2,True,False,js/react/unused-or-undefined-state-property,
baseline,rccluster-56db9768a72cc2d9617e,imbhargav5/rooks,1840,incomplete_change_coordination,1,1,True,False,js/unused-local-variable,
baseline,rccluster-214085a046cf13580237,iterative/datachain,1215,redundant_or_locally_inconsistent_construction,1,1,True,False,py/import-and-import-from,
baseline,rccluster-5cdcd2d18989e1172b27,jina-ai/node-DeepResearch,2,redundant_or_locally_inconsistent_construction,1,1,True,False,js/automatic-semicolon-insertion,
baseline,rccluster-f132bb9e566178a30f82,jina-ai/node-DeepResearch,4,incomplete_change_coordination,1,1,True,False,js/unused-local-variable,
baseline,rccluster-938aea39b9e3e5b8fb31,jlowin/fastmcp,870,dependency_error_or_resource_mismanagement,4,4,True,False,py/unsafe-cyclic-import,
baseline,rccluster-75099625fb3b09427a7b,jlowin/fastmcp,870,dependency_error_or_resource_mismanagement,1,1,True,False,py/unsafe-cyclic-import,
baseline,rccluster-c43c1ff9bef0c7ba17d7,jnsahaj/tweakcn,98,incomplete_change_coordination,4,4,True,False,js/unused-local-variable,
baseline,rccluster-16a157f891366354cb57,jnsahaj/tweakcn,98,incomplete_change_coordination,1,1,True,False,js/unused-local-variable,
baseline,rccluster-a9604cf7d8400df0792f,jxxghp/MoviePilot,4566,incomplete_change_coordination,4,4,True,False,py/unused-import,
baseline,rccluster-d970f6936b9e388d56e1,jxxghp/MoviePilot,4566,incomplete_change_coordination,1,1,True,False,py/unused-import,
baseline,rccluster-d2e7d48c08bffbd2490e,jxxghp/MoviePilot,4577,dependency_error_or_resource_mismanagement,10,10,True,False,py/catch-base-exception|py/empty-except,
baseline,rccluster-278ba241b2072515cf81,jxxghp/MoviePilot,4577,incomplete_change_coordination,2,2,True,False,py/unused-import,
baseline,rccluster-d4bcf049622d96ebcd07,keephq/keep,5015,incomplete_change_coordination,3,3,True,False,py/unused-import,
baseline,rccluster-48c5f9b21a8db14b02fc,keephq/keep,5074,interface_or_contract_mismatch,2,2,True,False,py/inheritance/signature-mismatch,
baseline,rccluster-24bea543669103685544,keephq/keep,5101,redundant_or_locally_inconsistent_construction,4,4,True,False,py/unused-local-variable,
baseline,rccluster-c89cc348e3281d63ca7e,kortix-ai/suna,1013,incomplete_change_coordination,3,3,True,False,js/unused-local-variable,
baseline,rccluster-6d6cce2ed0015233ddca,langbot-app/LangBot,1418,incomplete_change_coordination,1,1,True,False,py/commented-out-code,
baseline,rccluster-d6a17903fe0c1f7c6d9d,langbot-app/LangBot,1418,control_state_or_dataflow_miscomposition,1,1,True,False,py/unreachable-statement,
baseline,rccluster-69b3cd42ea5991b799d4,langbot-app/LangBot,1418,interface_or_contract_mismatch,2,2,True,False,py/missing-call-to-init,
baseline,rccluster-a6f638585dd8c4a54086,langflow-ai/langflow,8870,redundant_or_locally_inconsistent_construction,2,2,True,False,py/unused-local-variable,
baseline,rccluster-bc681f9e4d97b6336757,langflow-ai/langflow,8870,interface_or_contract_mismatch,4,4,True,False,py/call/wrong-named-argument,
baseline,rccluster-585be48d82d9b6bcb459,liam-hq/liam,1163,incomplete_change_coordination,2,2,True,False,js/unused-local-variable,
baseline,rccluster-7756669f0d3daf852d8c,liam-hq/liam,1296,incomplete_change_coordination,1,1,True,False,js/unused-local-variable,
baseline,rccluster-72ae4f68376fc48fdb2f,liam-hq/liam,1296,incomplete_change_coordination,2,2,True,False,js/unused-local-variable,
baseline,rccluster-48eb74648b373c7b599d,liam-hq/liam,1296,incomplete_change_coordination,1,1,True,False,js/unused-local-variable,
baseline,rccluster-f6fc658f86c819f96f31,liam-hq/liam,1880,control_state_or_dataflow_miscomposition,1,1,True,False,js/trivial-conditional,
baseline,rccluster-067c1bd60ad31418383b,liam-hq/liam,2099,incomplete_change_coordination,1,1,True,False,js/unused-local-variable,
baseline,rccluster-ce06651f1a0df4480509,lingodotdev/lingo.dev,700,incomplete_change_coordination,1,1,True,False,js/unused-local-variable,
baseline,rccluster-fec928d151199ae6fad2,lingodotdev/lingo.dev,708,incomplete_change_coordination,2,2,True,False,js/unused-local-variable,
baseline,rccluster-21a15bfcf1c36b5d2934,lingodotdev/lingo.dev,708,incomplete_change_coordination,2,2,True,False,js/unused-local-variable,
baseline,rccluster-2ac5418a01e7ca4792fa,lingodotdev/lingo.dev,739,incomplete_change_coordination,1,1,True,False,js/unused-local-variable,
baseline,rccluster-f191fc0299a83416166c,linux-do/cdk,58,control_state_or_dataflow_miscomposition,1,1,True,False,js/useless-assignment-to-local,
baseline,rccluster-3bffb6939f0f6299299b,lostintangent/gistpad,389,incomplete_change_coordination,1,1,True,False,js/unused-local-variable,
baseline,rccluster-5cc96c94b344119a6527,maybe-finance/maybe,2389,control_state_or_dataflow_miscomposition,2,2,True,False,rb/uninitialized-local-variable,
baseline,rccluster-2e0de36a944dd4be5d0d,maybe-finance/maybe,2389,control_state_or_dataflow_miscomposition,1,1,True,False,rb/useless-assignment-to-local,
baseline,rccluster-f792c5691a26c343dfc3,maybe-finance/maybe,2389,redundant_or_locally_inconsistent_construction,5,5,True,False,rb/useless-assignment-to-local,
baseline,rccluster-e009e4f8ce119200a158,mendableai/firecrawl,1413,incomplete_change_coordination,1,1,True,False,js/unused-local-variable,
baseline,rccluster-bd787723ca271c6358de,mendableai/firecrawl,1557,redundant_or_locally_inconsistent_construction,1,1,True,False,js/automatic-semicolon-insertion,
baseline,rccluster-5b2b2c997b9322f20ac8,mendableai/firecrawl,1557,incomplete_change_coordination,1,1,True,False,js/unused-local-variable,
baseline,rccluster-e9b212549907727cfdc2,mendableai/firecrawl,1676,control_state_or_dataflow_miscomposition,1,1,True,False,js/unreachable-statement,
baseline,rccluster-3fa4737fa3e5cf6ea447,mendableai/firecrawl,1714,redundant_or_locally_inconsistent_construction,1,1,True,False,js/unused-local-variable,
baseline,rccluster-2a128fd923667744f4f7,mendableai/firecrawl,1714,control_state_or_dataflow_miscomposition,1,1,True,False,js/useless-assignment-to-local,
baseline,rccluster-9db5fb2e5fdcb62e310d,mendableai/firecrawl,1735,incomplete_change_coordination,1,1,True,False,js/unused-local-variable,
baseline,rccluster-21fb698b8728966835e9,mendableai/firecrawl,1851,redundant_or_locally_inconsistent_construction,4,4,True,False,js/automatic-semicolon-insertion,
baseline,rccluster-b2f7e6911188fc456ff4,mendableai/firecrawl,1851,control_state_or_dataflow_miscomposition,1,1,True,False,js/useless-assignment-to-local,
baseline,rccluster-9362d24346a996593d23,mendableai/firecrawl,1877,incomplete_change_coordination,2,2,True,False,js/unused-local-variable,
baseline,rccluster-ed2f7b8f83961ec7d42a,mendableai/firecrawl,1893,redundant_or_locally_inconsistent_construction,4,4,True,False,js/unused-local-variable,
baseline,rccluster-afb149b4284b457ce8e5,mfts/papermark,1762,incomplete_change_coordination,1,1,True,False,js/unused-local-variable,
baseline,rccluster-20a9a39b38acfffb01ca,mfts/papermark,1762,incomplete_change_coordination,1,1,True,False,js/unused-local-variable,
baseline,rccluster-3a2cbcf9125ba2eacc2e,microsoft/ApplicationInsights-JS,2583,incomplete_change_coordination,4,4,True,False,js/unused-local-variable,
baseline,rccluster-83c286e839edda51fa8f,microsoft/ApplicationInsights-JS,2595,redundant_or_locally_inconsistent_construction,1,1,True,False,js/automatic-semicolon-insertion,
baseline,rccluster-a5f10db44c664f4edbcc,microsoft/ApplicationInsights-JS,2595,incomplete_change_coordination,2,2,True,False,js/unused-local-variable,
baseline,rccluster-c7c8cabdf8f34382d047,microsoft/RD-Agent,975,incomplete_change_coordination,3,3,True,False,py/commented-out-code,
baseline,rccluster-b443e1166edb5f4f11d2,microsoft/RD-Agent,975,incomplete_change_coordination,1,1,True,False,py/unused-local-variable,
baseline,rccluster-302a1b104d201c23718c,microsoft/RD-Agent,975,interface_or_contract_mismatch,6,6,True,False,py/inheritance/signature-mismatch|py/unused-local-variable,
baseline,rccluster-3c15f2f67459bdd719ea,microsoft/azure-devops-mcp,248,incomplete_change_coordination,1,1,True,False,js/unused-local-variable,
baseline,rccluster-7bd9b9a8b2e592f849af,microsoft/genaiscript,1773,redundant_or_locally_inconsistent_construction,1,1,True,False,js/unused-local-variable,
baseline,rccluster-63a9fc81d97acb06b9f4,microsoft/typespec,7426,redundant_or_locally_inconsistent_construction,2,2,True,False,java/useless-tostring-call,
baseline,rccluster-84b8ccd42469eacd4aa0,microsoft/typespec,7426,interface_or_contract_mismatch,66,66,True,False,java/deprecated-call,
baseline,rccluster-36092e30cadb12be2c59,microsoft/typespec,7426,redundant_or_locally_inconsistent_construction,1,1,True,False,java/useless-tostring-call,
baseline,rccluster-6a0d5f3e3b897c3b4705,microsoft/typespec,7426,interface_or_contract_mismatch,1,1,True,False,java/missing-override-annotation,
baseline,rccluster-88a8ed1a08a2d1b3c5e7,microsoft/typespec,7426,dependency_error_or_resource_mismanagement,1,1,True,False,java/ignored-error-status-of-call,
baseline,rccluster-ee9998ef3321c1d52737,microsoft/typespec,7426,dependency_error_or_resource_mismanagement,1,1,True,False,java/ignored-error-status-of-call,
baseline,rccluster-a05a80d059a026eef47c,microsoft/typespec,7426,incomplete_change_coordination,2,2,True,False,java/unused-parameter,
baseline,rccluster-42aafc291aa7f1c6c5db,microsoft/vscode,250646,control_state_or_dataflow_miscomposition,1,1,True,False,js/trivial-conditional,
baseline,rccluster-667df2d0754b6720dfaf,microsoft/vscode,250672,incomplete_change_coordination,1,1,True,False,js/unused-local-variable,
baseline,rccluster-bfec5bab7a7907801292,microsoft/vscode,250672,incomplete_change_coordination,1,1,True,False,js/unused-local-variable,
baseline,rccluster-b544eaddde307a22307f,microsoft/vscode,250672,incomplete_change_coordination,1,1,True,False,js/unused-local-variable,
baseline,rccluster-b26f8523be2cd24820f7,miurla/morphic,531,incomplete_change_coordination,2,2,True,False,js/unused-local-variable,
baseline,rccluster-5ba00b00b78f5de41820,module-federation/core,3883,redundant_or_locally_inconsistent_construction,2,2,True,False,js/unused-local-variable,
baseline,rccluster-eba5f51473f7f9bf23f4,module-federation/core,3883,incomplete_change_coordination,1,1,True,False,js/unused-local-variable,
baseline,rccluster-6f799bb7a9eea4461808,module-federation/core,3916,incomplete_change_coordination,1,1,True,False,js/unused-local-variable,
baseline,rccluster-1f8a2cedf5d51104b2a5,mrwadams/stride-gpt,72,control_state_or_dataflow_miscomposition,3,3,True,False,py/multiple-definition,
baseline,rccluster-b1ff45adc276306ac672,novuhq/novu,8305,redundant_or_locally_inconsistent_construction,1,1,True,False,js/unused-local-variable,
baseline,rccluster-4a22d9384427a1a2dd2e,novuhq/novu,8313,incomplete_change_coordination,1,1,True,False,js/unused-local-variable,
baseline,rccluster-404a016a157b85aa076c,novuhq/novu,8335,incomplete_change_coordination,3,3,True,False,js/unused-local-variable,
baseline,rccluster-c1224beac1904723d801,novuhq/novu,8339,incomplete_change_coordination,1,1,True,False,js/unused-local-variable,
baseline,rccluster-a5edc0de4fed4714af63,novuhq/novu,8363,incomplete_change_coordination,1,1,True,False,js/unused-local-variable,
baseline,rccluster-0b402d2fa08ea7dda794,novuhq/novu,8396,incomplete_change_coordination,1,1,True,False,js/unused-local-variable,
baseline,rccluster-c3265a45a310cdc3f8a2,novuhq/novu,8562,incomplete_change_coordination,1,1,True,False,js/unused-local-variable,
baseline,rccluster-75976710862f489c2fb0,novuhq/novu,8563,incomplete_change_coordination,1,1,True,False,js/unused-local-variable,
baseline,rccluster-275ce25e19d8111d4950,novuhq/novu,8584,incomplete_change_coordination,2,2,True,False,js/unused-local-variable,
baseline,rccluster-d062be8839c01c094eef,nrwl/nx,31621,incomplete_change_coordination,1,1,True,False,js/unused-local-variable,
baseline,rccluster-40f5e92c8914809588c9,nrwl/nx,31621,incomplete_change_coordination,1,1,True,False,js/unused-local-variable,
baseline,rccluster-5c4189cc1e8afdf3182f,nrwl/nx,31621,control_state_or_dataflow_miscomposition,1,1,True,False,js/useless-assignment-to-local,
baseline,rccluster-5d8562fe72743c82de0f,nrwl/nx,31621,incomplete_change_coordination,1,1,True,False,js/unused-local-variable,
baseline,rccluster-e28faf82ca011d69a5b7,nrwl/nx,31621,incomplete_change_coordination,1,1,True,False,js/unused-local-variable,
baseline,rccluster-624e22f2eadb1fb6897a,nrwl/nx,31621,incomplete_change_coordination,1,1,True,False,js/unused-local-variable,
baseline,rccluster-486e9855ad6d6c43af3a,nrwl/nx,31621,incomplete_change_coordination,1,1,True,False,js/unused-local-variable,
baseline,rccluster-00d6228c9571aeecfd48,nrwl/nx,31621,incomplete_change_coordination,1,1,True,False,js/unused-local-variable,
baseline,rccluster-10f751f4b3b869670ecc,nrwl/nx,31621,incomplete_change_coordination,4,4,True,False,js/unused-local-variable,
baseline,rccluster-88a5308b0e4293a04143,nrwl/nx,31621,incomplete_change_coordination,3,3,True,False,js/unused-local-variable,
baseline,rccluster-b6f35ec20a4cbd4af3db,onetimesecret/onetimesecret,1538,control_state_or_dataflow_miscomposition,1,1,True,False,rb/useless-assignment-to-local,
baseline,rccluster-52417a63132a640fafd4,onetimesecret/onetimesecret,1538,redundant_or_locally_inconsistent_construction,1,1,True,False,rb/useless-assignment-to-local,
baseline,rccluster-e44bfdf45468060bba8c,onetimesecret/onetimesecret,1538,incomplete_change_coordination,1,1,True,False,rb/useless-assignment-to-local,
baseline,rccluster-52399660dcfbb959490a,onetimesecret/onetimesecret,1538,redundant_or_locally_inconsistent_construction,1,1,True,False,rb/useless-assignment-to-local,
baseline,rccluster-527a7ebdeaf8ecfc6949,onetimesecret/onetimesecret,1538,redundant_or_locally_inconsistent_construction,2,2,True,False,rb/useless-assignment-to-local,
baseline,rccluster-532804fe0f18c6d63c77,onetimesecret/onetimesecret,1577,redundant_or_locally_inconsistent_construction,1,1,True,False,rb/useless-assignment-to-local,
baseline,rccluster-6016d8b59fe95a741e7a,onlook-dev/onlook,1305,incomplete_change_coordination,1,1,True,False,js/unused-local-variable,
baseline,rccluster-6b2ba04a3914dec2dc9a,onlook-dev/onlook,1386,incomplete_change_coordination,2,2,True,False,js/unused-local-variable,
baseline,rccluster-43b08ad79066349e9691,onlook-dev/onlook,1386,incomplete_change_coordination,2,2,True,False,js/unused-local-variable,
baseline,rccluster-903280c778469f2fe5c6,onlook-dev/onlook,1411,incomplete_change_coordination,1,1,True,False,js/unused-local-variable,
baseline,rccluster-d8c61bbc84845d19f448,onlook-dev/onlook,2088,incomplete_change_coordination,2,2,True,False,js/unused-local-variable,
baseline,rccluster-405b90bf7d928b38532c,onlook-dev/onlook,2088,incomplete_change_coordination,7,7,True,False,js/unused-local-variable,
baseline,rccluster-945052fd4813f06c1fdd,onlook-dev/onlook,2093,incomplete_change_coordination,1,1,True,False,js/unused-local-variable,
baseline,rccluster-b063871680ebd68aef14,onlook-dev/onlook,2169,incomplete_change_coordination,1,1,True,False,js/unused-local-variable,
baseline,rccluster-5dadc583cef1f7ca0b2a,openai/openai-agents-python,729,dependency_error_or_resource_mismanagement,7,7,True,False,py/cyclic-import|py/unsafe-cyclic-import,
baseline,rccluster-7353d584e92240e17b42,openai/openai-agents-python,886,redundant_or_locally_inconsistent_construction,1,1,True,False,py/unnecessary-pass,
baseline,rccluster-f504dbcb0461eb638a80,oraios/serena,286,incomplete_change_coordination,12,12,True,False,py/unused-import|py/unused-local-variable,
baseline,rccluster-f1e7d6862a094a041bce,patched-codes/patchwork,1192,incomplete_change_coordination,1,1,True,False,py/unused-import,
baseline,rccluster-29785c65ab76c6dd715b,patched-codes/patchwork,1192,incomplete_change_coordination,1,1,True,False,py/unused-import,
baseline,rccluster-21e5a191b7593cc63fe6,pdfme/pdfme,1059,control_state_or_dataflow_miscomposition,2,2,True,False,js/useless-assignment-to-local,
baseline,rccluster-11c82171a693b6530e46,pdfme/pdfme,1059,control_state_or_dataflow_miscomposition,3,3,True,False,js/redundant-operation,
baseline,rccluster-21e83f471fc50e560947,pdfme/pdfme,1059,redundant_or_locally_inconsistent_construction,3,3,True,False,js/automatic-semicolon-insertion,
baseline,rccluster-d125b087b52863875386,pdfme/pdfme,1059,control_state_or_dataflow_miscomposition,1,1,True,False,js/trivial-conditional,
baseline,rccluster-bf17614d08e1a2476e2d,pdfme/pdfme,1059,redundant_or_locally_inconsistent_construction,1,1,True,False,js/redundant-assignment,
baseline,rccluster-17ef02abdfd899568fe6,pdfme/pdfme,761,incomplete_change_coordination,1,1,True,False,js/unused-local-variable,
baseline,rccluster-70e07a2887d066741d6c,pdfme/pdfme,764,incomplete_change_coordination,1,1,True,False,js/unused-local-variable,
baseline,rccluster-d495572fbade8e168636,pdfme/pdfme,765,incomplete_change_coordination,1,1,True,False,js/unused-local-variable,
baseline,rccluster-6ff64f46468e214facde,pdfme/pdfme,766,incomplete_change_coordination,1,1,True,False,js/unused-local-variable,
baseline,rccluster-b66b750d29091ae875aa,pdfme/pdfme,802,redundant_or_locally_inconsistent_construction,1,1,True,False,js/unused-local-variable,
baseline,rccluster-8aaa6973fdbc52ec1876,pdfme/pdfme,810,incomplete_change_coordination,1,1,True,False,js/unused-local-variable,
baseline,rccluster-00b864e2449f3549de5e,prebid/Prebid.js,13160,control_state_or_dataflow_miscomposition,3,3,True,False,js/trivial-conditional,
baseline,rccluster-1fa44ce1f60290f596ba,prebid/Prebid.js,13167,redundant_or_locally_inconsistent_construction,1,1,True,False,js/automatic-semicolon-insertion,
baseline,rccluster-c5135556daa74b1478fa,prebid/Prebid.js,13243,incomplete_change_coordination,1,1,True,False,js/unused-local-variable,
baseline,rccluster-5e27f4f80ab918639bc9,prebid/Prebid.js,13320,redundant_or_locally_inconsistent_construction,2,2,True,False,js/automatic-semicolon-insertion,
baseline,rccluster-0af77366dc502d20a4e4,prebid/Prebid.js,13322,redundant_or_locally_inconsistent_construction,2,2,True,False,js/automatic-semicolon-insertion,
baseline,rccluster-095f908cfb4741154a2d,promptfoo/promptfoo,2709,control_state_or_dataflow_miscomposition,1,1,True,False,js/useless-assignment-to-local,
baseline,rccluster-58d79fda769fc9c49d38,reflex-dev/reflex,5555,dependency_error_or_resource_mismanagement,1,1,True,False,py/empty-except,
baseline,rccluster-965c54910bc615bd0237,robinkarlberg/transfer.zip-web,35,incomplete_change_coordination,1,1,True,False,js/unused-local-variable,
baseline,rccluster-006ef37f856c6a467e36,robinkarlberg/transfer.zip-web,36,redundant_or_locally_inconsistent_construction,1,1,True,False,js/automatic-semicolon-insertion,
baseline,rccluster-9738151c959887835c34,robinkarlberg/transfer.zip-web,39,incomplete_change_coordination,3,3,True,False,js/unused-local-variable,
baseline,rccluster-778e45b31d2d6eec0447,robinkarlberg/transfer.zip-web,39,incomplete_change_coordination,3,3,True,False,js/unused-local-variable,
baseline,rccluster-5c3335fca4a7aaf31ec6,rsyslog/rsyslog,5665,interface_or_contract_mismatch,4,4,True,False,cpp/implicit-function-declaration,
baseline,rccluster-019002e87e122109fb97,rsyslog/rsyslog,5754,interface_or_contract_mismatch,1,1,True,False,cpp/implicit-function-declaration,
baseline,rccluster-2acc3bcae48d15d3acf1,rsyslog/rsyslog,5754,interface_or_contract_mismatch,1,1,True,False,cpp/implicit-function-declaration,
baseline,rccluster-4b224d821017ce974aa9,ruvnet/claude-flow,519,interface_or_contract_mismatch,2,2,True,False,js/call-to-non-callable|js/unused-local-variable,
baseline,rccluster-db09b0d21ddcc80632e4,ruvnet/claude-flow,519,redundant_or_locally_inconsistent_construction,1,1,True,False,js/unused-local-variable,
baseline,rccluster-faa74acf34f8be6123d6,ryokun6/ryos,131,incomplete_change_coordination,2,2,True,False,js/unused-local-variable|js/unused-loop-variable,
baseline,rccluster-df7d370cf132e3979a90,ryokun6/ryos,195,incomplete_change_coordination,1,1,True,False,js/unused-local-variable,
baseline,rccluster-ce60046af478a081dc45,ryokun6/ryos,66,incomplete_change_coordination,4,4,True,False,js/unused-local-variable,
baseline,rccluster-a0a66d838906c627a519,ryokun6/ryos,95,incomplete_change_coordination,1,1,True,False,js/unused-local-variable,
baseline,rccluster-7f28a94a10a89085f6cb,sam-goodwin/alchemy,251,redundant_or_locally_inconsistent_construction,1,1,True,False,js/useless-expression,
baseline,rccluster-33ebb4e4319a6f1ee5a5,sam-goodwin/alchemy,251,control_state_or_dataflow_miscomposition,5,5,True,False,js/trivial-conditional,
baseline,rccluster-ad2e1ea33472eeb33194,sdorra/content-collections,612,incomplete_change_coordination,1,1,True,False,js/unused-local-variable,
baseline,rccluster-053a63f808b61bb5bd43,spcl/dace,2019,redundant_or_locally_inconsistent_construction,2,2,True,False,py/import-and-import-from|py/unused-import,
baseline,rccluster-74d2a4f678e3ab8cb077,spcl/dace,2019,incomplete_change_coordination,1,1,True,False,py/unused-import,
baseline,rccluster-3880200f61c329c6e615,spcl/dace,2077,incomplete_change_coordination,1,1,True,False,py/unused-import,
baseline,rccluster-abc4e00c08eb413891c6,stack-auth/stack-auth,465,incomplete_change_coordination,1,1,True,False,js/unused-local-variable,
baseline,rccluster-846ab9638b6972181a9c,stack-auth/stack-auth,506,incomplete_change_coordination,1,1,True,False,js/unused-local-variable,
baseline,rccluster-ad22cdd9baa5004c0b70,stanford-crfm/levanter,1015,redundant_or_locally_inconsistent_construction,3,3,True,False,py/multiple-definition,
baseline,rccluster-72eba0547da4775dad70,stanford-crfm/levanter,1018,redundant_or_locally_inconsistent_construction,1,1,True,False,py/multiple-definition,
baseline,rccluster-5d9aef1cc7c9513932af,stanford-crfm/levanter,1023,incomplete_change_coordination,2,2,True,False,py/unused-local-variable,
baseline,rccluster-151b91f79b4064616cc4,stanford-crfm/levanter,1098,redundant_or_locally_inconsistent_construction,2,2,True,False,py/unused-local-variable,
baseline,rccluster-2d7f558feb806419a72d,streamich/memfs,1124,incomplete_change_coordination,1,1,True,False,js/unused-local-variable,
baseline,rccluster-bc9271c70d68ed92d91a,tegnike/aituber-kit,331,incomplete_change_coordination,2,2,True,False,js/unused-local-variable,
baseline,rccluster-98db94046d5eee9a6c14,tegnike/aituber-kit,332,incomplete_change_coordination,1,1,True,False,js/unused-local-variable,
baseline,rccluster-1028aadfa933095ca905,thirdweb-dev/js,7532,control_state_or_dataflow_miscomposition,1,1,True,False,js/useless-assignment-to-local,
baseline,rccluster-3f75becf85da3d7851aa,trycompai/comp,98,incomplete_change_coordination,1,1,True,False,js/unused-local-variable,
baseline,rccluster-d8d7f428b3f8a79e19cd,ucbepic/docetl,377,incomplete_change_coordination,1,1,True,False,py/unused-import,
baseline,rccluster-20a914f6644a19001103,ucbepic/docetl,378,incomplete_change_coordination,1,1,True,False,py/unused-import,
baseline,rccluster-6f99608447c03fd3c812,unclecode/crawl4ai,1152,control_state_or_dataflow_miscomposition,2,2,True,False,py/exit-from-finally|py/mixed-returns,
baseline,rccluster-af52b9b70a23e091bd4c,unclecode/crawl4ai,1152,incomplete_change_coordination,1,1,True,False,py/unused-local-variable,
baseline,rccluster-c4172751de38c202fd0a,unsend-dev/unsend,164,incomplete_change_coordination,14,14,True,False,js/unused-local-variable,
baseline,rccluster-0722ff85ef7f3d2b7624,unsend-dev/unsend,164,incomplete_change_coordination,1,1,True,False,js/unused-local-variable,
baseline,rccluster-e64fcd3221c315ca3200,unsend-dev/unsend,164,incomplete_change_coordination,1,1,True,False,js/unused-local-variable,
baseline,rccluster-0adf8ec5f3acd80780f8,useautumn/autumn,95,incomplete_change_coordination,1,1,True,False,js/unused-local-variable,
baseline,rccluster-f0a555838f128311f134,vgmtrans/vgmtrans,612,redundant_or_locally_inconsistent_construction,1,1,True,False,cpp/commented-out-code,
baseline,rccluster-d33d1e3da82bd2c6b2c7,vlm-run/vlmrun-hub,123,incomplete_change_coordination,1,1,True,False,py/unused-import,
baseline,rccluster-3df82d18ed76687b826c,vlm-run/vlmrun-hub,60,incomplete_change_coordination,2,2,True,False,py/unused-import,
baseline,rccluster-22fe86fce38159608ff3,willccbb/verifiers,124,incomplete_change_coordination,1,1,True,False,py/unused-local-variable,
baseline,rccluster-dd496ef0d1e7fac95de8,willccbb/verifiers,161,dependency_error_or_resource_mismanagement,2,2,True,False,py/catch-base-exception|py/empty-except,
baseline,rccluster-bbb181e33e7f33f41ca2,willccbb/verifiers,166,dependency_error_or_resource_mismanagement,3,3,True,False,py/empty-except,
baseline,rccluster-1a8c59efdc71651f6460,willccbb/verifiers,166,dependency_error_or_resource_mismanagement,2,2,True,False,py/empty-except,
baseline,rccluster-4baad9bcf04f1e2777b5,wizarrrr/wizarr,579,control_state_or_dataflow_miscomposition,2,2,True,False,py/return-or-yield-outside-function|py/unreachable-statement,
baseline,rccluster-6a8730fcadb6b223d6ef,yamadashy/repomix,574,incomplete_change_coordination,1,1,True,False,js/unused-local-variable,
baseline,rccluster-6ca1265a2f0da3e00667,yamadashy/repomix,590,incomplete_change_coordination,1,1,True,False,js/unused-local-variable,
baseline,rccluster-7e9babdd691b7cde07aa,yamadashy/repomix,590,incomplete_change_coordination,1,1,True,False,js/unused-local-variable,
baseline,rccluster-580b3638358875caeb97,yysun/apprun,148,incomplete_change_coordination,2,2,True,False,js/unused-local-variable,
baseline,rccluster-7e2b17f04e6a29a5480d,yysun/apprun,148,incomplete_change_coordination,1,1,True,False,js/unused-local-variable,
exclude_js_unused_local,rccluster-06bf514b4d93be7340e7,3rdIteration/btcrecover,599,incomplete_change_coordination,1,1,True,False,py/unused-import,
exclude_js_unused_local,rccluster-c94fc7a6f91664f23686,3rdIteration/btcrecover,611,redundant_or_locally_inconsistent_construction,1,1,True,False,py/unused-import,
exclude_js_unused_local,rccluster-8850d2f10c8b3234819d,567-labs/instructor,1555,redundant_or_locally_inconsistent_construction,2,2,True,False,py/unused-local-variable,
exclude_js_unused_local,rccluster-977a361246a00fea0744,567-labs/instructor,1677,redundant_or_locally_inconsistent_construction,2,2,True,False,py/unused-local-variable,
exclude_js_unused_local,rccluster-8a1ed0761c02df0bee14,AgentOps-AI/agentops,1179,redundant_or_locally_inconsistent_construction,1,1,True,False,py/repeated-import,
exclude_js_unused_local,rccluster-31bc5209442a09d37c4a,AgentOps-AI/agentops,650,incomplete_change_coordination,1,1,True,False,py/unused-import,
exclude_js_unused_local,rccluster-239281e9b0aa3ea46ada,AgentOps-AI/agentops,650,incomplete_change_coordination,1,1,True,False,py/unused-import,
exclude_js_unused_local,rccluster-63b15743299bdeea4ba8,AgentOps-AI/agentops,729,incomplete_change_coordination,1,1,True,False,py/unused-import,
exclude_js_unused_local,rccluster-88e03d4d518abf486ff5,AgentOps-AI/agentops,729,incomplete_change_coordination,1,1,True,False,py/unused-import,
exclude_js_unused_local,rccluster-b47917f7c5112f480ea2,AgentOps-AI/agentops,729,incomplete_change_coordination,2,2,True,False,py/unused-import,
exclude_js_unused_local,rccluster-6b2884568fcb892ef9f6,AgentOps-AI/agentops,729,incomplete_change_coordination,1,1,True,False,py/undefined-export,
exclude_js_unused_local,rccluster-30de7912ad7af9c3aad0,Azure/azure-sdk-for-python,41852,incomplete_change_coordination,1,1,True,False,py/unused-import,
exclude_js_unused_local,rccluster-b56b192b439bdbbc8474,BeehiveInnovations/zen-mcp-server,95,redundant_or_locally_inconsistent_construction,1,1,True,False,py/repeated-import,
exclude_js_unused_local,rccluster-3b2cc931c08c3a5fead8,BeehiveInnovations/zen-mcp-server,95,redundant_or_locally_inconsistent_construction,5,5,True,False,py/repeated-import,
exclude_js_unused_local,rccluster-3b2c1c1890498dab2bf7,BeehiveInnovations/zen-mcp-server,95,redundant_or_locally_inconsistent_construction,2,2,True,False,py/multiple-definition,
exclude_js_unused_local,rccluster-9160c283be83ae5d7233,BeehiveInnovations/zen-mcp-server,95,redundant_or_locally_inconsistent_construction,1,1,True,False,py/unused-local-variable,
exclude_js_unused_local,rccluster-56e2eecd350cb12f43e5,BeehiveInnovations/zen-mcp-server,95,interface_or_contract_mismatch,1,1,True,False,py/inheritance/signature-mismatch,
exclude_js_unused_local,rccluster-12ede7e31a3d5818d112,BerriAI/litellm,12551,redundant_or_locally_inconsistent_construction,3,3,True,False,py/import-and-import-from|py/unused-import,
exclude_js_unused_local,rccluster-b3b2354e73257be11c4a,BerriAI/litellm,12551,incomplete_change_coordination,1,1,True,False,py/unused-import,
exclude_js_unused_local,rccluster-4c07f93f0b1193770e4f,CapSoftware/Cap,561,incomplete_change_coordination,4,0,False,False,,js/unused-local-variable
exclude_js_unused_local,rccluster-c60263040b2ced58fc05,CapSoftware/Cap,567,incomplete_change_coordination,1,0,False,False,,js/unused-local-variable
exclude_js_unused_local,rccluster-ea3a9f206c4bb70e111c,CapSoftware/Cap,567,incomplete_change_coordination,2,0,False,False,,js/unused-local-variable
exclude_js_unused_local,rccluster-f6bf2ba1c3ba94450433,CapSoftware/Cap,567,incomplete_change_coordination,1,0,False,False,,js/unused-local-variable
exclude_js_unused_local,rccluster-02b50ca330f83031e263,CapSoftware/Cap,567,incomplete_change_coordination,2,0,False,False,,js/unused-local-variable
exclude_js_unused_local,rccluster-f5e8d6de3116a87a98ad,CapSoftware/Cap,567,redundant_or_locally_inconsistent_construction,1,0,False,False,,js/unused-local-variable
exclude_js_unused_local,rccluster-aa847c5567edd326f20a,CapSoftware/Cap,567,incomplete_change_coordination,1,0,False,False,,js/unused-local-variable
exclude_js_unused_local,rccluster-11bb7e5fdd5b60af249e,CapSoftware/Cap,567,incomplete_change_coordination,1,0,False,False,,js/unused-local-variable
exclude_js_unused_local,rccluster-b8ec17a3dbc98742e165,CapSoftware/Cap,567,incomplete_change_coordination,10,0,False,False,,js/unused-local-variable
exclude_js_unused_local,rccluster-76c9b4cf4fd09784f9ae,CapSoftware/Cap,567,incomplete_change_coordination,1,0,False,False,,js/unused-local-variable
exclude_js_unused_local,rccluster-c120041e5d2f74f7a42b,CapSoftware/Cap,567,incomplete_change_coordination,4,0,False,False,,js/unused-local-variable
exclude_js_unused_local,rccluster-ff9b18c692a79bb000e3,CapSoftware/Cap,567,incomplete_change_coordination,1,0,False,False,,js/unused-local-variable
exclude_js_unused_local,rccluster-966d315e4762fa71c63e,CapSoftware/Cap,567,incomplete_change_coordination,10,0,False,False,,js/unused-local-variable
exclude_js_unused_local,rccluster-6d9c82c185e7e8307366,CapSoftware/Cap,567,incomplete_change_coordination,1,0,False,False,,js/unused-local-variable
exclude_js_unused_local,rccluster-1ccd63c89f60c5e2df09,CapSoftware/Cap,571,incomplete_change_coordination,3,0,False,False,,js/unused-local-variable
exclude_js_unused_local,rccluster-3c06393fe7df6d3f4c40,CapSoftware/Cap,574,incomplete_change_coordination,1,0,False,False,,js/unused-local-variable
exclude_js_unused_local,rccluster-8e01d19092c7c04012b9,CapSoftware/Cap,574,redundant_or_locally_inconsistent_construction,1,0,False,False,,js/unused-local-variable
exclude_js_unused_local,rccluster-2611577cf49fad7c8c35,CapSoftware/Cap,574,incomplete_change_coordination,2,0,False,False,,js/unused-local-variable
exclude_js_unused_local,rccluster-523b237ea8aff79b10f4,CapSoftware/Cap,575,incomplete_change_coordination,1,0,False,False,,js/unused-local-variable
exclude_js_unused_local,rccluster-d9d3d9813d1879aee04c,CapSoftware/Cap,605,incomplete_change_coordination,1,0,False,False,,js/unused-local-variable
exclude_js_unused_local,rccluster-1716ea36f68b6d2a0b97,Codehagen/Badget,294,incomplete_change_coordination,1,0,False,False,,js/unused-local-variable
exclude_js_unused_local,rccluster-05469ccac37ed10f86cf,Codehagen/Badget,294,incomplete_change_coordination,1,0,False,False,,js/unused-local-variable
exclude_js_unused_local,rccluster-f3652a94abf8456801db,Codehagen/Badget,295,incomplete_change_coordination,1,0,False,False,,js/unused-local-variable
exclude_js_unused_local,rccluster-ac4e6b376954fa44f6fb,Codehagen/Badget,295,incomplete_change_coordination,1,0,False,False,,js/unused-local-variable
exclude_js_unused_local,rccluster-d6f2bf95d17bb56404a5,Codehagen/Badget,295,incomplete_change_coordination,1,0,False,False,,js/unused-local-variable
exclude_js_unused_local,rccluster-d21954531743c7a2c594,DeepLabCut/DeepLabCut,3045,control_state_or_dataflow_miscomposition,1,1,True,False,py/unreachable-statement,
exclude_js_unused_local,rccluster-2ba1d1b35e6bd1e27725,Deepractice/PromptX,130,incomplete_change_coordination,4,0,False,False,,js/unused-local-variable
exclude_js_unused_local,rccluster-2ed71b80e26adc1db5ff,Helicone/helicone,3882,incomplete_change_coordination,1,0,False,False,,js/unused-local-variable
exclude_js_unused_local,rccluster-cb5150b92331ab4fa4fb,HumanSignal/label-studio-ml-backend,782,dependency_error_or_resource_mismanagement,1,1,True,False,py/file-not-closed,
exclude_js_unused_local,rccluster-27df4ef0d8c158d70f21,HumanSignal/label-studio-ml-backend,782,redundant_or_locally_inconsistent_construction,1,1,True,False,py/unnecessary-pass,
exclude_js_unused_local,rccluster-8235069c05ba7872d28e,HumanSignal/label-studio-ml-backend,782,incomplete_change_coordination,2,2,True,False,py/unused-import,
exclude_js_unused_local,rccluster-bde5a73d37d8a1e0d137,HumanSignal/label-studio-ml-backend,782,incomplete_change_coordination,1,1,True,False,py/unused-import,
exclude_js_unused_local,rccluster-c1288353e0c1ec22a9d5,Kanaries/pygwalker,700,incomplete_change_coordination,2,2,True,False,py/unused-import,
exclude_js_unused_local,rccluster-8218a1c5325a158adf64,Kiln-AI/Kiln,358,incomplete_change_coordination,1,1,True,False,py/unused-import,
exclude_js_unused_local,rccluster-3be08b86f241796b2944,Kiln-AI/Kiln,361,interface_or_contract_mismatch,5,5,True,False,py/call/wrong-named-argument,
exclude_js_unused_local,rccluster-dd553ff8882baa2ef7b0,Kiln-AI/Kiln,361,redundant_or_locally_inconsistent_construction,1,1,True,False,py/unused-local-variable,
exclude_js_unused_local,rccluster-945231e94842a474a2df,Kiln-AI/Kiln,361,redundant_or_locally_inconsistent_construction,4,4,True,False,py/test-equals-none,
exclude_js_unused_local,rccluster-7d206bb9a6bdd7523710,Kiln-AI/Kiln,361,incomplete_change_coordination,1,1,True,False,py/unused-import,
exclude_js_unused_local,rccluster-e4e9949175b7cf6bd6eb,Kiln-AI/Kiln,365,incomplete_change_coordination,2,2,True,False,py/unused-import,
exclude_js_unused_local,rccluster-02cacaf895704a09dd3d,LeagueAkari/LeagueAkari,254,incomplete_change_coordination,1,0,False,False,,js/unused-local-variable
exclude_js_unused_local,rccluster-8f038481832416047eb4,MervinPraison/PraisonAI,1021,incomplete_change_coordination,1,1,True,False,py/unused-import,
exclude_js_unused_local,rccluster-b966e1309497548975b7,MervinPraison/PraisonAI,1021,redundant_or_locally_inconsistent_construction,2,2,True,False,py/unused-local-variable,
exclude_js_unused_local,rccluster-c5ba690385777d2d0d6c,Netflix/metaflow,2467,control_state_or_dataflow_miscomposition,1,1,True,False,py/uninitialized-local-variable,
exclude_js_unused_local,rccluster-2b57e76331c7cee992d8,Netflix/metaflow,2467,incomplete_change_coordination,2,2,True,False,py/commented-out-code,
exclude_js_unused_local,rccluster-c1fee75d53547900db79,Netflix/metaflow,2467,control_state_or_dataflow_miscomposition,2,2,True,False,py/mixed-returns,
exclude_js_unused_local,rccluster-b8359a3456a64683ee2c,NewFuture/DDNS,495,redundant_or_locally_inconsistent_construction,1,1,True,False,py/imprecise-assert,
exclude_js_unused_local,rccluster-cea56236d0e521e87914,NewFuture/DDNS,498,redundant_or_locally_inconsistent_construction,2,2,True,False,py/imprecise-assert,
exclude_js_unused_local,rccluster-d64f567764c8e40daa6c,OHIF/Viewers,4998,incomplete_change_coordination,1,0,False,False,,js/unused-local-variable
exclude_js_unused_local,rccluster-103c68d7c83bc5dfd7a1,OneKeyHQ/app-monorepo,6756,incomplete_change_coordination,1,0,False,False,,js/unused-local-variable
exclude_js_unused_local,rccluster-b2e1c2b7e798b8f007ec,OneKeyHQ/app-monorepo,6756,incomplete_change_coordination,2,0,False,False,,js/unused-local-variable
exclude_js_unused_local,rccluster-37d98c8832d2584f7ec2,OneKeyHQ/app-monorepo,6756,incomplete_change_coordination,1,0,False,False,,js/unused-local-variable
exclude_js_unused_local,rccluster-5191c6691e587a5e5e00,OneKeyHQ/app-monorepo,6756,incomplete_change_coordination,1,0,False,False,,js/unused-local-variable
exclude_js_unused_local,rccluster-052e741c31c6fca1c85a,OneKeyHQ/app-monorepo,6756,incomplete_change_coordination,2,0,False,False,,js/unused-local-variable
exclude_js_unused_local,rccluster-c2fe8b296146ba98c75b,OneKeyHQ/app-monorepo,6756,incomplete_change_coordination,5,0,False,False,,js/unused-local-variable
exclude_js_unused_local,rccluster-f5760f63afac089f39dd,OpenHFT/Chronicle-Wire,1058,interface_or_contract_mismatch,2,2,True,False,java/unknown-javadoc-parameter,
exclude_js_unused_local,rccluster-f7b342b341016f2db787,OpenHFT/Chronicle-Wire,1061,interface_or_contract_mismatch,6,6,True,False,java/unknown-javadoc-parameter,
exclude_js_unused_local,rccluster-8b747de451b6e1bf1dba,OpenPipe/ART,153,dependency_error_or_resource_mismanagement,1,1,True,False,py/empty-except,
exclude_js_unused_local,rccluster-93b5fbef7dfa34cf01b7,OpenPipe/ART,161,incomplete_change_coordination,5,5,True,False,py/unused-import,
exclude_js_unused_local,rccluster-ef40cef0c4a89b0abc4f,OpenPipe/ART,162,incomplete_change_coordination,1,1,True,False,py/unused-import,
exclude_js_unused_local,rccluster-52832b03b774b2dc5d55,PrefectHQ/marvin,1162,redundant_or_locally_inconsistent_construction,1,1,True,False,py/unused-global-variable,
exclude_js_unused_local,rccluster-b256402aba917454ac58,PythonNest/PyNest,107,incomplete_change_coordination,1,1,True,False,py/unused-import,
exclude_js_unused_local,rccluster-d2b091029ef8c28e41fc,PythonNest/PyNest,107,incomplete_change_coordination,3,3,True,False,py/unused-import,
exclude_js_unused_local,rccluster-60db55413ddc796ea7f6,PythonNest/PyNest,107,incomplete_change_coordination,1,1,True,False,py/unused-import,
exclude_js_unused_local,rccluster-fd9fafb8ef16fd50ecc0,PythonNest/PyNest,107,interface_or_contract_mismatch,1,1,True,False,py/inheritance/signature-mismatch,
exclude_js_unused_local,rccluster-e790cb9935eac3a5e59f,RAGEN-AI/RAGEN,112,incomplete_change_coordination,1,1,True,False,py/unused-import,
exclude_js_unused_local,rccluster-a963c1059230d4786e41,Shelf-nu/shelf.nu,1905,control_state_or_dataflow_miscomposition,1,1,True,False,js/trivial-conditional,
exclude_js_unused_local,rccluster-dbb6fa9d52e7922a6b6d,Shopify/roast,76,dependency_error_or_resource_mismanagement,1,1,True,False,rb/uninitialized-local-variable,
exclude_js_unused_local,rccluster-7580a0969323c80d8442,Significant-Gravitas/AutoGPT,10340,redundant_or_locally_inconsistent_construction,1,1,True,False,py/unnecessary-pass,
exclude_js_unused_local,rccluster-944bddfd39ec545ec19a,Significant-Gravitas/AutoGPT,10340,redundant_or_locally_inconsistent_construction,1,1,True,False,py/import-and-import-from,
exclude_js_unused_local,rccluster-5b994b7d5981e6103253,SimonHalvdansson/Harmonic-HN,216,control_state_or_dataflow_miscomposition,1,1,True,False,java/dereferenced-value-may-be-null,
exclude_js_unused_local,rccluster-76ee4701a764b7ebf4ec,SimonHalvdansson/Harmonic-HN,220,dependency_error_or_resource_mismanagement,2,2,True,False,java/uncaught-number-format-exception,
exclude_js_unused_local,rccluster-9bf17e0c7a128d837a26,Skyvern-AI/skyvern,2435,dependency_error_or_resource_mismanagement,9,9,True,False,py/cyclic-import|py/unsafe-cyclic-import,
exclude_js_unused_local,rccluster-6d9022adede7f615bf88,TobikoData/sqlmesh,4667,dependency_error_or_resource_mismanagement,1,1,True,False,py/empty-except,
exclude_js_unused_local,rccluster-14f544bf147f03d3c0ad,Voxelum/x-minecraft-launcher,1025,incomplete_change_coordination,1,0,False,False,,js/unused-local-variable
exclude_js_unused_local,rccluster-3ef747ae8cf3b897ae8e,abi/screenshot-to-code,512,incomplete_change_coordination,1,1,True,False,py/unused-import,
exclude_js_unused_local,rccluster-d91987f8a4abe878fcbf,abi/screenshot-to-code,513,incomplete_change_coordination,1,1,True,False,py/unused-import,
exclude_js_unused_local,rccluster-5b48d029550e70037a4d,actions/toolkit,2100,incomplete_change_coordination,3,0,False,False,,js/unused-local-variable
exclude_js_unused_local,rccluster-b517050c9d39fd24f5e5,airbytehq/airbyte,52591,incomplete_change_coordination,1,1,True,False,py/unused-import,
exclude_js_unused_local,rccluster-8d4e3632aaf38f356ec5,airbytehq/airbyte,52591,incomplete_change_coordination,2,2,True,False,py/unused-import,
exclude_js_unused_local,rccluster-d436c7eb52128a026a20,airbytehq/airbyte,52663,dependency_error_or_resource_mismanagement,1,1,True,False,py/file-not-closed,
exclude_js_unused_local,rccluster-4a784fa8c8c1f2cd10cc,airbytehq/airbyte,54164,control_state_or_dataflow_miscomposition,1,1,True,False,py/side-effect-in-assert,
exclude_js_unused_local,rccluster-3f9bbed4e65485bcf498,airbytehq/airbyte,55005,redundant_or_locally_inconsistent_construction,1,1,True,False,py/commented-out-code,
exclude_js_unused_local,rccluster-bc612226925d74ac81cc,airbytehq/airbyte,56389,incomplete_change_coordination,1,1,True,False,py/unused-import,
exclude_js_unused_local,rccluster-9e4de479d011cb138260,airbytehq/airbyte,56389,dependency_error_or_resource_mismanagement,2,2,True,False,py/file-not-closed,
exclude_js_unused_local,rccluster-169a531566ae7c745e3a,airbytehq/airbyte,56432,incomplete_change_coordination,3,3,True,False,py/unused-import,
exclude_js_unused_local,rccluster-e02a232baa5cbb850d6e,airbytehq/airbyte,56432,interface_or_contract_mismatch,1,1,True,False,py/call/wrong-arguments,
exclude_js_unused_local,rccluster-74f313e30ab63bae8f2a,airbytehq/airbyte,56432,incomplete_change_coordination,6,6,True,False,py/unused-import,
exclude_js_unused_local,rccluster-bfa7347e6a828af39028,airbytehq/airbyte,62455,incomplete_change_coordination,3,3,True,False,py/unused-import,
exclude_js_unused_local,rccluster-e822cd95457f9e562fdb,airbytehq/airbyte,62455,redundant_or_locally_inconsistent_construction,6,6,True,False,py/unused-local-variable,
exclude_js_unused_local,rccluster-f28c9a375f9e6350e6bd,analogdotnow/Analog,129,control_state_or_dataflow_miscomposition,2,2,True,False,js/trivial-conditional,
exclude_js_unused_local,rccluster-ec04a777be200ddc33c2,analogdotnow/Analog,129,incomplete_change_coordination,1,0,False,False,,js/unused-local-variable
exclude_js_unused_local,rccluster-ce30be509425f4b50aa6,analogdotnow/Analog,225,incomplete_change_coordination,1,0,False,False,,js/unused-local-variable
exclude_js_unused_local,rccluster-7d54ea3b2b76810e349c,antiwork/gumroad,615,control_state_or_dataflow_miscomposition,1,1,True,False,rb/uninitialized-local-variable,
exclude_js_unused_local,rccluster-976bf5893dce06dafe1f,apache/pinot,16030,dependency_error_or_resource_mismanagement,2,2,True,False,java/uncaught-number-format-exception,
exclude_js_unused_local,rccluster-db9f0fa8f1abd3dce27f,apache/pulsar,24542,control_state_or_dataflow_miscomposition,1,1,True,False,java/dereferenced-value-may-be-null,
exclude_js_unused_local,rccluster-e4e427eb5a2e12221550,apache/pulsar,24542,incomplete_change_coordination,1,1,True,False,java/unused-parameter,
exclude_js_unused_local,rccluster-e3263fc58c5dd15ca23e,apache/pulsar,24542,incomplete_change_coordination,1,1,True,False,java/local-variable-is-never-read,
exclude_js_unused_local,rccluster-07412c67d2c3beb23667,axinc-ai/ailia-models,1704,redundant_or_locally_inconsistent_construction,2,2,True,False,py/redundant-assignment,
exclude_js_unused_local,rccluster-9d0999d6a9a688a92f0b,axinc-ai/ailia-models,1704,incomplete_change_coordination,1,1,True,False,py/unused-import,
exclude_js_unused_local,rccluster-a246a58b05723adec57a,axinc-ai/ailia-models,1704,incomplete_change_coordination,1,1,True,False,py/unused-import,
exclude_js_unused_local,rccluster-0636c615dd36b0f63dda,axinc-ai/ailia-models,1704,incomplete_change_coordination,3,3,True,False,py/unused-import,
exclude_js_unused_local,rccluster-2676c2ae500c3091f674,axinc-ai/ailia-models,1704,redundant_or_locally_inconsistent_construction,1,1,True,False,py/redundant-assignment,
exclude_js_unused_local,rccluster-1370a96abd97d063a696,axinc-ai/ailia-models,1704,control_state_or_dataflow_miscomposition,1,1,True,False,py/unreachable-statement,
exclude_js_unused_local,rccluster-4538d5e5756c848b97ed,axinc-ai/ailia-models,1704,incomplete_change_coordination,1,1,True,False,py/unused-local-variable,
exclude_js_unused_local,rccluster-b7935501c1cfc6af363b,blefnk/relivator-nextjs-template,59,incomplete_change_coordination,1,0,False,False,,js/unused-local-variable
exclude_js_unused_local,rccluster-5f45f9924101933b2577,browser-use/browser-use,2348,incomplete_change_coordination,1,1,True,False,py/unused-local-variable,
exclude_js_unused_local,rccluster-79e675185f70a2fb43c8,bytebot-ai/bytebot,35,control_state_or_dataflow_miscomposition,1,1,True,False,js/useless-assignment-to-local,
exclude_js_unused_local,rccluster-15dbe5930e9ed62c8f86,bytebot-ai/bytebot,40,incomplete_change_coordination,1,0,False,False,,js/unused-local-variable
exclude_js_unused_local,rccluster-3b2f2ea3732334c063e3,bytebot-ai/bytebot,51,incomplete_change_coordination,1,0,False,False,,js/unused-local-variable
exclude_js_unused_local,rccluster-92e1e389203668c06b4c,calcom/cal.com,20580,incomplete_change_coordination,1,0,False,False,,js/unused-local-variable
exclude_js_unused_local,rccluster-b8b8d7f137a67d188659,calcom/cal.com,20672,incomplete_change_coordination,1,0,False,False,,js/unused-local-variable
exclude_js_unused_local,rccluster-f810213003bd83b10a2f,calcom/cal.com,21590,incomplete_change_coordination,1,0,False,False,,js/unused-local-variable
exclude_js_unused_local,rccluster-fe6123deb52d9e7febd3,calcom/cal.com,21652,incomplete_change_coordination,1,0,False,False,,js/unused-local-variable
exclude_js_unused_local,rccluster-d145708e4daf4f28b9f5,calcom/cal.com,22034,incomplete_change_coordination,1,0,False,False,,js/unused-local-variable
exclude_js_unused_local,rccluster-4afdd3cab7ca039e6639,calcom/cal.com,22311,incomplete_change_coordination,1,0,False,False,,js/unused-local-variable
exclude_js_unused_local,rccluster-3a8b3fa415648034c90d,camunda/camunda,34932,incomplete_change_coordination,1,1,True,False,java/unused-parameter,
exclude_js_unused_local,rccluster-b6010dfa5ac9115748fe,cartography-cncf/cartography,1614,redundant_or_locally_inconsistent_construction,1,1,True,False,py/import-and-import-from,
exclude_js_unused_local,rccluster-71d9667a292e53e97bec,cartography-cncf/cartography,1619,redundant_or_locally_inconsistent_construction,1,1,True,False,py/import-and-import-from,
exclude_js_unused_local,rccluster-7794b40c944965a43635,colinhacks/zod,4865,redundant_or_locally_inconsistent_construction,1,1,True,False,js/useless-expression,
exclude_js_unused_local,rccluster-a7bcd19ab4a0c9665137,colinhacks/zod,4915,incomplete_change_coordination,2,0,False,False,,js/unused-local-variable
exclude_js_unused_local,rccluster-1ce7b7fc832c74d3fa35,crewAIInc/crewAI,1818,incomplete_change_coordination,1,1,True,False,py/unused-import,
exclude_js_unused_local,rccluster-42cb5854bde1f3f26dce,crewAIInc/crewAI,1818,incomplete_change_coordination,3,3,True,False,py/unused-import,
exclude_js_unused_local,rccluster-e7f9ec27c33f5d8d0e96,crewAIInc/crewAI,1820,incomplete_change_coordination,2,2,True,False,py/unused-import,
exclude_js_unused_local,rccluster-676f93107e592e883d81,crewAIInc/crewAI,1820,incomplete_change_coordination,1,1,True,False,py/unused-import,
exclude_js_unused_local,rccluster-fbf942d6bbcc48cea487,crewAIInc/crewAI,1892,incomplete_change_coordination,2,2,True,False,py/unused-import,
exclude_js_unused_local,rccluster-fbab78314095e93bb815,crewAIInc/crewAI,1892,redundant_or_locally_inconsistent_construction,1,1,True,False,py/unused-import,
exclude_js_unused_local,rccluster-cf9f0641cf1859631616,crewAIInc/crewAI,1892,incomplete_change_coordination,2,2,True,False,py/unused-import,
exclude_js_unused_local,rccluster-89c514861c1f8680bf59,crewAIInc/crewAI,1892,incomplete_change_coordination,2,2,True,False,py/unused-import,
exclude_js_unused_local,rccluster-de76ecb5e3434b89d7de,crewAIInc/crewAI,1892,control_state_or_dataflow_miscomposition,1,1,True,False,py/unreachable-statement,
exclude_js_unused_local,rccluster-8b8edc152f33518be1b9,crewAIInc/crewAI,1892,incomplete_change_coordination,2,2,True,False,py/unused-global-variable,
exclude_js_unused_local,rccluster-5eb1e7979705ab7101e0,crewAIInc/crewAI,1937,redundant_or_locally_inconsistent_construction,2,2,True,False,py/unused-local-variable,
exclude_js_unused_local,rccluster-dec3ccb6080877ea62b5,crewAIInc/crewAI,2277,incomplete_change_coordination,1,1,True,False,py/unused-import,
exclude_js_unused_local,rccluster-bbda2d2064d71f965629,crewAIInc/crewAI,2277,incomplete_change_coordination,2,2,True,False,py/unused-import,
exclude_js_unused_local,rccluster-f6d096ed0c537bb0d139,crewAIInc/crewAI,2277,incomplete_change_coordination,1,1,True,False,py/unused-import,
exclude_js_unused_local,rccluster-180ee305463d69ae7ba6,crewAIInc/crewAI,2277,control_state_or_dataflow_miscomposition,1,1,True,False,py/mixed-returns,
exclude_js_unused_local,rccluster-5979be4a3375d9355694,crewAIInc/crewAI,2335,incomplete_change_coordination,1,1,True,False,py/unused-import,
exclude_js_unused_local,rccluster-883b0b40dd35a77c4936,crewAIInc/crewAI,2352,incomplete_change_coordination,2,2,True,False,py/unused-import,
exclude_js_unused_local,rccluster-8da92c9a6f0cfaa659fb,crewAIInc/crewAI,2476,incomplete_change_coordination,1,1,True,False,py/unused-local-variable,
exclude_js_unused_local,rccluster-a16efaab49bad2455970,crewAIInc/crewAI,2552,incomplete_change_coordination,1,1,True,False,py/unused-import,
exclude_js_unused_local,rccluster-93d8beeac752ceb6ae33,crewAIInc/crewAI,2594,incomplete_change_coordination,2,2,True,False,py/unused-import,
exclude_js_unused_local,rccluster-0b624cbc7b276742f642,crewAIInc/crewAI,2994,dependency_error_or_resource_mismanagement,1,1,True,False,py/unsafe-cyclic-import,
exclude_js_unused_local,rccluster-7d37871321573431b938,crewAIInc/crewAI-tools,162,incomplete_change_coordination,1,1,True,False,py/unused-import,
exclude_js_unused_local,rccluster-6b81fac0baa8d9869b08,dagster-io/dagster,30864,redundant_or_locally_inconsistent_construction,1,1,True,False,py/import-and-import-from,
exclude_js_unused_local,rccluster-98dff30204cb718ba90e,dagster-io/dagster,30864,control_state_or_dataflow_miscomposition,1,1,True,False,py/multiple-definition,
exclude_js_unused_local,rccluster-f1725d7609977a54a113,dagster-io/dagster,30864,incomplete_change_coordination,1,1,True,False,py/unused-import,
exclude_js_unused_local,rccluster-ff833753cef9196f142d,dagster-io/dagster,30864,redundant_or_locally_inconsistent_construction,1,1,True,False,py/unused-local-variable,
exclude_js_unused_local,rccluster-69fb7769681f087fab58,dagster-io/dagster,30864,redundant_or_locally_inconsistent_construction,1,1,True,False,py/unused-local-variable,
exclude_js_unused_local,rccluster-b206303c4250fbab4fef,dagster-io/dagster,30864,incomplete_change_coordination,1,1,True,False,py/unused-import,
exclude_js_unused_local,rccluster-ebf8eb1a619de5e26963,dailydotdev/apps,4632,control_state_or_dataflow_miscomposition,1,1,True,False,js/trivial-conditional,
exclude_js_unused_local,rccluster-9b814f6e9b77c61e1730,datopian/portaljs,1396,incomplete_change_coordination,1,0,False,False,,js/unused-local-variable
exclude_js_unused_local,rccluster-cb8ee0a0c2bcc37d7251,different-ai/note-companion,297,incomplete_change_coordination,1,0,False,False,,js/unused-local-variable
exclude_js_unused_local,rccluster-020929d5dfe384d29cd4,different-ai/note-companion,299,control_state_or_dataflow_miscomposition,1,1,True,False,js/useless-assignment-to-local,
exclude_js_unused_local,rccluster-83db80e9eb4e59f739ec,different-ai/note-companion,300,incomplete_change_coordination,1,0,False,False,,js/unused-local-variable
exclude_js_unused_local,rccluster-da4df3e97d1b525dd540,different-ai/note-companion,300,incomplete_change_coordination,1,0,False,False,,js/unused-local-variable
exclude_js_unused_local,rccluster-da78afefcadab22c385c,different-ai/note-companion,300,incomplete_change_coordination,1,0,False,False,,js/unused-local-variable
exclude_js_unused_local,rccluster-bf7e2604ffdc4cb38ede,different-ai/note-companion,300,incomplete_change_coordination,2,0,False,False,,js/unused-local-variable
exclude_js_unused_local,rccluster-69173eb92c42d03eb2c1,different-ai/note-companion,308,incomplete_change_coordination,1,0,False,False,,js/unused-local-variable
exclude_js_unused_local,rccluster-ec9a8c49b9a4d3e55981,different-ai/note-companion,326,incomplete_change_coordination,1,0,False,False,,js/unused-local-variable
exclude_js_unused_local,rccluster-203a5f5c37429f0b51f9,different-ai/note-companion,331,incomplete_change_coordination,1,0,False,False,,js/unused-local-variable
exclude_js_unused_local,rccluster-007347f23d7a9a051e07,different-ai/note-companion,331,incomplete_change_coordination,1,0,False,False,,js/unused-local-variable
exclude_js_unused_local,rccluster-4c6c051aba63bff1e939,different-ai/note-companion,331,incomplete_change_coordination,3,0,False,False,,js/unused-local-variable
exclude_js_unused_local,rccluster-9a446941aef02782bad4,different-ai/note-companion,331,incomplete_change_coordination,2,0,False,False,,js/unused-local-variable
exclude_js_unused_local,rccluster-d6475951d911c1fde62d,different-ai/note-companion,331,incomplete_change_coordination,2,0,False,False,,js/unused-local-variable
exclude_js_unused_local,rccluster-38ac2d99682eb8131843,different-ai/note-companion,331,incomplete_change_coordination,2,0,False,False,,js/unused-local-variable
exclude_js_unused_local,rccluster-e24a41fa1c6091d95589,different-ai/note-companion,331,incomplete_change_coordination,1,0,False,False,,js/unused-local-variable
exclude_js_unused_local,rccluster-1113e0e7830be3b0d986,different-ai/note-companion,331,incomplete_change_coordination,1,0,False,False,,js/unused-local-variable
exclude_js_unused_local,rccluster-038e9a74362ced7dbd55,different-ai/note-companion,331,incomplete_change_coordination,1,0,False,False,,js/unused-local-variable
exclude_js_unused_local,rccluster-cccb8526c3c75039eaa7,different-ai/note-companion,331,incomplete_change_coordination,1,0,False,False,,js/unused-local-variable
exclude_js_unused_local,rccluster-ff2fb4790173f70e538c,different-ai/note-companion,343,incomplete_change_coordination,4,0,False,False,,js/unused-local-variable
exclude_js_unused_local,rccluster-c228fbb78d4866ddcd59,different-ai/note-companion,343,incomplete_change_coordination,1,0,False,False,,js/unused-local-variable
exclude_js_unused_local,rccluster-14a0f4a85983f64e92b6,docling-project/docling,1928,dependency_error_or_resource_mismanagement,1,1,True,False,py/empty-except,
exclude_js_unused_local,rccluster-f5e5f9717aef814c11a6,dust-tt/dust,10572,redundant_or_locally_inconsistent_construction,2,2,True,False,js/missing-space-in-concatenation,
exclude_js_unused_local,rccluster-ee1b859966f5052ad27e,dust-tt/dust,10572,control_state_or_dataflow_miscomposition,5,5,True,False,js/trivial-conditional,
exclude_js_unused_local,rccluster-88c5dbf31e336f1c3c3f,dust-tt/dust,10572,incomplete_change_coordination,1,0,False,False,,js/unused-local-variable
exclude_js_unused_local,rccluster-5cf09cff87ef2f239901,dust-tt/dust,10572,incomplete_change_coordination,1,0,False,False,,js/unused-local-variable
exclude_js_unused_local,rccluster-02defe1765c0eda6d0c5,dust-tt/dust,10572,control_state_or_dataflow_miscomposition,1,1,True,False,js/trivial-conditional,
exclude_js_unused_local,rccluster-012d7ea222586df1203c,elie222/inbox-zero,494,incomplete_change_coordination,1,0,False,False,,js/unused-local-variable
exclude_js_unused_local,rccluster-f48a2f00a63273497c35,elie222/inbox-zero,494,redundant_or_locally_inconsistent_construction,1,0,False,False,,js/unused-local-variable
exclude_js_unused_local,rccluster-d40f9144787c493a62c4,elizaOS/eliza,2549,incomplete_change_coordination,1,0,False,False,,js/unused-local-variable
exclude_js_unused_local,rccluster-7c909e7913af405be005,elizaOS/eliza,2549,incomplete_change_coordination,1,0,False,False,,js/unused-local-variable
exclude_js_unused_local,rccluster-9565ac8e88f6cc360587,elizaOS/eliza,2549,incomplete_change_coordination,2,0,False,False,,js/unused-local-variable
exclude_js_unused_local,rccluster-c0ccebf10555a6722576,elizaOS/eliza,4686,incomplete_change_coordination,1,0,False,False,,js/unused-local-variable
exclude_js_unused_local,rccluster-c9d422a50b23217192ac,elizaOS/eliza,4686,incomplete_change_coordination,2,0,False,False,,js/unused-local-variable
exclude_js_unused_local,rccluster-b0ea91bb6ad7ba6bf367,elizaOS/eliza,4935,incomplete_change_coordination,1,0,False,False,,js/unused-local-variable
exclude_js_unused_local,rccluster-490c4e0dca174493f43e,elizaOS/eliza,5490,incomplete_change_coordination,1,0,False,False,,js/unused-local-variable
exclude_js_unused_local,rccluster-45e2deebb00a6933fdf1,elizaOS/eliza,5565,incomplete_change_coordination,1,0,False,False,,js/unused-local-variable
exclude_js_unused_local,rccluster-f7af9c87cb3b39d57d6a,elizaOS/eliza,5565,incomplete_change_coordination,1,0,False,False,,js/unused-local-variable
exclude_js_unused_local,rccluster-49a5413af5611f38cf78,elizaOS/eliza,5565,incomplete_change_coordination,1,0,False,False,,js/unused-local-variable
exclude_js_unused_local,rccluster-c64cb23b290a3efbf4ce,elizaOS/eliza,5565,incomplete_change_coordination,1,0,False,False,,js/unused-local-variable
exclude_js_unused_local,rccluster-6f10b2a2beeaebdbe925,elizaOS/eliza,5565,incomplete_change_coordination,1,0,False,False,,js/unused-local-variable
exclude_js_unused_local,rccluster-1ddfb088d1b69f358c05,elizaOS/eliza,5565,incomplete_change_coordination,1,0,False,False,,js/unused-local-variable
exclude_js_unused_local,rccluster-ef74b2faf8fcf590e0fa,elizaOS/eliza,5565,incomplete_change_coordination,1,0,False,False,,js/unused-local-variable
exclude_js_unused_local,rccluster-b58554e4e4d0b2504c69,featureform/enrichmcp,63,redundant_or_locally_inconsistent_construction,2,2,True,False,py/unused-local-variable,
exclude_js_unused_local,rccluster-997be81cc0ee50dece55,formbricks/formbricks,5819,incomplete_change_coordination,2,0,False,False,,js/unused-local-variable
exclude_js_unused_local,rccluster-fcce8429f0ae94d94bf5,formbricks/formbricks,5819,incomplete_change_coordination,2,0,False,False,,js/unused-local-variable
exclude_js_unused_local,rccluster-13aca7f93fc27a24c916,getsentry/sentry,93304,dependency_error_or_resource_mismanagement,5,5,True,False,py/cyclic-import,
exclude_js_unused_local,rccluster-d8c709ef6219514ce854,getsentry/sentry,93709,dependency_error_or_resource_mismanagement,1,1,True,False,py/cyclic-import,
exclude_js_unused_local,rccluster-20824d112f87058a9a9c,getsentry/sentry,93709,control_state_or_dataflow_miscomposition,3,3,True,False,py/uninitialized-local-variable,
exclude_js_unused_local,rccluster-44f42eff61a80121fbc4,getsentry/sentry,94888,control_state_or_dataflow_miscomposition,1,1,True,False,py/redundant-else,
exclude_js_unused_local,rccluster-d49cd6ccdfcf6049349d,getsentry/sentry,95658,dependency_error_or_resource_mismanagement,1,1,True,False,py/cyclic-import,
exclude_js_unused_local,rccluster-ec1c7358922de7df6034,getsentry/sentry,95801,dependency_error_or_resource_mismanagement,2,2,True,False,py/cyclic-import,
exclude_js_unused_local,rccluster-baad56f744bbcae1dee2,github-copilot-resources/copilot-metrics-viewer,226,incomplete_change_coordination,1,0,False,False,,js/unused-local-variable
exclude_js_unused_local,rccluster-36837d2e4cc90b4c6f6e,goat-sdk/goat,174,incomplete_change_coordination,1,0,False,False,,js/unused-local-variable
exclude_js_unused_local,rccluster-3c09053980cff773e433,goat-sdk/goat,178,incomplete_change_coordination,1,0,False,False,,js/unused-local-variable
exclude_js_unused_local,rccluster-3db8c83bc83367996804,hasanharman/form-builder,79,incomplete_change_coordination,1,0,False,False,,js/unused-local-variable
exclude_js_unused_local,rccluster-1dadd39f036498896b1f,hasanharman/form-builder,80,incomplete_change_coordination,1,0,False,False,,js/unused-local-variable
exclude_js_unused_local,rccluster-a926dfc879fcbb7bfb96,haydenbleasel/kibo,165,incomplete_change_coordination,1,0,False,False,,js/unused-local-variable
exclude_js_unused_local,rccluster-20260f7375d2aa45bf44,haydenbleasel/kibo,168,incomplete_change_coordination,1,0,False,False,,js/unused-local-variable
exclude_js_unused_local,rccluster-045ddb18207b0726c420,ibelick/zola,185,control_state_or_dataflow_miscomposition,1,1,True,False,js/trivial-conditional,
exclude_js_unused_local,rccluster-ca4d9a55e585d4ab5807,ikamensh/flynt,231,control_state_or_dataflow_miscomposition,1,1,True,False,py/unused-local-variable,
exclude_js_unused_local,rccluster-b00a4caceeaa9fc8f72f,imbhargav5/rooks,1798,redundant_or_locally_inconsistent_construction,2,0,False,False,,js/unused-local-variable
exclude_js_unused_local,rccluster-77516ee5311c5233e79e,imbhargav5/rooks,1801,incomplete_change_coordination,1,0,False,False,,js/unused-local-variable
exclude_js_unused_local,rccluster-1b7087f1f72c2b1a07b0,imbhargav5/rooks,1833,control_state_or_dataflow_miscomposition,2,2,True,False,js/react/unused-or-undefined-state-property,
exclude_js_unused_local,rccluster-56db9768a72cc2d9617e,imbhargav5/rooks,1840,incomplete_change_coordination,1,0,False,False,,js/unused-local-variable
exclude_js_unused_local,rccluster-214085a046cf13580237,iterative/datachain,1215,redundant_or_locally_inconsistent_construction,1,1,True,False,py/import-and-import-from,
exclude_js_unused_local,rccluster-5cdcd2d18989e1172b27,jina-ai/node-DeepResearch,2,redundant_or_locally_inconsistent_construction,1,1,True,False,js/automatic-semicolon-insertion,
exclude_js_unused_local,rccluster-f132bb9e566178a30f82,jina-ai/node-DeepResearch,4,incomplete_change_coordination,1,0,False,False,,js/unused-local-variable
exclude_js_unused_local,rccluster-938aea39b9e3e5b8fb31,jlowin/fastmcp,870,dependency_error_or_resource_mismanagement,4,4,True,False,py/unsafe-cyclic-import,
exclude_js_unused_local,rccluster-75099625fb3b09427a7b,jlowin/fastmcp,870,dependency_error_or_resource_mismanagement,1,1,True,False,py/unsafe-cyclic-import,
exclude_js_unused_local,rccluster-c43c1ff9bef0c7ba17d7,jnsahaj/tweakcn,98,incomplete_change_coordination,4,0,False,False,,js/unused-local-variable
exclude_js_unused_local,rccluster-16a157f891366354cb57,jnsahaj/tweakcn,98,incomplete_change_coordination,1,0,False,False,,js/unused-local-variable
exclude_js_unused_local,rccluster-a9604cf7d8400df0792f,jxxghp/MoviePilot,4566,incomplete_change_coordination,4,4,True,False,py/unused-import,
exclude_js_unused_local,rccluster-d970f6936b9e388d56e1,jxxghp/MoviePilot,4566,incomplete_change_coordination,1,1,True,False,py/unused-import,
exclude_js_unused_local,rccluster-d2e7d48c08bffbd2490e,jxxghp/MoviePilot,4577,dependency_error_or_resource_mismanagement,10,10,True,False,py/catch-base-exception|py/empty-except,
exclude_js_unused_local,rccluster-278ba241b2072515cf81,jxxghp/MoviePilot,4577,incomplete_change_coordination,2,2,True,False,py/unused-import,
exclude_js_unused_local,rccluster-d4bcf049622d96ebcd07,keephq/keep,5015,incomplete_change_coordination,3,3,True,False,py/unused-import,
exclude_js_unused_local,rccluster-48c5f9b21a8db14b02fc,keephq/keep,5074,interface_or_contract_mismatch,2,2,True,False,py/inheritance/signature-mismatch,
exclude_js_unused_local,rccluster-24bea543669103685544,keephq/keep,5101,redundant_or_locally_inconsistent_construction,4,4,True,False,py/unused-local-variable,
exclude_js_unused_local,rccluster-c89cc348e3281d63ca7e,kortix-ai/suna,1013,incomplete_change_coordination,3,0,False,False,,js/unused-local-variable
exclude_js_unused_local,rccluster-6d6cce2ed0015233ddca,langbot-app/LangBot,1418,incomplete_change_coordination,1,1,True,False,py/commented-out-code,
exclude_js_unused_local,rccluster-d6a17903fe0c1f7c6d9d,langbot-app/LangBot,1418,control_state_or_dataflow_miscomposition,1,1,True,False,py/unreachable-statement,
exclude_js_unused_local,rccluster-69b3cd42ea5991b799d4,langbot-app/LangBot,1418,interface_or_contract_mismatch,2,2,True,False,py/missing-call-to-init,
exclude_js_unused_local,rccluster-a6f638585dd8c4a54086,langflow-ai/langflow,8870,redundant_or_locally_inconsistent_construction,2,2,True,False,py/unused-local-variable,
exclude_js_unused_local,rccluster-bc681f9e4d97b6336757,langflow-ai/langflow,8870,interface_or_contract_mismatch,4,4,True,False,py/call/wrong-named-argument,
exclude_js_unused_local,rccluster-585be48d82d9b6bcb459,liam-hq/liam,1163,incomplete_change_coordination,2,0,False,False,,js/unused-local-variable
exclude_js_unused_local,rccluster-7756669f0d3daf852d8c,liam-hq/liam,1296,incomplete_change_coordination,1,0,False,False,,js/unused-local-variable
exclude_js_unused_local,rccluster-72ae4f68376fc48fdb2f,liam-hq/liam,1296,incomplete_change_coordination,2,0,False,False,,js/unused-local-variable
exclude_js_unused_local,rccluster-48eb74648b373c7b599d,liam-hq/liam,1296,incomplete_change_coordination,1,0,False,False,,js/unused-local-variable
exclude_js_unused_local,rccluster-f6fc658f86c819f96f31,liam-hq/liam,1880,control_state_or_dataflow_miscomposition,1,1,True,False,js/trivial-conditional,
exclude_js_unused_local,rccluster-067c1bd60ad31418383b,liam-hq/liam,2099,incomplete_change_coordination,1,0,False,False,,js/unused-local-variable
exclude_js_unused_local,rccluster-ce06651f1a0df4480509,lingodotdev/lingo.dev,700,incomplete_change_coordination,1,0,False,False,,js/unused-local-variable
exclude_js_unused_local,rccluster-fec928d151199ae6fad2,lingodotdev/lingo.dev,708,incomplete_change_coordination,2,0,False,False,,js/unused-local-variable
exclude_js_unused_local,rccluster-21a15bfcf1c36b5d2934,lingodotdev/lingo.dev,708,incomplete_change_coordination,2,0,False,False,,js/unused-local-variable
exclude_js_unused_local,rccluster-2ac5418a01e7ca4792fa,lingodotdev/lingo.dev,739,incomplete_change_coordination,1,0,False,False,,js/unused-local-variable
exclude_js_unused_local,rccluster-f191fc0299a83416166c,linux-do/cdk,58,control_state_or_dataflow_miscomposition,1,1,True,False,js/useless-assignment-to-local,
exclude_js_unused_local,rccluster-3bffb6939f0f6299299b,lostintangent/gistpad,389,incomplete_change_coordination,1,0,False,False,,js/unused-local-variable
exclude_js_unused_local,rccluster-5cc96c94b344119a6527,maybe-finance/maybe,2389,control_state_or_dataflow_miscomposition,2,2,True,False,rb/uninitialized-local-variable,
exclude_js_unused_local,rccluster-2e0de36a944dd4be5d0d,maybe-finance/maybe,2389,control_state_or_dataflow_miscomposition,1,1,True,False,rb/useless-assignment-to-local,
exclude_js_unused_local,rccluster-f792c5691a26c343dfc3,maybe-finance/maybe,2389,redundant_or_locally_inconsistent_construction,5,5,True,False,rb/useless-assignment-to-local,
exclude_js_unused_local,rccluster-e009e4f8ce119200a158,mendableai/firecrawl,1413,incomplete_change_coordination,1,0,False,False,,js/unused-local-variable
exclude_js_unused_local,rccluster-bd787723ca271c6358de,mendableai/firecrawl,1557,redundant_or_locally_inconsistent_construction,1,1,True,False,js/automatic-semicolon-insertion,
exclude_js_unused_local,rccluster-5b2b2c997b9322f20ac8,mendableai/firecrawl,1557,incomplete_change_coordination,1,0,False,False,,js/unused-local-variable
exclude_js_unused_local,rccluster-e9b212549907727cfdc2,mendableai/firecrawl,1676,control_state_or_dataflow_miscomposition,1,1,True,False,js/unreachable-statement,
exclude_js_unused_local,rccluster-3fa4737fa3e5cf6ea447,mendableai/firecrawl,1714,redundant_or_locally_inconsistent_construction,1,0,False,False,,js/unused-local-variable
exclude_js_unused_local,rccluster-2a128fd923667744f4f7,mendableai/firecrawl,1714,control_state_or_dataflow_miscomposition,1,1,True,False,js/useless-assignment-to-local,
exclude_js_unused_local,rccluster-9db5fb2e5fdcb62e310d,mendableai/firecrawl,1735,incomplete_change_coordination,1,0,False,False,,js/unused-local-variable
exclude_js_unused_local,rccluster-21fb698b8728966835e9,mendableai/firecrawl,1851,redundant_or_locally_inconsistent_construction,4,4,True,False,js/automatic-semicolon-insertion,
exclude_js_unused_local,rccluster-b2f7e6911188fc456ff4,mendableai/firecrawl,1851,control_state_or_dataflow_miscomposition,1,1,True,False,js/useless-assignment-to-local,
exclude_js_unused_local,rccluster-9362d24346a996593d23,mendableai/firecrawl,1877,incomplete_change_coordination,2,0,False,False,,js/unused-local-variable
exclude_js_unused_local,rccluster-ed2f7b8f83961ec7d42a,mendableai/firecrawl,1893,redundant_or_locally_inconsistent_construction,4,0,False,False,,js/unused-local-variable
exclude_js_unused_local,rccluster-afb149b4284b457ce8e5,mfts/papermark,1762,incomplete_change_coordination,1,0,False,False,,js/unused-local-variable
exclude_js_unused_local,rccluster-20a9a39b38acfffb01ca,mfts/papermark,1762,incomplete_change_coordination,1,0,False,False,,js/unused-local-variable
exclude_js_unused_local,rccluster-3a2cbcf9125ba2eacc2e,microsoft/ApplicationInsights-JS,2583,incomplete_change_coordination,4,0,False,False,,js/unused-local-variable
exclude_js_unused_local,rccluster-83c286e839edda51fa8f,microsoft/ApplicationInsights-JS,2595,redundant_or_locally_inconsistent_construction,1,1,True,False,js/automatic-semicolon-insertion,
exclude_js_unused_local,rccluster-a5f10db44c664f4edbcc,microsoft/ApplicationInsights-JS,2595,incomplete_change_coordination,2,0,False,False,,js/unused-local-variable
exclude_js_unused_local,rccluster-c7c8cabdf8f34382d047,microsoft/RD-Agent,975,incomplete_change_coordination,3,3,True,False,py/commented-out-code,
exclude_js_unused_local,rccluster-b443e1166edb5f4f11d2,microsoft/RD-Agent,975,incomplete_change_coordination,1,1,True,False,py/unused-local-variable,
exclude_js_unused_local,rccluster-302a1b104d201c23718c,microsoft/RD-Agent,975,interface_or_contract_mismatch,6,6,True,False,py/inheritance/signature-mismatch|py/unused-local-variable,
exclude_js_unused_local,rccluster-3c15f2f67459bdd719ea,microsoft/azure-devops-mcp,248,incomplete_change_coordination,1,0,False,False,,js/unused-local-variable
exclude_js_unused_local,rccluster-7bd9b9a8b2e592f849af,microsoft/genaiscript,1773,redundant_or_locally_inconsistent_construction,1,0,False,False,,js/unused-local-variable
exclude_js_unused_local,rccluster-63a9fc81d97acb06b9f4,microsoft/typespec,7426,redundant_or_locally_inconsistent_construction,2,2,True,False,java/useless-tostring-call,
exclude_js_unused_local,rccluster-84b8ccd42469eacd4aa0,microsoft/typespec,7426,interface_or_contract_mismatch,66,66,True,False,java/deprecated-call,
exclude_js_unused_local,rccluster-36092e30cadb12be2c59,microsoft/typespec,7426,redundant_or_locally_inconsistent_construction,1,1,True,False,java/useless-tostring-call,
exclude_js_unused_local,rccluster-6a0d5f3e3b897c3b4705,microsoft/typespec,7426,interface_or_contract_mismatch,1,1,True,False,java/missing-override-annotation,
exclude_js_unused_local,rccluster-88a8ed1a08a2d1b3c5e7,microsoft/typespec,7426,dependency_error_or_resource_mismanagement,1,1,True,False,java/ignored-error-status-of-call,
exclude_js_unused_local,rccluster-ee9998ef3321c1d52737,microsoft/typespec,7426,dependency_error_or_resource_mismanagement,1,1,True,False,java/ignored-error-status-of-call,
exclude_js_unused_local,rccluster-a05a80d059a026eef47c,microsoft/typespec,7426,incomplete_change_coordination,2,2,True,False,java/unused-parameter,
exclude_js_unused_local,rccluster-42aafc291aa7f1c6c5db,microsoft/vscode,250646,control_state_or_dataflow_miscomposition,1,1,True,False,js/trivial-conditional,
exclude_js_unused_local,rccluster-667df2d0754b6720dfaf,microsoft/vscode,250672,incomplete_change_coordination,1,0,False,False,,js/unused-local-variable
exclude_js_unused_local,rccluster-bfec5bab7a7907801292,microsoft/vscode,250672,incomplete_change_coordination,1,0,False,False,,js/unused-local-variable
exclude_js_unused_local,rccluster-b544eaddde307a22307f,microsoft/vscode,250672,incomplete_change_coordination,1,0,False,False,,js/unused-local-variable
exclude_js_unused_local,rccluster-b26f8523be2cd24820f7,miurla/morphic,531,incomplete_change_coordination,2,0,False,False,,js/unused-local-variable
exclude_js_unused_local,rccluster-5ba00b00b78f5de41820,module-federation/core,3883,redundant_or_locally_inconsistent_construction,2,0,False,False,,js/unused-local-variable
exclude_js_unused_local,rccluster-eba5f51473f7f9bf23f4,module-federation/core,3883,incomplete_change_coordination,1,0,False,False,,js/unused-local-variable
exclude_js_unused_local,rccluster-6f799bb7a9eea4461808,module-federation/core,3916,incomplete_change_coordination,1,0,False,False,,js/unused-local-variable
exclude_js_unused_local,rccluster-1f8a2cedf5d51104b2a5,mrwadams/stride-gpt,72,control_state_or_dataflow_miscomposition,3,3,True,False,py/multiple-definition,
exclude_js_unused_local,rccluster-b1ff45adc276306ac672,novuhq/novu,8305,redundant_or_locally_inconsistent_construction,1,0,False,False,,js/unused-local-variable
exclude_js_unused_local,rccluster-4a22d9384427a1a2dd2e,novuhq/novu,8313,incomplete_change_coordination,1,0,False,False,,js/unused-local-variable
exclude_js_unused_local,rccluster-404a016a157b85aa076c,novuhq/novu,8335,incomplete_change_coordination,3,0,False,False,,js/unused-local-variable
exclude_js_unused_local,rccluster-c1224beac1904723d801,novuhq/novu,8339,incomplete_change_coordination,1,0,False,False,,js/unused-local-variable
exclude_js_unused_local,rccluster-a5edc0de4fed4714af63,novuhq/novu,8363,incomplete_change_coordination,1,0,False,False,,js/unused-local-variable
exclude_js_unused_local,rccluster-0b402d2fa08ea7dda794,novuhq/novu,8396,incomplete_change_coordination,1,0,False,False,,js/unused-local-variable
exclude_js_unused_local,rccluster-c3265a45a310cdc3f8a2,novuhq/novu,8562,incomplete_change_coordination,1,0,False,False,,js/unused-local-variable
exclude_js_unused_local,rccluster-75976710862f489c2fb0,novuhq/novu,8563,incomplete_change_coordination,1,0,False,False,,js/unused-local-variable
exclude_js_unused_local,rccluster-275ce25e19d8111d4950,novuhq/novu,8584,incomplete_change_coordination,2,0,False,False,,js/unused-local-variable
exclude_js_unused_local,rccluster-d062be8839c01c094eef,nrwl/nx,31621,incomplete_change_coordination,1,0,False,False,,js/unused-local-variable
exclude_js_unused_local,rccluster-40f5e92c8914809588c9,nrwl/nx,31621,incomplete_change_coordination,1,0,False,False,,js/unused-local-variable
exclude_js_unused_local,rccluster-5c4189cc1e8afdf3182f,nrwl/nx,31621,control_state_or_dataflow_miscomposition,1,1,True,False,js/useless-assignment-to-local,
exclude_js_unused_local,rccluster-5d8562fe72743c82de0f,nrwl/nx,31621,incomplete_change_coordination,1,0,False,False,,js/unused-local-variable
exclude_js_unused_local,rccluster-e28faf82ca011d69a5b7,nrwl/nx,31621,incomplete_change_coordination,1,0,False,False,,js/unused-local-variable
exclude_js_unused_local,rccluster-624e22f2eadb1fb6897a,nrwl/nx,31621,incomplete_change_coordination,1,0,False,False,,js/unused-local-variable
exclude_js_unused_local,rccluster-486e9855ad6d6c43af3a,nrwl/nx,31621,incomplete_change_coordination,1,0,False,False,,js/unused-local-variable
exclude_js_unused_local,rccluster-00d6228c9571aeecfd48,nrwl/nx,31621,incomplete_change_coordination,1,0,False,False,,js/unused-local-variable
exclude_js_unused_local,rccluster-10f751f4b3b869670ecc,nrwl/nx,31621,incomplete_change_coordination,4,0,False,False,,js/unused-local-variable
exclude_js_unused_local,rccluster-88a5308b0e4293a04143,nrwl/nx,31621,incomplete_change_coordination,3,0,False,False,,js/unused-local-variable
exclude_js_unused_local,rccluster-b6f35ec20a4cbd4af3db,onetimesecret/onetimesecret,1538,control_state_or_dataflow_miscomposition,1,1,True,False,rb/useless-assignment-to-local,
exclude_js_unused_local,rccluster-52417a63132a640fafd4,onetimesecret/onetimesecret,1538,redundant_or_locally_inconsistent_construction,1,1,True,False,rb/useless-assignment-to-local,
exclude_js_unused_local,rccluster-e44bfdf45468060bba8c,onetimesecret/onetimesecret,1538,incomplete_change_coordination,1,1,True,False,rb/useless-assignment-to-local,
exclude_js_unused_local,rccluster-52399660dcfbb959490a,onetimesecret/onetimesecret,1538,redundant_or_locally_inconsistent_construction,1,1,True,False,rb/useless-assignment-to-local,
exclude_js_unused_local,rccluster-527a7ebdeaf8ecfc6949,onetimesecret/onetimesecret,1538,redundant_or_locally_inconsistent_construction,2,2,True,False,rb/useless-assignment-to-local,
exclude_js_unused_local,rccluster-532804fe0f18c6d63c77,onetimesecret/onetimesecret,1577,redundant_or_locally_inconsistent_construction,1,1,True,False,rb/useless-assignment-to-local,
exclude_js_unused_local,rccluster-6016d8b59fe95a741e7a,onlook-dev/onlook,1305,incomplete_change_coordination,1,0,False,False,,js/unused-local-variable
exclude_js_unused_local,rccluster-6b2ba04a3914dec2dc9a,onlook-dev/onlook,1386,incomplete_change_coordination,2,0,False,False,,js/unused-local-variable
exclude_js_unused_local,rccluster-43b08ad79066349e9691,onlook-dev/onlook,1386,incomplete_change_coordination,2,0,False,False,,js/unused-local-variable
exclude_js_unused_local,rccluster-903280c778469f2fe5c6,onlook-dev/onlook,1411,incomplete_change_coordination,1,0,False,False,,js/unused-local-variable
exclude_js_unused_local,rccluster-d8c61bbc84845d19f448,onlook-dev/onlook,2088,incomplete_change_coordination,2,0,False,False,,js/unused-local-variable
exclude_js_unused_local,rccluster-405b90bf7d928b38532c,onlook-dev/onlook,2088,incomplete_change_coordination,7,0,False,False,,js/unused-local-variable
exclude_js_unused_local,rccluster-945052fd4813f06c1fdd,onlook-dev/onlook,2093,incomplete_change_coordination,1,0,False,False,,js/unused-local-variable
exclude_js_unused_local,rccluster-b063871680ebd68aef14,onlook-dev/onlook,2169,incomplete_change_coordination,1,0,False,False,,js/unused-local-variable
exclude_js_unused_local,rccluster-5dadc583cef1f7ca0b2a,openai/openai-agents-python,729,dependency_error_or_resource_mismanagement,7,7,True,False,py/cyclic-import|py/unsafe-cyclic-import,
exclude_js_unused_local,rccluster-7353d584e92240e17b42,openai/openai-agents-python,886,redundant_or_locally_inconsistent_construction,1,1,True,False,py/unnecessary-pass,
exclude_js_unused_local,rccluster-f504dbcb0461eb638a80,oraios/serena,286,incomplete_change_coordination,12,12,True,False,py/unused-import|py/unused-local-variable,
exclude_js_unused_local,rccluster-f1e7d6862a094a041bce,patched-codes/patchwork,1192,incomplete_change_coordination,1,1,True,False,py/unused-import,
exclude_js_unused_local,rccluster-29785c65ab76c6dd715b,patched-codes/patchwork,1192,incomplete_change_coordination,1,1,True,False,py/unused-import,
exclude_js_unused_local,rccluster-21e5a191b7593cc63fe6,pdfme/pdfme,1059,control_state_or_dataflow_miscomposition,2,2,True,False,js/useless-assignment-to-local,
exclude_js_unused_local,rccluster-11c82171a693b6530e46,pdfme/pdfme,1059,control_state_or_dataflow_miscomposition,3,3,True,False,js/redundant-operation,
exclude_js_unused_local,rccluster-21e83f471fc50e560947,pdfme/pdfme,1059,redundant_or_locally_inconsistent_construction,3,3,True,False,js/automatic-semicolon-insertion,
exclude_js_unused_local,rccluster-d125b087b52863875386,pdfme/pdfme,1059,control_state_or_dataflow_miscomposition,1,1,True,False,js/trivial-conditional,
exclude_js_unused_local,rccluster-bf17614d08e1a2476e2d,pdfme/pdfme,1059,redundant_or_locally_inconsistent_construction,1,1,True,False,js/redundant-assignment,
exclude_js_unused_local,rccluster-17ef02abdfd899568fe6,pdfme/pdfme,761,incomplete_change_coordination,1,0,False,False,,js/unused-local-variable
exclude_js_unused_local,rccluster-70e07a2887d066741d6c,pdfme/pdfme,764,incomplete_change_coordination,1,0,False,False,,js/unused-local-variable
exclude_js_unused_local,rccluster-d495572fbade8e168636,pdfme/pdfme,765,incomplete_change_coordination,1,0,False,False,,js/unused-local-variable
exclude_js_unused_local,rccluster-6ff64f46468e214facde,pdfme/pdfme,766,incomplete_change_coordination,1,0,False,False,,js/unused-local-variable
exclude_js_unused_local,rccluster-b66b750d29091ae875aa,pdfme/pdfme,802,redundant_or_locally_inconsistent_construction,1,0,False,False,,js/unused-local-variable
exclude_js_unused_local,rccluster-8aaa6973fdbc52ec1876,pdfme/pdfme,810,incomplete_change_coordination,1,0,False,False,,js/unused-local-variable
exclude_js_unused_local,rccluster-00b864e2449f3549de5e,prebid/Prebid.js,13160,control_state_or_dataflow_miscomposition,3,3,True,False,js/trivial-conditional,
exclude_js_unused_local,rccluster-1fa44ce1f60290f596ba,prebid/Prebid.js,13167,redundant_or_locally_inconsistent_construction,1,1,True,False,js/automatic-semicolon-insertion,
exclude_js_unused_local,rccluster-c5135556daa74b1478fa,prebid/Prebid.js,13243,incomplete_change_coordination,1,0,False,False,,js/unused-local-variable
exclude_js_unused_local,rccluster-5e27f4f80ab918639bc9,prebid/Prebid.js,13320,redundant_or_locally_inconsistent_construction,2,2,True,False,js/automatic-semicolon-insertion,
exclude_js_unused_local,rccluster-0af77366dc502d20a4e4,prebid/Prebid.js,13322,redundant_or_locally_inconsistent_construction,2,2,True,False,js/automatic-semicolon-insertion,
exclude_js_unused_local,rccluster-095f908cfb4741154a2d,promptfoo/promptfoo,2709,control_state_or_dataflow_miscomposition,1,1,True,False,js/useless-assignment-to-local,
exclude_js_unused_local,rccluster-58d79fda769fc9c49d38,reflex-dev/reflex,5555,dependency_error_or_resource_mismanagement,1,1,True,False,py/empty-except,
exclude_js_unused_local,rccluster-965c54910bc615bd0237,robinkarlberg/transfer.zip-web,35,incomplete_change_coordination,1,0,False,False,,js/unused-local-variable
exclude_js_unused_local,rccluster-006ef37f856c6a467e36,robinkarlberg/transfer.zip-web,36,redundant_or_locally_inconsistent_construction,1,1,True,False,js/automatic-semicolon-insertion,
exclude_js_unused_local,rccluster-9738151c959887835c34,robinkarlberg/transfer.zip-web,39,incomplete_change_coordination,3,0,False,False,,js/unused-local-variable
exclude_js_unused_local,rccluster-778e45b31d2d6eec0447,robinkarlberg/transfer.zip-web,39,incomplete_change_coordination,3,0,False,False,,js/unused-local-variable
exclude_js_unused_local,rccluster-5c3335fca4a7aaf31ec6,rsyslog/rsyslog,5665,interface_or_contract_mismatch,4,4,True,False,cpp/implicit-function-declaration,
exclude_js_unused_local,rccluster-019002e87e122109fb97,rsyslog/rsyslog,5754,interface_or_contract_mismatch,1,1,True,False,cpp/implicit-function-declaration,
exclude_js_unused_local,rccluster-2acc3bcae48d15d3acf1,rsyslog/rsyslog,5754,interface_or_contract_mismatch,1,1,True,False,cpp/implicit-function-declaration,
exclude_js_unused_local,rccluster-4b224d821017ce974aa9,ruvnet/claude-flow,519,interface_or_contract_mismatch,2,1,True,True,js/call-to-non-callable,js/unused-local-variable
exclude_js_unused_local,rccluster-db09b0d21ddcc80632e4,ruvnet/claude-flow,519,redundant_or_locally_inconsistent_construction,1,0,False,False,,js/unused-local-variable
exclude_js_unused_local,rccluster-faa74acf34f8be6123d6,ryokun6/ryos,131,incomplete_change_coordination,2,1,True,True,js/unused-loop-variable,js/unused-local-variable
exclude_js_unused_local,rccluster-df7d370cf132e3979a90,ryokun6/ryos,195,incomplete_change_coordination,1,0,False,False,,js/unused-local-variable
exclude_js_unused_local,rccluster-ce60046af478a081dc45,ryokun6/ryos,66,incomplete_change_coordination,4,0,False,False,,js/unused-local-variable
exclude_js_unused_local,rccluster-a0a66d838906c627a519,ryokun6/ryos,95,incomplete_change_coordination,1,0,False,False,,js/unused-local-variable
exclude_js_unused_local,rccluster-7f28a94a10a89085f6cb,sam-goodwin/alchemy,251,redundant_or_locally_inconsistent_construction,1,1,True,False,js/useless-expression,
exclude_js_unused_local,rccluster-33ebb4e4319a6f1ee5a5,sam-goodwin/alchemy,251,control_state_or_dataflow_miscomposition,5,5,True,False,js/trivial-conditional,
exclude_js_unused_local,rccluster-ad2e1ea33472eeb33194,sdorra/content-collections,612,incomplete_change_coordination,1,0,False,False,,js/unused-local-variable
exclude_js_unused_local,rccluster-053a63f808b61bb5bd43,spcl/dace,2019,redundant_or_locally_inconsistent_construction,2,2,True,False,py/import-and-import-from|py/unused-import,
exclude_js_unused_local,rccluster-74d2a4f678e3ab8cb077,spcl/dace,2019,incomplete_change_coordination,1,1,True,False,py/unused-import,
exclude_js_unused_local,rccluster-3880200f61c329c6e615,spcl/dace,2077,incomplete_change_coordination,1,1,True,False,py/unused-import,
exclude_js_unused_local,rccluster-abc4e00c08eb413891c6,stack-auth/stack-auth,465,incomplete_change_coordination,1,0,False,False,,js/unused-local-variable
exclude_js_unused_local,rccluster-846ab9638b6972181a9c,stack-auth/stack-auth,506,incomplete_change_coordination,1,0,False,False,,js/unused-local-variable
exclude_js_unused_local,rccluster-ad22cdd9baa5004c0b70,stanford-crfm/levanter,1015,redundant_or_locally_inconsistent_construction,3,3,True,False,py/multiple-definition,
exclude_js_unused_local,rccluster-72eba0547da4775dad70,stanford-crfm/levanter,1018,redundant_or_locally_inconsistent_construction,1,1,True,False,py/multiple-definition,
exclude_js_unused_local,rccluster-5d9aef1cc7c9513932af,stanford-crfm/levanter,1023,incomplete_change_coordination,2,2,True,False,py/unused-local-variable,
exclude_js_unused_local,rccluster-151b91f79b4064616cc4,stanford-crfm/levanter,1098,redundant_or_locally_inconsistent_construction,2,2,True,False,py/unused-local-variable,
exclude_js_unused_local,rccluster-2d7f558feb806419a72d,streamich/memfs,1124,incomplete_change_coordination,1,0,False,False,,js/unused-local-variable
exclude_js_unused_local,rccluster-bc9271c70d68ed92d91a,tegnike/aituber-kit,331,incomplete_change_coordination,2,0,False,False,,js/unused-local-variable
exclude_js_unused_local,rccluster-98db94046d5eee9a6c14,tegnike/aituber-kit,332,incomplete_change_coordination,1,0,False,False,,js/unused-local-variable
exclude_js_unused_local,rccluster-1028aadfa933095ca905,thirdweb-dev/js,7532,control_state_or_dataflow_miscomposition,1,1,True,False,js/useless-assignment-to-local,
exclude_js_unused_local,rccluster-3f75becf85da3d7851aa,trycompai/comp,98,incomplete_change_coordination,1,0,False,False,,js/unused-local-variable
exclude_js_unused_local,rccluster-d8d7f428b3f8a79e19cd,ucbepic/docetl,377,incomplete_change_coordination,1,1,True,False,py/unused-import,
exclude_js_unused_local,rccluster-20a914f6644a19001103,ucbepic/docetl,378,incomplete_change_coordination,1,1,True,False,py/unused-import,
exclude_js_unused_local,rccluster-6f99608447c03fd3c812,unclecode/crawl4ai,1152,control_state_or_dataflow_miscomposition,2,2,True,False,py/exit-from-finally|py/mixed-returns,
exclude_js_unused_local,rccluster-af52b9b70a23e091bd4c,unclecode/crawl4ai,1152,incomplete_change_coordination,1,1,True,False,py/unused-local-variable,
exclude_js_unused_local,rccluster-c4172751de38c202fd0a,unsend-dev/unsend,164,incomplete_change_coordination,14,0,False,False,,js/unused-local-variable
exclude_js_unused_local,rccluster-0722ff85ef7f3d2b7624,unsend-dev/unsend,164,incomplete_change_coordination,1,0,False,False,,js/unused-local-variable
exclude_js_unused_local,rccluster-e64fcd3221c315ca3200,unsend-dev/unsend,164,incomplete_change_coordination,1,0,False,False,,js/unused-local-variable
exclude_js_unused_local,rccluster-0adf8ec5f3acd80780f8,useautumn/autumn,95,incomplete_change_coordination,1,0,False,False,,js/unused-local-variable
exclude_js_unused_local,rccluster-f0a555838f128311f134,vgmtrans/vgmtrans,612,redundant_or_locally_inconsistent_construction,1,1,True,False,cpp/commented-out-code,
exclude_js_unused_local,rccluster-d33d1e3da82bd2c6b2c7,vlm-run/vlmrun-hub,123,incomplete_change_coordination,1,1,True,False,py/unused-import,
exclude_js_unused_local,rccluster-3df82d18ed76687b826c,vlm-run/vlmrun-hub,60,incomplete_change_coordination,2,2,True,False,py/unused-import,
exclude_js_unused_local,rccluster-22fe86fce38159608ff3,willccbb/verifiers,124,incomplete_change_coordination,1,1,True,False,py/unused-local-variable,
exclude_js_unused_local,rccluster-dd496ef0d1e7fac95de8,willccbb/verifiers,161,dependency_error_or_resource_mismanagement,2,2,True,False,py/catch-base-exception|py/empty-except,
exclude_js_unused_local,rccluster-bbb181e33e7f33f41ca2,willccbb/verifiers,166,dependency_error_or_resource_mismanagement,3,3,True,False,py/empty-except,
exclude_js_unused_local,rccluster-1a8c59efdc71651f6460,willccbb/verifiers,166,dependency_error_or_resource_mismanagement,2,2,True,False,py/empty-except,
exclude_js_unused_local,rccluster-4baad9bcf04f1e2777b5,wizarrrr/wizarr,579,control_state_or_dataflow_miscomposition,2,2,True,False,py/return-or-yield-outside-function|py/unreachable-statement,
exclude_js_unused_local,rccluster-6a8730fcadb6b223d6ef,yamadashy/repomix,574,incomplete_change_coordination,1,0,False,False,,js/unused-local-variable
exclude_js_unused_local,rccluster-6ca1265a2f0da3e00667,yamadashy/repomix,590,incomplete_change_coordination,1,0,False,False,,js/unused-local-variable
exclude_js_unused_local,rccluster-7e9babdd691b7cde07aa,yamadashy/repomix,590,incomplete_change_coordination,1,0,False,False,,js/unused-local-variable
exclude_js_unused_local,rccluster-580b3638358875caeb97,yysun/apprun,148,incomplete_change_coordination,2,0,False,False,,js/unused-local-variable
exclude_js_unused_local,rccluster-7e2b17f04e6a29a5480d,yysun/apprun,148,incomplete_change_coordination,1,0,False,False,,js/unused-local-variable
exclude_two_unused_rules,rccluster-06bf514b4d93be7340e7,3rdIteration/btcrecover,599,incomplete_change_coordination,1,0,False,False,,py/unused-import
exclude_two_unused_rules,rccluster-c94fc7a6f91664f23686,3rdIteration/btcrecover,611,redundant_or_locally_inconsistent_construction,1,0,False,False,,py/unused-import
exclude_two_unused_rules,rccluster-8850d2f10c8b3234819d,567-labs/instructor,1555,redundant_or_locally_inconsistent_construction,2,2,True,False,py/unused-local-variable,
exclude_two_unused_rules,rccluster-977a361246a00fea0744,567-labs/instructor,1677,redundant_or_locally_inconsistent_construction,2,2,True,False,py/unused-local-variable,
exclude_two_unused_rules,rccluster-8a1ed0761c02df0bee14,AgentOps-AI/agentops,1179,redundant_or_locally_inconsistent_construction,1,1,True,False,py/repeated-import,
exclude_two_unused_rules,rccluster-31bc5209442a09d37c4a,AgentOps-AI/agentops,650,incomplete_change_coordination,1,0,False,False,,py/unused-import
exclude_two_unused_rules,rccluster-239281e9b0aa3ea46ada,AgentOps-AI/agentops,650,incomplete_change_coordination,1,0,False,False,,py/unused-import
exclude_two_unused_rules,rccluster-63b15743299bdeea4ba8,AgentOps-AI/agentops,729,incomplete_change_coordination,1,0,False,False,,py/unused-import
exclude_two_unused_rules,rccluster-88e03d4d518abf486ff5,AgentOps-AI/agentops,729,incomplete_change_coordination,1,0,False,False,,py/unused-import
exclude_two_unused_rules,rccluster-b47917f7c5112f480ea2,AgentOps-AI/agentops,729,incomplete_change_coordination,2,0,False,False,,py/unused-import
exclude_two_unused_rules,rccluster-6b2884568fcb892ef9f6,AgentOps-AI/agentops,729,incomplete_change_coordination,1,1,True,False,py/undefined-export,
exclude_two_unused_rules,rccluster-30de7912ad7af9c3aad0,Azure/azure-sdk-for-python,41852,incomplete_change_coordination,1,0,False,False,,py/unused-import
exclude_two_unused_rules,rccluster-b56b192b439bdbbc8474,BeehiveInnovations/zen-mcp-server,95,redundant_or_locally_inconsistent_construction,1,1,True,False,py/repeated-import,
exclude_two_unused_rules,rccluster-3b2cc931c08c3a5fead8,BeehiveInnovations/zen-mcp-server,95,redundant_or_locally_inconsistent_construction,5,5,True,False,py/repeated-import,
exclude_two_unused_rules,rccluster-3b2c1c1890498dab2bf7,BeehiveInnovations/zen-mcp-server,95,redundant_or_locally_inconsistent_construction,2,2,True,False,py/multiple-definition,
exclude_two_unused_rules,rccluster-9160c283be83ae5d7233,BeehiveInnovations/zen-mcp-server,95,redundant_or_locally_inconsistent_construction,1,1,True,False,py/unused-local-variable,
exclude_two_unused_rules,rccluster-56e2eecd350cb12f43e5,BeehiveInnovations/zen-mcp-server,95,interface_or_contract_mismatch,1,1,True,False,py/inheritance/signature-mismatch,
exclude_two_unused_rules,rccluster-12ede7e31a3d5818d112,BerriAI/litellm,12551,redundant_or_locally_inconsistent_construction,3,1,True,True,py/import-and-import-from,py/unused-import
exclude_two_unused_rules,rccluster-b3b2354e73257be11c4a,BerriAI/litellm,12551,incomplete_change_coordination,1,0,False,False,,py/unused-import
exclude_two_unused_rules,rccluster-4c07f93f0b1193770e4f,CapSoftware/Cap,561,incomplete_change_coordination,4,0,False,False,,js/unused-local-variable
exclude_two_unused_rules,rccluster-c60263040b2ced58fc05,CapSoftware/Cap,567,incomplete_change_coordination,1,0,False,False,,js/unused-local-variable
exclude_two_unused_rules,rccluster-ea3a9f206c4bb70e111c,CapSoftware/Cap,567,incomplete_change_coordination,2,0,False,False,,js/unused-local-variable
exclude_two_unused_rules,rccluster-f6bf2ba1c3ba94450433,CapSoftware/Cap,567,incomplete_change_coordination,1,0,False,False,,js/unused-local-variable
exclude_two_unused_rules,rccluster-02b50ca330f83031e263,CapSoftware/Cap,567,incomplete_change_coordination,2,0,False,False,,js/unused-local-variable
exclude_two_unused_rules,rccluster-f5e8d6de3116a87a98ad,CapSoftware/Cap,567,redundant_or_locally_inconsistent_construction,1,0,False,False,,js/unused-local-variable
exclude_two_unused_rules,rccluster-aa847c5567edd326f20a,CapSoftware/Cap,567,incomplete_change_coordination,1,0,False,False,,js/unused-local-variable
exclude_two_unused_rules,rccluster-11bb7e5fdd5b60af249e,CapSoftware/Cap,567,incomplete_change_coordination,1,0,False,False,,js/unused-local-variable
exclude_two_unused_rules,rccluster-b8ec17a3dbc98742e165,CapSoftware/Cap,567,incomplete_change_coordination,10,0,False,False,,js/unused-local-variable
exclude_two_unused_rules,rccluster-76c9b4cf4fd09784f9ae,CapSoftware/Cap,567,incomplete_change_coordination,1,0,False,False,,js/unused-local-variable
exclude_two_unused_rules,rccluster-c120041e5d2f74f7a42b,CapSoftware/Cap,567,incomplete_change_coordination,4,0,False,False,,js/unused-local-variable
exclude_two_unused_rules,rccluster-ff9b18c692a79bb000e3,CapSoftware/Cap,567,incomplete_change_coordination,1,0,False,False,,js/unused-local-variable
exclude_two_unused_rules,rccluster-966d315e4762fa71c63e,CapSoftware/Cap,567,incomplete_change_coordination,10,0,False,False,,js/unused-local-variable
exclude_two_unused_rules,rccluster-6d9c82c185e7e8307366,CapSoftware/Cap,567,incomplete_change_coordination,1,0,False,False,,js/unused-local-variable
exclude_two_unused_rules,rccluster-1ccd63c89f60c5e2df09,CapSoftware/Cap,571,incomplete_change_coordination,3,0,False,False,,js/unused-local-variable
exclude_two_unused_rules,rccluster-3c06393fe7df6d3f4c40,CapSoftware/Cap,574,incomplete_change_coordination,1,0,False,False,,js/unused-local-variable
exclude_two_unused_rules,rccluster-8e01d19092c7c04012b9,CapSoftware/Cap,574,redundant_or_locally_inconsistent_construction,1,0,False,False,,js/unused-local-variable
exclude_two_unused_rules,rccluster-2611577cf49fad7c8c35,CapSoftware/Cap,574,incomplete_change_coordination,2,0,False,False,,js/unused-local-variable
exclude_two_unused_rules,rccluster-523b237ea8aff79b10f4,CapSoftware/Cap,575,incomplete_change_coordination,1,0,False,False,,js/unused-local-variable
exclude_two_unused_rules,rccluster-d9d3d9813d1879aee04c,CapSoftware/Cap,605,incomplete_change_coordination,1,0,False,False,,js/unused-local-variable
exclude_two_unused_rules,rccluster-1716ea36f68b6d2a0b97,Codehagen/Badget,294,incomplete_change_coordination,1,0,False,False,,js/unused-local-variable
exclude_two_unused_rules,rccluster-05469ccac37ed10f86cf,Codehagen/Badget,294,incomplete_change_coordination,1,0,False,False,,js/unused-local-variable
exclude_two_unused_rules,rccluster-f3652a94abf8456801db,Codehagen/Badget,295,incomplete_change_coordination,1,0,False,False,,js/unused-local-variable
exclude_two_unused_rules,rccluster-ac4e6b376954fa44f6fb,Codehagen/Badget,295,incomplete_change_coordination,1,0,False,False,,js/unused-local-variable
exclude_two_unused_rules,rccluster-d6f2bf95d17bb56404a5,Codehagen/Badget,295,incomplete_change_coordination,1,0,False,False,,js/unused-local-variable
exclude_two_unused_rules,rccluster-d21954531743c7a2c594,DeepLabCut/DeepLabCut,3045,control_state_or_dataflow_miscomposition,1,1,True,False,py/unreachable-statement,
exclude_two_unused_rules,rccluster-2ba1d1b35e6bd1e27725,Deepractice/PromptX,130,incomplete_change_coordination,4,0,False,False,,js/unused-local-variable
exclude_two_unused_rules,rccluster-2ed71b80e26adc1db5ff,Helicone/helicone,3882,incomplete_change_coordination,1,0,False,False,,js/unused-local-variable
exclude_two_unused_rules,rccluster-cb5150b92331ab4fa4fb,HumanSignal/label-studio-ml-backend,782,dependency_error_or_resource_mismanagement,1,1,True,False,py/file-not-closed,
exclude_two_unused_rules,rccluster-27df4ef0d8c158d70f21,HumanSignal/label-studio-ml-backend,782,redundant_or_locally_inconsistent_construction,1,1,True,False,py/unnecessary-pass,
exclude_two_unused_rules,rccluster-8235069c05ba7872d28e,HumanSignal/label-studio-ml-backend,782,incomplete_change_coordination,2,0,False,False,,py/unused-import
exclude_two_unused_rules,rccluster-bde5a73d37d8a1e0d137,HumanSignal/label-studio-ml-backend,782,incomplete_change_coordination,1,0,False,False,,py/unused-import
exclude_two_unused_rules,rccluster-c1288353e0c1ec22a9d5,Kanaries/pygwalker,700,incomplete_change_coordination,2,0,False,False,,py/unused-import
exclude_two_unused_rules,rccluster-8218a1c5325a158adf64,Kiln-AI/Kiln,358,incomplete_change_coordination,1,0,False,False,,py/unused-import
exclude_two_unused_rules,rccluster-3be08b86f241796b2944,Kiln-AI/Kiln,361,interface_or_contract_mismatch,5,5,True,False,py/call/wrong-named-argument,
exclude_two_unused_rules,rccluster-dd553ff8882baa2ef7b0,Kiln-AI/Kiln,361,redundant_or_locally_inconsistent_construction,1,1,True,False,py/unused-local-variable,
exclude_two_unused_rules,rccluster-945231e94842a474a2df,Kiln-AI/Kiln,361,redundant_or_locally_inconsistent_construction,4,4,True,False,py/test-equals-none,
exclude_two_unused_rules,rccluster-7d206bb9a6bdd7523710,Kiln-AI/Kiln,361,incomplete_change_coordination,1,0,False,False,,py/unused-import
exclude_two_unused_rules,rccluster-e4e9949175b7cf6bd6eb,Kiln-AI/Kiln,365,incomplete_change_coordination,2,0,False,False,,py/unused-import
exclude_two_unused_rules,rccluster-02cacaf895704a09dd3d,LeagueAkari/LeagueAkari,254,incomplete_change_coordination,1,0,False,False,,js/unused-local-variable
exclude_two_unused_rules,rccluster-8f038481832416047eb4,MervinPraison/PraisonAI,1021,incomplete_change_coordination,1,0,False,False,,py/unused-import
exclude_two_unused_rules,rccluster-b966e1309497548975b7,MervinPraison/PraisonAI,1021,redundant_or_locally_inconsistent_construction,2,2,True,False,py/unused-local-variable,
exclude_two_unused_rules,rccluster-c5ba690385777d2d0d6c,Netflix/metaflow,2467,control_state_or_dataflow_miscomposition,1,1,True,False,py/uninitialized-local-variable,
exclude_two_unused_rules,rccluster-2b57e76331c7cee992d8,Netflix/metaflow,2467,incomplete_change_coordination,2,2,True,False,py/commented-out-code,
exclude_two_unused_rules,rccluster-c1fee75d53547900db79,Netflix/metaflow,2467,control_state_or_dataflow_miscomposition,2,2,True,False,py/mixed-returns,
exclude_two_unused_rules,rccluster-b8359a3456a64683ee2c,NewFuture/DDNS,495,redundant_or_locally_inconsistent_construction,1,1,True,False,py/imprecise-assert,
exclude_two_unused_rules,rccluster-cea56236d0e521e87914,NewFuture/DDNS,498,redundant_or_locally_inconsistent_construction,2,2,True,False,py/imprecise-assert,
exclude_two_unused_rules,rccluster-d64f567764c8e40daa6c,OHIF/Viewers,4998,incomplete_change_coordination,1,0,False,False,,js/unused-local-variable
exclude_two_unused_rules,rccluster-103c68d7c83bc5dfd7a1,OneKeyHQ/app-monorepo,6756,incomplete_change_coordination,1,0,False,False,,js/unused-local-variable
exclude_two_unused_rules,rccluster-b2e1c2b7e798b8f007ec,OneKeyHQ/app-monorepo,6756,incomplete_change_coordination,2,0,False,False,,js/unused-local-variable
exclude_two_unused_rules,rccluster-37d98c8832d2584f7ec2,OneKeyHQ/app-monorepo,6756,incomplete_change_coordination,1,0,False,False,,js/unused-local-variable
exclude_two_unused_rules,rccluster-5191c6691e587a5e5e00,OneKeyHQ/app-monorepo,6756,incomplete_change_coordination,1,0,False,False,,js/unused-local-variable
exclude_two_unused_rules,rccluster-052e741c31c6fca1c85a,OneKeyHQ/app-monorepo,6756,incomplete_change_coordination,2,0,False,False,,js/unused-local-variable
exclude_two_unused_rules,rccluster-c2fe8b296146ba98c75b,OneKeyHQ/app-monorepo,6756,incomplete_change_coordination,5,0,False,False,,js/unused-local-variable
exclude_two_unused_rules,rccluster-f5760f63afac089f39dd,OpenHFT/Chronicle-Wire,1058,interface_or_contract_mismatch,2,2,True,False,java/unknown-javadoc-parameter,
exclude_two_unused_rules,rccluster-f7b342b341016f2db787,OpenHFT/Chronicle-Wire,1061,interface_or_contract_mismatch,6,6,True,False,java/unknown-javadoc-parameter,
exclude_two_unused_rules,rccluster-8b747de451b6e1bf1dba,OpenPipe/ART,153,dependency_error_or_resource_mismanagement,1,1,True,False,py/empty-except,
exclude_two_unused_rules,rccluster-93b5fbef7dfa34cf01b7,OpenPipe/ART,161,incomplete_change_coordination,5,0,False,False,,py/unused-import
exclude_two_unused_rules,rccluster-ef40cef0c4a89b0abc4f,OpenPipe/ART,162,incomplete_change_coordination,1,0,False,False,,py/unused-import
exclude_two_unused_rules,rccluster-52832b03b774b2dc5d55,PrefectHQ/marvin,1162,redundant_or_locally_inconsistent_construction,1,1,True,False,py/unused-global-variable,
exclude_two_unused_rules,rccluster-b256402aba917454ac58,PythonNest/PyNest,107,incomplete_change_coordination,1,0,False,False,,py/unused-import
exclude_two_unused_rules,rccluster-d2b091029ef8c28e41fc,PythonNest/PyNest,107,incomplete_change_coordination,3,0,False,False,,py/unused-import
exclude_two_unused_rules,rccluster-60db55413ddc796ea7f6,PythonNest/PyNest,107,incomplete_change_coordination,1,0,False,False,,py/unused-import
exclude_two_unused_rules,rccluster-fd9fafb8ef16fd50ecc0,PythonNest/PyNest,107,interface_or_contract_mismatch,1,1,True,False,py/inheritance/signature-mismatch,
exclude_two_unused_rules,rccluster-e790cb9935eac3a5e59f,RAGEN-AI/RAGEN,112,incomplete_change_coordination,1,0,False,False,,py/unused-import
exclude_two_unused_rules,rccluster-a963c1059230d4786e41,Shelf-nu/shelf.nu,1905,control_state_or_dataflow_miscomposition,1,1,True,False,js/trivial-conditional,
exclude_two_unused_rules,rccluster-dbb6fa9d52e7922a6b6d,Shopify/roast,76,dependency_error_or_resource_mismanagement,1,1,True,False,rb/uninitialized-local-variable,
exclude_two_unused_rules,rccluster-7580a0969323c80d8442,Significant-Gravitas/AutoGPT,10340,redundant_or_locally_inconsistent_construction,1,1,True,False,py/unnecessary-pass,
exclude_two_unused_rules,rccluster-944bddfd39ec545ec19a,Significant-Gravitas/AutoGPT,10340,redundant_or_locally_inconsistent_construction,1,1,True,False,py/import-and-import-from,
exclude_two_unused_rules,rccluster-5b994b7d5981e6103253,SimonHalvdansson/Harmonic-HN,216,control_state_or_dataflow_miscomposition,1,1,True,False,java/dereferenced-value-may-be-null,
exclude_two_unused_rules,rccluster-76ee4701a764b7ebf4ec,SimonHalvdansson/Harmonic-HN,220,dependency_error_or_resource_mismanagement,2,2,True,False,java/uncaught-number-format-exception,
exclude_two_unused_rules,rccluster-9bf17e0c7a128d837a26,Skyvern-AI/skyvern,2435,dependency_error_or_resource_mismanagement,9,9,True,False,py/cyclic-import|py/unsafe-cyclic-import,
exclude_two_unused_rules,rccluster-6d9022adede7f615bf88,TobikoData/sqlmesh,4667,dependency_error_or_resource_mismanagement,1,1,True,False,py/empty-except,
exclude_two_unused_rules,rccluster-14f544bf147f03d3c0ad,Voxelum/x-minecraft-launcher,1025,incomplete_change_coordination,1,0,False,False,,js/unused-local-variable
exclude_two_unused_rules,rccluster-3ef747ae8cf3b897ae8e,abi/screenshot-to-code,512,incomplete_change_coordination,1,0,False,False,,py/unused-import
exclude_two_unused_rules,rccluster-d91987f8a4abe878fcbf,abi/screenshot-to-code,513,incomplete_change_coordination,1,0,False,False,,py/unused-import
exclude_two_unused_rules,rccluster-5b48d029550e70037a4d,actions/toolkit,2100,incomplete_change_coordination,3,0,False,False,,js/unused-local-variable
exclude_two_unused_rules,rccluster-b517050c9d39fd24f5e5,airbytehq/airbyte,52591,incomplete_change_coordination,1,0,False,False,,py/unused-import
exclude_two_unused_rules,rccluster-8d4e3632aaf38f356ec5,airbytehq/airbyte,52591,incomplete_change_coordination,2,0,False,False,,py/unused-import
exclude_two_unused_rules,rccluster-d436c7eb52128a026a20,airbytehq/airbyte,52663,dependency_error_or_resource_mismanagement,1,1,True,False,py/file-not-closed,
exclude_two_unused_rules,rccluster-4a784fa8c8c1f2cd10cc,airbytehq/airbyte,54164,control_state_or_dataflow_miscomposition,1,1,True,False,py/side-effect-in-assert,
exclude_two_unused_rules,rccluster-3f9bbed4e65485bcf498,airbytehq/airbyte,55005,redundant_or_locally_inconsistent_construction,1,1,True,False,py/commented-out-code,
exclude_two_unused_rules,rccluster-bc612226925d74ac81cc,airbytehq/airbyte,56389,incomplete_change_coordination,1,0,False,False,,py/unused-import
exclude_two_unused_rules,rccluster-9e4de479d011cb138260,airbytehq/airbyte,56389,dependency_error_or_resource_mismanagement,2,2,True,False,py/file-not-closed,
exclude_two_unused_rules,rccluster-169a531566ae7c745e3a,airbytehq/airbyte,56432,incomplete_change_coordination,3,0,False,False,,py/unused-import
exclude_two_unused_rules,rccluster-e02a232baa5cbb850d6e,airbytehq/airbyte,56432,interface_or_contract_mismatch,1,1,True,False,py/call/wrong-arguments,
exclude_two_unused_rules,rccluster-74f313e30ab63bae8f2a,airbytehq/airbyte,56432,incomplete_change_coordination,6,0,False,False,,py/unused-import
exclude_two_unused_rules,rccluster-bfa7347e6a828af39028,airbytehq/airbyte,62455,incomplete_change_coordination,3,0,False,False,,py/unused-import
exclude_two_unused_rules,rccluster-e822cd95457f9e562fdb,airbytehq/airbyte,62455,redundant_or_locally_inconsistent_construction,6,6,True,False,py/unused-local-variable,
exclude_two_unused_rules,rccluster-f28c9a375f9e6350e6bd,analogdotnow/Analog,129,control_state_or_dataflow_miscomposition,2,2,True,False,js/trivial-conditional,
exclude_two_unused_rules,rccluster-ec04a777be200ddc33c2,analogdotnow/Analog,129,incomplete_change_coordination,1,0,False,False,,js/unused-local-variable
exclude_two_unused_rules,rccluster-ce30be509425f4b50aa6,analogdotnow/Analog,225,incomplete_change_coordination,1,0,False,False,,js/unused-local-variable
exclude_two_unused_rules,rccluster-7d54ea3b2b76810e349c,antiwork/gumroad,615,control_state_or_dataflow_miscomposition,1,1,True,False,rb/uninitialized-local-variable,
exclude_two_unused_rules,rccluster-976bf5893dce06dafe1f,apache/pinot,16030,dependency_error_or_resource_mismanagement,2,2,True,False,java/uncaught-number-format-exception,
exclude_two_unused_rules,rccluster-db9f0fa8f1abd3dce27f,apache/pulsar,24542,control_state_or_dataflow_miscomposition,1,1,True,False,java/dereferenced-value-may-be-null,
exclude_two_unused_rules,rccluster-e4e427eb5a2e12221550,apache/pulsar,24542,incomplete_change_coordination,1,1,True,False,java/unused-parameter,
exclude_two_unused_rules,rccluster-e3263fc58c5dd15ca23e,apache/pulsar,24542,incomplete_change_coordination,1,1,True,False,java/local-variable-is-never-read,
exclude_two_unused_rules,rccluster-07412c67d2c3beb23667,axinc-ai/ailia-models,1704,redundant_or_locally_inconsistent_construction,2,2,True,False,py/redundant-assignment,
exclude_two_unused_rules,rccluster-9d0999d6a9a688a92f0b,axinc-ai/ailia-models,1704,incomplete_change_coordination,1,0,False,False,,py/unused-import
exclude_two_unused_rules,rccluster-a246a58b05723adec57a,axinc-ai/ailia-models,1704,incomplete_change_coordination,1,0,False,False,,py/unused-import
exclude_two_unused_rules,rccluster-0636c615dd36b0f63dda,axinc-ai/ailia-models,1704,incomplete_change_coordination,3,0,False,False,,py/unused-import
exclude_two_unused_rules,rccluster-2676c2ae500c3091f674,axinc-ai/ailia-models,1704,redundant_or_locally_inconsistent_construction,1,1,True,False,py/redundant-assignment,
exclude_two_unused_rules,rccluster-1370a96abd97d063a696,axinc-ai/ailia-models,1704,control_state_or_dataflow_miscomposition,1,1,True,False,py/unreachable-statement,
exclude_two_unused_rules,rccluster-4538d5e5756c848b97ed,axinc-ai/ailia-models,1704,incomplete_change_coordination,1,1,True,False,py/unused-local-variable,
exclude_two_unused_rules,rccluster-b7935501c1cfc6af363b,blefnk/relivator-nextjs-template,59,incomplete_change_coordination,1,0,False,False,,js/unused-local-variable
exclude_two_unused_rules,rccluster-5f45f9924101933b2577,browser-use/browser-use,2348,incomplete_change_coordination,1,1,True,False,py/unused-local-variable,
exclude_two_unused_rules,rccluster-79e675185f70a2fb43c8,bytebot-ai/bytebot,35,control_state_or_dataflow_miscomposition,1,1,True,False,js/useless-assignment-to-local,
exclude_two_unused_rules,rccluster-15dbe5930e9ed62c8f86,bytebot-ai/bytebot,40,incomplete_change_coordination,1,0,False,False,,js/unused-local-variable
exclude_two_unused_rules,rccluster-3b2f2ea3732334c063e3,bytebot-ai/bytebot,51,incomplete_change_coordination,1,0,False,False,,js/unused-local-variable
exclude_two_unused_rules,rccluster-92e1e389203668c06b4c,calcom/cal.com,20580,incomplete_change_coordination,1,0,False,False,,js/unused-local-variable
exclude_two_unused_rules,rccluster-b8b8d7f137a67d188659,calcom/cal.com,20672,incomplete_change_coordination,1,0,False,False,,js/unused-local-variable
exclude_two_unused_rules,rccluster-f810213003bd83b10a2f,calcom/cal.com,21590,incomplete_change_coordination,1,0,False,False,,js/unused-local-variable
exclude_two_unused_rules,rccluster-fe6123deb52d9e7febd3,calcom/cal.com,21652,incomplete_change_coordination,1,0,False,False,,js/unused-local-variable
exclude_two_unused_rules,rccluster-d145708e4daf4f28b9f5,calcom/cal.com,22034,incomplete_change_coordination,1,0,False,False,,js/unused-local-variable
exclude_two_unused_rules,rccluster-4afdd3cab7ca039e6639,calcom/cal.com,22311,incomplete_change_coordination,1,0,False,False,,js/unused-local-variable
exclude_two_unused_rules,rccluster-3a8b3fa415648034c90d,camunda/camunda,34932,incomplete_change_coordination,1,1,True,False,java/unused-parameter,
exclude_two_unused_rules,rccluster-b6010dfa5ac9115748fe,cartography-cncf/cartography,1614,redundant_or_locally_inconsistent_construction,1,1,True,False,py/import-and-import-from,
exclude_two_unused_rules,rccluster-71d9667a292e53e97bec,cartography-cncf/cartography,1619,redundant_or_locally_inconsistent_construction,1,1,True,False,py/import-and-import-from,
exclude_two_unused_rules,rccluster-7794b40c944965a43635,colinhacks/zod,4865,redundant_or_locally_inconsistent_construction,1,1,True,False,js/useless-expression,
exclude_two_unused_rules,rccluster-a7bcd19ab4a0c9665137,colinhacks/zod,4915,incomplete_change_coordination,2,0,False,False,,js/unused-local-variable
exclude_two_unused_rules,rccluster-1ce7b7fc832c74d3fa35,crewAIInc/crewAI,1818,incomplete_change_coordination,1,0,False,False,,py/unused-import
exclude_two_unused_rules,rccluster-42cb5854bde1f3f26dce,crewAIInc/crewAI,1818,incomplete_change_coordination,3,0,False,False,,py/unused-import
exclude_two_unused_rules,rccluster-e7f9ec27c33f5d8d0e96,crewAIInc/crewAI,1820,incomplete_change_coordination,2,0,False,False,,py/unused-import
exclude_two_unused_rules,rccluster-676f93107e592e883d81,crewAIInc/crewAI,1820,incomplete_change_coordination,1,0,False,False,,py/unused-import
exclude_two_unused_rules,rccluster-fbf942d6bbcc48cea487,crewAIInc/crewAI,1892,incomplete_change_coordination,2,0,False,False,,py/unused-import
exclude_two_unused_rules,rccluster-fbab78314095e93bb815,crewAIInc/crewAI,1892,redundant_or_locally_inconsistent_construction,1,0,False,False,,py/unused-import
exclude_two_unused_rules,rccluster-cf9f0641cf1859631616,crewAIInc/crewAI,1892,incomplete_change_coordination,2,0,False,False,,py/unused-import
exclude_two_unused_rules,rccluster-89c514861c1f8680bf59,crewAIInc/crewAI,1892,incomplete_change_coordination,2,0,False,False,,py/unused-import
exclude_two_unused_rules,rccluster-de76ecb5e3434b89d7de,crewAIInc/crewAI,1892,control_state_or_dataflow_miscomposition,1,1,True,False,py/unreachable-statement,
exclude_two_unused_rules,rccluster-8b8edc152f33518be1b9,crewAIInc/crewAI,1892,incomplete_change_coordination,2,2,True,False,py/unused-global-variable,
exclude_two_unused_rules,rccluster-5eb1e7979705ab7101e0,crewAIInc/crewAI,1937,redundant_or_locally_inconsistent_construction,2,2,True,False,py/unused-local-variable,
exclude_two_unused_rules,rccluster-dec3ccb6080877ea62b5,crewAIInc/crewAI,2277,incomplete_change_coordination,1,0,False,False,,py/unused-import
exclude_two_unused_rules,rccluster-bbda2d2064d71f965629,crewAIInc/crewAI,2277,incomplete_change_coordination,2,0,False,False,,py/unused-import
exclude_two_unused_rules,rccluster-f6d096ed0c537bb0d139,crewAIInc/crewAI,2277,incomplete_change_coordination,1,0,False,False,,py/unused-import
exclude_two_unused_rules,rccluster-180ee305463d69ae7ba6,crewAIInc/crewAI,2277,control_state_or_dataflow_miscomposition,1,1,True,False,py/mixed-returns,
exclude_two_unused_rules,rccluster-5979be4a3375d9355694,crewAIInc/crewAI,2335,incomplete_change_coordination,1,0,False,False,,py/unused-import
exclude_two_unused_rules,rccluster-883b0b40dd35a77c4936,crewAIInc/crewAI,2352,incomplete_change_coordination,2,0,False,False,,py/unused-import
exclude_two_unused_rules,rccluster-8da92c9a6f0cfaa659fb,crewAIInc/crewAI,2476,incomplete_change_coordination,1,1,True,False,py/unused-local-variable,
exclude_two_unused_rules,rccluster-a16efaab49bad2455970,crewAIInc/crewAI,2552,incomplete_change_coordination,1,0,False,False,,py/unused-import
exclude_two_unused_rules,rccluster-93d8beeac752ceb6ae33,crewAIInc/crewAI,2594,incomplete_change_coordination,2,0,False,False,,py/unused-import
exclude_two_unused_rules,rccluster-0b624cbc7b276742f642,crewAIInc/crewAI,2994,dependency_error_or_resource_mismanagement,1,1,True,False,py/unsafe-cyclic-import,
exclude_two_unused_rules,rccluster-7d37871321573431b938,crewAIInc/crewAI-tools,162,incomplete_change_coordination,1,0,False,False,,py/unused-import
exclude_two_unused_rules,rccluster-6b81fac0baa8d9869b08,dagster-io/dagster,30864,redundant_or_locally_inconsistent_construction,1,1,True,False,py/import-and-import-from,
exclude_two_unused_rules,rccluster-98dff30204cb718ba90e,dagster-io/dagster,30864,control_state_or_dataflow_miscomposition,1,1,True,False,py/multiple-definition,
exclude_two_unused_rules,rccluster-f1725d7609977a54a113,dagster-io/dagster,30864,incomplete_change_coordination,1,0,False,False,,py/unused-import
exclude_two_unused_rules,rccluster-ff833753cef9196f142d,dagster-io/dagster,30864,redundant_or_locally_inconsistent_construction,1,1,True,False,py/unused-local-variable,
exclude_two_unused_rules,rccluster-69fb7769681f087fab58,dagster-io/dagster,30864,redundant_or_locally_inconsistent_construction,1,1,True,False,py/unused-local-variable,
exclude_two_unused_rules,rccluster-b206303c4250fbab4fef,dagster-io/dagster,30864,incomplete_change_coordination,1,0,False,False,,py/unused-import
exclude_two_unused_rules,rccluster-ebf8eb1a619de5e26963,dailydotdev/apps,4632,control_state_or_dataflow_miscomposition,1,1,True,False,js/trivial-conditional,
exclude_two_unused_rules,rccluster-9b814f6e9b77c61e1730,datopian/portaljs,1396,incomplete_change_coordination,1,0,False,False,,js/unused-local-variable
exclude_two_unused_rules,rccluster-cb8ee0a0c2bcc37d7251,different-ai/note-companion,297,incomplete_change_coordination,1,0,False,False,,js/unused-local-variable
exclude_two_unused_rules,rccluster-020929d5dfe384d29cd4,different-ai/note-companion,299,control_state_or_dataflow_miscomposition,1,1,True,False,js/useless-assignment-to-local,
exclude_two_unused_rules,rccluster-83db80e9eb4e59f739ec,different-ai/note-companion,300,incomplete_change_coordination,1,0,False,False,,js/unused-local-variable
exclude_two_unused_rules,rccluster-da4df3e97d1b525dd540,different-ai/note-companion,300,incomplete_change_coordination,1,0,False,False,,js/unused-local-variable
exclude_two_unused_rules,rccluster-da78afefcadab22c385c,different-ai/note-companion,300,incomplete_change_coordination,1,0,False,False,,js/unused-local-variable
exclude_two_unused_rules,rccluster-bf7e2604ffdc4cb38ede,different-ai/note-companion,300,incomplete_change_coordination,2,0,False,False,,js/unused-local-variable
exclude_two_unused_rules,rccluster-69173eb92c42d03eb2c1,different-ai/note-companion,308,incomplete_change_coordination,1,0,False,False,,js/unused-local-variable
exclude_two_unused_rules,rccluster-ec9a8c49b9a4d3e55981,different-ai/note-companion,326,incomplete_change_coordination,1,0,False,False,,js/unused-local-variable
exclude_two_unused_rules,rccluster-203a5f5c37429f0b51f9,different-ai/note-companion,331,incomplete_change_coordination,1,0,False,False,,js/unused-local-variable
exclude_two_unused_rules,rccluster-007347f23d7a9a051e07,different-ai/note-companion,331,incomplete_change_coordination,1,0,False,False,,js/unused-local-variable
exclude_two_unused_rules,rccluster-4c6c051aba63bff1e939,different-ai/note-companion,331,incomplete_change_coordination,3,0,False,False,,js/unused-local-variable
exclude_two_unused_rules,rccluster-9a446941aef02782bad4,different-ai/note-companion,331,incomplete_change_coordination,2,0,False,False,,js/unused-local-variable
exclude_two_unused_rules,rccluster-d6475951d911c1fde62d,different-ai/note-companion,331,incomplete_change_coordination,2,0,False,False,,js/unused-local-variable
exclude_two_unused_rules,rccluster-38ac2d99682eb8131843,different-ai/note-companion,331,incomplete_change_coordination,2,0,False,False,,js/unused-local-variable
exclude_two_unused_rules,rccluster-e24a41fa1c6091d95589,different-ai/note-companion,331,incomplete_change_coordination,1,0,False,False,,js/unused-local-variable
exclude_two_unused_rules,rccluster-1113e0e7830be3b0d986,different-ai/note-companion,331,incomplete_change_coordination,1,0,False,False,,js/unused-local-variable
exclude_two_unused_rules,rccluster-038e9a74362ced7dbd55,different-ai/note-companion,331,incomplete_change_coordination,1,0,False,False,,js/unused-local-variable
exclude_two_unused_rules,rccluster-cccb8526c3c75039eaa7,different-ai/note-companion,331,incomplete_change_coordination,1,0,False,False,,js/unused-local-variable
exclude_two_unused_rules,rccluster-ff2fb4790173f70e538c,different-ai/note-companion,343,incomplete_change_coordination,4,0,False,False,,js/unused-local-variable
exclude_two_unused_rules,rccluster-c228fbb78d4866ddcd59,different-ai/note-companion,343,incomplete_change_coordination,1,0,False,False,,js/unused-local-variable
exclude_two_unused_rules,rccluster-14a0f4a85983f64e92b6,docling-project/docling,1928,dependency_error_or_resource_mismanagement,1,1,True,False,py/empty-except,
exclude_two_unused_rules,rccluster-f5e5f9717aef814c11a6,dust-tt/dust,10572,redundant_or_locally_inconsistent_construction,2,2,True,False,js/missing-space-in-concatenation,
exclude_two_unused_rules,rccluster-ee1b859966f5052ad27e,dust-tt/dust,10572,control_state_or_dataflow_miscomposition,5,5,True,False,js/trivial-conditional,
exclude_two_unused_rules,rccluster-88c5dbf31e336f1c3c3f,dust-tt/dust,10572,incomplete_change_coordination,1,0,False,False,,js/unused-local-variable
exclude_two_unused_rules,rccluster-5cf09cff87ef2f239901,dust-tt/dust,10572,incomplete_change_coordination,1,0,False,False,,js/unused-local-variable
exclude_two_unused_rules,rccluster-02defe1765c0eda6d0c5,dust-tt/dust,10572,control_state_or_dataflow_miscomposition,1,1,True,False,js/trivial-conditional,
exclude_two_unused_rules,rccluster-012d7ea222586df1203c,elie222/inbox-zero,494,incomplete_change_coordination,1,0,False,False,,js/unused-local-variable
exclude_two_unused_rules,rccluster-f48a2f00a63273497c35,elie222/inbox-zero,494,redundant_or_locally_inconsistent_construction,1,0,False,False,,js/unused-local-variable
exclude_two_unused_rules,rccluster-d40f9144787c493a62c4,elizaOS/eliza,2549,incomplete_change_coordination,1,0,False,False,,js/unused-local-variable
exclude_two_unused_rules,rccluster-7c909e7913af405be005,elizaOS/eliza,2549,incomplete_change_coordination,1,0,False,False,,js/unused-local-variable
exclude_two_unused_rules,rccluster-9565ac8e88f6cc360587,elizaOS/eliza,2549,incomplete_change_coordination,2,0,False,False,,js/unused-local-variable
exclude_two_unused_rules,rccluster-c0ccebf10555a6722576,elizaOS/eliza,4686,incomplete_change_coordination,1,0,False,False,,js/unused-local-variable
exclude_two_unused_rules,rccluster-c9d422a50b23217192ac,elizaOS/eliza,4686,incomplete_change_coordination,2,0,False,False,,js/unused-local-variable
exclude_two_unused_rules,rccluster-b0ea91bb6ad7ba6bf367,elizaOS/eliza,4935,incomplete_change_coordination,1,0,False,False,,js/unused-local-variable
exclude_two_unused_rules,rccluster-490c4e0dca174493f43e,elizaOS/eliza,5490,incomplete_change_coordination,1,0,False,False,,js/unused-local-variable
exclude_two_unused_rules,rccluster-45e2deebb00a6933fdf1,elizaOS/eliza,5565,incomplete_change_coordination,1,0,False,False,,js/unused-local-variable
exclude_two_unused_rules,rccluster-f7af9c87cb3b39d57d6a,elizaOS/eliza,5565,incomplete_change_coordination,1,0,False,False,,js/unused-local-variable
exclude_two_unused_rules,rccluster-49a5413af5611f38cf78,elizaOS/eliza,5565,incomplete_change_coordination,1,0,False,False,,js/unused-local-variable
exclude_two_unused_rules,rccluster-c64cb23b290a3efbf4ce,elizaOS/eliza,5565,incomplete_change_coordination,1,0,False,False,,js/unused-local-variable
exclude_two_unused_rules,rccluster-6f10b2a2beeaebdbe925,elizaOS/eliza,5565,incomplete_change_coordination,1,0,False,False,,js/unused-local-variable
exclude_two_unused_rules,rccluster-1ddfb088d1b69f358c05,elizaOS/eliza,5565,incomplete_change_coordination,1,0,False,False,,js/unused-local-variable
exclude_two_unused_rules,rccluster-ef74b2faf8fcf590e0fa,elizaOS/eliza,5565,incomplete_change_coordination,1,0,False,False,,js/unused-local-variable
exclude_two_unused_rules,rccluster-b58554e4e4d0b2504c69,featureform/enrichmcp,63,redundant_or_locally_inconsistent_construction,2,2,True,False,py/unused-local-variable,
exclude_two_unused_rules,rccluster-997be81cc0ee50dece55,formbricks/formbricks,5819,incomplete_change_coordination,2,0,False,False,,js/unused-local-variable
exclude_two_unused_rules,rccluster-fcce8429f0ae94d94bf5,formbricks/formbricks,5819,incomplete_change_coordination,2,0,False,False,,js/unused-local-variable
exclude_two_unused_rules,rccluster-13aca7f93fc27a24c916,getsentry/sentry,93304,dependency_error_or_resource_mismanagement,5,5,True,False,py/cyclic-import,
exclude_two_unused_rules,rccluster-d8c709ef6219514ce854,getsentry/sentry,93709,dependency_error_or_resource_mismanagement,1,1,True,False,py/cyclic-import,
exclude_two_unused_rules,rccluster-20824d112f87058a9a9c,getsentry/sentry,93709,control_state_or_dataflow_miscomposition,3,3,True,False,py/uninitialized-local-variable,
exclude_two_unused_rules,rccluster-44f42eff61a80121fbc4,getsentry/sentry,94888,control_state_or_dataflow_miscomposition,1,1,True,False,py/redundant-else,
exclude_two_unused_rules,rccluster-d49cd6ccdfcf6049349d,getsentry/sentry,95658,dependency_error_or_resource_mismanagement,1,1,True,False,py/cyclic-import,
exclude_two_unused_rules,rccluster-ec1c7358922de7df6034,getsentry/sentry,95801,dependency_error_or_resource_mismanagement,2,2,True,False,py/cyclic-import,
exclude_two_unused_rules,rccluster-baad56f744bbcae1dee2,github-copilot-resources/copilot-metrics-viewer,226,incomplete_change_coordination,1,0,False,False,,js/unused-local-variable
exclude_two_unused_rules,rccluster-36837d2e4cc90b4c6f6e,goat-sdk/goat,174,incomplete_change_coordination,1,0,False,False,,js/unused-local-variable
exclude_two_unused_rules,rccluster-3c09053980cff773e433,goat-sdk/goat,178,incomplete_change_coordination,1,0,False,False,,js/unused-local-variable
exclude_two_unused_rules,rccluster-3db8c83bc83367996804,hasanharman/form-builder,79,incomplete_change_coordination,1,0,False,False,,js/unused-local-variable
exclude_two_unused_rules,rccluster-1dadd39f036498896b1f,hasanharman/form-builder,80,incomplete_change_coordination,1,0,False,False,,js/unused-local-variable
exclude_two_unused_rules,rccluster-a926dfc879fcbb7bfb96,haydenbleasel/kibo,165,incomplete_change_coordination,1,0,False,False,,js/unused-local-variable
exclude_two_unused_rules,rccluster-20260f7375d2aa45bf44,haydenbleasel/kibo,168,incomplete_change_coordination,1,0,False,False,,js/unused-local-variable
exclude_two_unused_rules,rccluster-045ddb18207b0726c420,ibelick/zola,185,control_state_or_dataflow_miscomposition,1,1,True,False,js/trivial-conditional,
exclude_two_unused_rules,rccluster-ca4d9a55e585d4ab5807,ikamensh/flynt,231,control_state_or_dataflow_miscomposition,1,1,True,False,py/unused-local-variable,
exclude_two_unused_rules,rccluster-b00a4caceeaa9fc8f72f,imbhargav5/rooks,1798,redundant_or_locally_inconsistent_construction,2,0,False,False,,js/unused-local-variable
exclude_two_unused_rules,rccluster-77516ee5311c5233e79e,imbhargav5/rooks,1801,incomplete_change_coordination,1,0,False,False,,js/unused-local-variable
exclude_two_unused_rules,rccluster-1b7087f1f72c2b1a07b0,imbhargav5/rooks,1833,control_state_or_dataflow_miscomposition,2,2,True,False,js/react/unused-or-undefined-state-property,
exclude_two_unused_rules,rccluster-56db9768a72cc2d9617e,imbhargav5/rooks,1840,incomplete_change_coordination,1,0,False,False,,js/unused-local-variable
exclude_two_unused_rules,rccluster-214085a046cf13580237,iterative/datachain,1215,redundant_or_locally_inconsistent_construction,1,1,True,False,py/import-and-import-from,
exclude_two_unused_rules,rccluster-5cdcd2d18989e1172b27,jina-ai/node-DeepResearch,2,redundant_or_locally_inconsistent_construction,1,1,True,False,js/automatic-semicolon-insertion,
exclude_two_unused_rules,rccluster-f132bb9e566178a30f82,jina-ai/node-DeepResearch,4,incomplete_change_coordination,1,0,False,False,,js/unused-local-variable
exclude_two_unused_rules,rccluster-938aea39b9e3e5b8fb31,jlowin/fastmcp,870,dependency_error_or_resource_mismanagement,4,4,True,False,py/unsafe-cyclic-import,
exclude_two_unused_rules,rccluster-75099625fb3b09427a7b,jlowin/fastmcp,870,dependency_error_or_resource_mismanagement,1,1,True,False,py/unsafe-cyclic-import,
exclude_two_unused_rules,rccluster-c43c1ff9bef0c7ba17d7,jnsahaj/tweakcn,98,incomplete_change_coordination,4,0,False,False,,js/unused-local-variable
exclude_two_unused_rules,rccluster-16a157f891366354cb57,jnsahaj/tweakcn,98,incomplete_change_coordination,1,0,False,False,,js/unused-local-variable
exclude_two_unused_rules,rccluster-a9604cf7d8400df0792f,jxxghp/MoviePilot,4566,incomplete_change_coordination,4,0,False,False,,py/unused-import
exclude_two_unused_rules,rccluster-d970f6936b9e388d56e1,jxxghp/MoviePilot,4566,incomplete_change_coordination,1,0,False,False,,py/unused-import
exclude_two_unused_rules,rccluster-d2e7d48c08bffbd2490e,jxxghp/MoviePilot,4577,dependency_error_or_resource_mismanagement,10,10,True,False,py/catch-base-exception|py/empty-except,
exclude_two_unused_rules,rccluster-278ba241b2072515cf81,jxxghp/MoviePilot,4577,incomplete_change_coordination,2,0,False,False,,py/unused-import
exclude_two_unused_rules,rccluster-d4bcf049622d96ebcd07,keephq/keep,5015,incomplete_change_coordination,3,0,False,False,,py/unused-import
exclude_two_unused_rules,rccluster-48c5f9b21a8db14b02fc,keephq/keep,5074,interface_or_contract_mismatch,2,2,True,False,py/inheritance/signature-mismatch,
exclude_two_unused_rules,rccluster-24bea543669103685544,keephq/keep,5101,redundant_or_locally_inconsistent_construction,4,4,True,False,py/unused-local-variable,
exclude_two_unused_rules,rccluster-c89cc348e3281d63ca7e,kortix-ai/suna,1013,incomplete_change_coordination,3,0,False,False,,js/unused-local-variable
exclude_two_unused_rules,rccluster-6d6cce2ed0015233ddca,langbot-app/LangBot,1418,incomplete_change_coordination,1,1,True,False,py/commented-out-code,
exclude_two_unused_rules,rccluster-d6a17903fe0c1f7c6d9d,langbot-app/LangBot,1418,control_state_or_dataflow_miscomposition,1,1,True,False,py/unreachable-statement,
exclude_two_unused_rules,rccluster-69b3cd42ea5991b799d4,langbot-app/LangBot,1418,interface_or_contract_mismatch,2,2,True,False,py/missing-call-to-init,
exclude_two_unused_rules,rccluster-a6f638585dd8c4a54086,langflow-ai/langflow,8870,redundant_or_locally_inconsistent_construction,2,2,True,False,py/unused-local-variable,
exclude_two_unused_rules,rccluster-bc681f9e4d97b6336757,langflow-ai/langflow,8870,interface_or_contract_mismatch,4,4,True,False,py/call/wrong-named-argument,
exclude_two_unused_rules,rccluster-585be48d82d9b6bcb459,liam-hq/liam,1163,incomplete_change_coordination,2,0,False,False,,js/unused-local-variable
exclude_two_unused_rules,rccluster-7756669f0d3daf852d8c,liam-hq/liam,1296,incomplete_change_coordination,1,0,False,False,,js/unused-local-variable
exclude_two_unused_rules,rccluster-72ae4f68376fc48fdb2f,liam-hq/liam,1296,incomplete_change_coordination,2,0,False,False,,js/unused-local-variable
exclude_two_unused_rules,rccluster-48eb74648b373c7b599d,liam-hq/liam,1296,incomplete_change_coordination,1,0,False,False,,js/unused-local-variable
exclude_two_unused_rules,rccluster-f6fc658f86c819f96f31,liam-hq/liam,1880,control_state_or_dataflow_miscomposition,1,1,True,False,js/trivial-conditional,
exclude_two_unused_rules,rccluster-067c1bd60ad31418383b,liam-hq/liam,2099,incomplete_change_coordination,1,0,False,False,,js/unused-local-variable
exclude_two_unused_rules,rccluster-ce06651f1a0df4480509,lingodotdev/lingo.dev,700,incomplete_change_coordination,1,0,False,False,,js/unused-local-variable
exclude_two_unused_rules,rccluster-fec928d151199ae6fad2,lingodotdev/lingo.dev,708,incomplete_change_coordination,2,0,False,False,,js/unused-local-variable
exclude_two_unused_rules,rccluster-21a15bfcf1c36b5d2934,lingodotdev/lingo.dev,708,incomplete_change_coordination,2,0,False,False,,js/unused-local-variable
exclude_two_unused_rules,rccluster-2ac5418a01e7ca4792fa,lingodotdev/lingo.dev,739,incomplete_change_coordination,1,0,False,False,,js/unused-local-variable
exclude_two_unused_rules,rccluster-f191fc0299a83416166c,linux-do/cdk,58,control_state_or_dataflow_miscomposition,1,1,True,False,js/useless-assignment-to-local,
exclude_two_unused_rules,rccluster-3bffb6939f0f6299299b,lostintangent/gistpad,389,incomplete_change_coordination,1,0,False,False,,js/unused-local-variable
exclude_two_unused_rules,rccluster-5cc96c94b344119a6527,maybe-finance/maybe,2389,control_state_or_dataflow_miscomposition,2,2,True,False,rb/uninitialized-local-variable,
exclude_two_unused_rules,rccluster-2e0de36a944dd4be5d0d,maybe-finance/maybe,2389,control_state_or_dataflow_miscomposition,1,1,True,False,rb/useless-assignment-to-local,
exclude_two_unused_rules,rccluster-f792c5691a26c343dfc3,maybe-finance/maybe,2389,redundant_or_locally_inconsistent_construction,5,5,True,False,rb/useless-assignment-to-local,
exclude_two_unused_rules,rccluster-e009e4f8ce119200a158,mendableai/firecrawl,1413,incomplete_change_coordination,1,0,False,False,,js/unused-local-variable
exclude_two_unused_rules,rccluster-bd787723ca271c6358de,mendableai/firecrawl,1557,redundant_or_locally_inconsistent_construction,1,1,True,False,js/automatic-semicolon-insertion,
exclude_two_unused_rules,rccluster-5b2b2c997b9322f20ac8,mendableai/firecrawl,1557,incomplete_change_coordination,1,0,False,False,,js/unused-local-variable
exclude_two_unused_rules,rccluster-e9b212549907727cfdc2,mendableai/firecrawl,1676,control_state_or_dataflow_miscomposition,1,1,True,False,js/unreachable-statement,
exclude_two_unused_rules,rccluster-3fa4737fa3e5cf6ea447,mendableai/firecrawl,1714,redundant_or_locally_inconsistent_construction,1,0,False,False,,js/unused-local-variable
exclude_two_unused_rules,rccluster-2a128fd923667744f4f7,mendableai/firecrawl,1714,control_state_or_dataflow_miscomposition,1,1,True,False,js/useless-assignment-to-local,
exclude_two_unused_rules,rccluster-9db5fb2e5fdcb62e310d,mendableai/firecrawl,1735,incomplete_change_coordination,1,0,False,False,,js/unused-local-variable
exclude_two_unused_rules,rccluster-21fb698b8728966835e9,mendableai/firecrawl,1851,redundant_or_locally_inconsistent_construction,4,4,True,False,js/automatic-semicolon-insertion,
exclude_two_unused_rules,rccluster-b2f7e6911188fc456ff4,mendableai/firecrawl,1851,control_state_or_dataflow_miscomposition,1,1,True,False,js/useless-assignment-to-local,
exclude_two_unused_rules,rccluster-9362d24346a996593d23,mendableai/firecrawl,1877,incomplete_change_coordination,2,0,False,False,,js/unused-local-variable
exclude_two_unused_rules,rccluster-ed2f7b8f83961ec7d42a,mendableai/firecrawl,1893,redundant_or_locally_inconsistent_construction,4,0,False,False,,js/unused-local-variable
exclude_two_unused_rules,rccluster-afb149b4284b457ce8e5,mfts/papermark,1762,incomplete_change_coordination,1,0,False,False,,js/unused-local-variable
exclude_two_unused_rules,rccluster-20a9a39b38acfffb01ca,mfts/papermark,1762,incomplete_change_coordination,1,0,False,False,,js/unused-local-variable
exclude_two_unused_rules,rccluster-3a2cbcf9125ba2eacc2e,microsoft/ApplicationInsights-JS,2583,incomplete_change_coordination,4,0,False,False,,js/unused-local-variable
exclude_two_unused_rules,rccluster-83c286e839edda51fa8f,microsoft/ApplicationInsights-JS,2595,redundant_or_locally_inconsistent_construction,1,1,True,False,js/automatic-semicolon-insertion,
exclude_two_unused_rules,rccluster-a5f10db44c664f4edbcc,microsoft/ApplicationInsights-JS,2595,incomplete_change_coordination,2,0,False,False,,js/unused-local-variable
exclude_two_unused_rules,rccluster-c7c8cabdf8f34382d047,microsoft/RD-Agent,975,incomplete_change_coordination,3,3,True,False,py/commented-out-code,
exclude_two_unused_rules,rccluster-b443e1166edb5f4f11d2,microsoft/RD-Agent,975,incomplete_change_coordination,1,1,True,False,py/unused-local-variable,
exclude_two_unused_rules,rccluster-302a1b104d201c23718c,microsoft/RD-Agent,975,interface_or_contract_mismatch,6,6,True,False,py/inheritance/signature-mismatch|py/unused-local-variable,
exclude_two_unused_rules,rccluster-3c15f2f67459bdd719ea,microsoft/azure-devops-mcp,248,incomplete_change_coordination,1,0,False,False,,js/unused-local-variable
exclude_two_unused_rules,rccluster-7bd9b9a8b2e592f849af,microsoft/genaiscript,1773,redundant_or_locally_inconsistent_construction,1,0,False,False,,js/unused-local-variable
exclude_two_unused_rules,rccluster-63a9fc81d97acb06b9f4,microsoft/typespec,7426,redundant_or_locally_inconsistent_construction,2,2,True,False,java/useless-tostring-call,
exclude_two_unused_rules,rccluster-84b8ccd42469eacd4aa0,microsoft/typespec,7426,interface_or_contract_mismatch,66,66,True,False,java/deprecated-call,
exclude_two_unused_rules,rccluster-36092e30cadb12be2c59,microsoft/typespec,7426,redundant_or_locally_inconsistent_construction,1,1,True,False,java/useless-tostring-call,
exclude_two_unused_rules,rccluster-6a0d5f3e3b897c3b4705,microsoft/typespec,7426,interface_or_contract_mismatch,1,1,True,False,java/missing-override-annotation,
exclude_two_unused_rules,rccluster-88a8ed1a08a2d1b3c5e7,microsoft/typespec,7426,dependency_error_or_resource_mismanagement,1,1,True,False,java/ignored-error-status-of-call,
exclude_two_unused_rules,rccluster-ee9998ef3321c1d52737,microsoft/typespec,7426,dependency_error_or_resource_mismanagement,1,1,True,False,java/ignored-error-status-of-call,
exclude_two_unused_rules,rccluster-a05a80d059a026eef47c,microsoft/typespec,7426,incomplete_change_coordination,2,2,True,False,java/unused-parameter,
exclude_two_unused_rules,rccluster-42aafc291aa7f1c6c5db,microsoft/vscode,250646,control_state_or_dataflow_miscomposition,1,1,True,False,js/trivial-conditional,
exclude_two_unused_rules,rccluster-667df2d0754b6720dfaf,microsoft/vscode,250672,incomplete_change_coordination,1,0,False,False,,js/unused-local-variable
exclude_two_unused_rules,rccluster-bfec5bab7a7907801292,microsoft/vscode,250672,incomplete_change_coordination,1,0,False,False,,js/unused-local-variable
exclude_two_unused_rules,rccluster-b544eaddde307a22307f,microsoft/vscode,250672,incomplete_change_coordination,1,0,False,False,,js/unused-local-variable
exclude_two_unused_rules,rccluster-b26f8523be2cd24820f7,miurla/morphic,531,incomplete_change_coordination,2,0,False,False,,js/unused-local-variable
exclude_two_unused_rules,rccluster-5ba00b00b78f5de41820,module-federation/core,3883,redundant_or_locally_inconsistent_construction,2,0,False,False,,js/unused-local-variable
exclude_two_unused_rules,rccluster-eba5f51473f7f9bf23f4,module-federation/core,3883,incomplete_change_coordination,1,0,False,False,,js/unused-local-variable
exclude_two_unused_rules,rccluster-6f799bb7a9eea4461808,module-federation/core,3916,incomplete_change_coordination,1,0,False,False,,js/unused-local-variable
exclude_two_unused_rules,rccluster-1f8a2cedf5d51104b2a5,mrwadams/stride-gpt,72,control_state_or_dataflow_miscomposition,3,3,True,False,py/multiple-definition,
exclude_two_unused_rules,rccluster-b1ff45adc276306ac672,novuhq/novu,8305,redundant_or_locally_inconsistent_construction,1,0,False,False,,js/unused-local-variable
exclude_two_unused_rules,rccluster-4a22d9384427a1a2dd2e,novuhq/novu,8313,incomplete_change_coordination,1,0,False,False,,js/unused-local-variable
exclude_two_unused_rules,rccluster-404a016a157b85aa076c,novuhq/novu,8335,incomplete_change_coordination,3,0,False,False,,js/unused-local-variable
exclude_two_unused_rules,rccluster-c1224beac1904723d801,novuhq/novu,8339,incomplete_change_coordination,1,0,False,False,,js/unused-local-variable
exclude_two_unused_rules,rccluster-a5edc0de4fed4714af63,novuhq/novu,8363,incomplete_change_coordination,1,0,False,False,,js/unused-local-variable
exclude_two_unused_rules,rccluster-0b402d2fa08ea7dda794,novuhq/novu,8396,incomplete_change_coordination,1,0,False,False,,js/unused-local-variable
exclude_two_unused_rules,rccluster-c3265a45a310cdc3f8a2,novuhq/novu,8562,incomplete_change_coordination,1,0,False,False,,js/unused-local-variable
exclude_two_unused_rules,rccluster-75976710862f489c2fb0,novuhq/novu,8563,incomplete_change_coordination,1,0,False,False,,js/unused-local-variable
exclude_two_unused_rules,rccluster-275ce25e19d8111d4950,novuhq/novu,8584,incomplete_change_coordination,2,0,False,False,,js/unused-local-variable
exclude_two_unused_rules,rccluster-d062be8839c01c094eef,nrwl/nx,31621,incomplete_change_coordination,1,0,False,False,,js/unused-local-variable
exclude_two_unused_rules,rccluster-40f5e92c8914809588c9,nrwl/nx,31621,incomplete_change_coordination,1,0,False,False,,js/unused-local-variable
exclude_two_unused_rules,rccluster-5c4189cc1e8afdf3182f,nrwl/nx,31621,control_state_or_dataflow_miscomposition,1,1,True,False,js/useless-assignment-to-local,
exclude_two_unused_rules,rccluster-5d8562fe72743c82de0f,nrwl/nx,31621,incomplete_change_coordination,1,0,False,False,,js/unused-local-variable
exclude_two_unused_rules,rccluster-e28faf82ca011d69a5b7,nrwl/nx,31621,incomplete_change_coordination,1,0,False,False,,js/unused-local-variable
exclude_two_unused_rules,rccluster-624e22f2eadb1fb6897a,nrwl/nx,31621,incomplete_change_coordination,1,0,False,False,,js/unused-local-variable
exclude_two_unused_rules,rccluster-486e9855ad6d6c43af3a,nrwl/nx,31621,incomplete_change_coordination,1,0,False,False,,js/unused-local-variable
exclude_two_unused_rules,rccluster-00d6228c9571aeecfd48,nrwl/nx,31621,incomplete_change_coordination,1,0,False,False,,js/unused-local-variable
exclude_two_unused_rules,rccluster-10f751f4b3b869670ecc,nrwl/nx,31621,incomplete_change_coordination,4,0,False,False,,js/unused-local-variable
exclude_two_unused_rules,rccluster-88a5308b0e4293a04143,nrwl/nx,31621,incomplete_change_coordination,3,0,False,False,,js/unused-local-variable
exclude_two_unused_rules,rccluster-b6f35ec20a4cbd4af3db,onetimesecret/onetimesecret,1538,control_state_or_dataflow_miscomposition,1,1,True,False,rb/useless-assignment-to-local,
exclude_two_unused_rules,rccluster-52417a63132a640fafd4,onetimesecret/onetimesecret,1538,redundant_or_locally_inconsistent_construction,1,1,True,False,rb/useless-assignment-to-local,
exclude_two_unused_rules,rccluster-e44bfdf45468060bba8c,onetimesecret/onetimesecret,1538,incomplete_change_coordination,1,1,True,False,rb/useless-assignment-to-local,
exclude_two_unused_rules,rccluster-52399660dcfbb959490a,onetimesecret/onetimesecret,1538,redundant_or_locally_inconsistent_construction,1,1,True,False,rb/useless-assignment-to-local,
exclude_two_unused_rules,rccluster-527a7ebdeaf8ecfc6949,onetimesecret/onetimesecret,1538,redundant_or_locally_inconsistent_construction,2,2,True,False,rb/useless-assignment-to-local,
exclude_two_unused_rules,rccluster-532804fe0f18c6d63c77,onetimesecret/onetimesecret,1577,redundant_or_locally_inconsistent_construction,1,1,True,False,rb/useless-assignment-to-local,
exclude_two_unused_rules,rccluster-6016d8b59fe95a741e7a,onlook-dev/onlook,1305,incomplete_change_coordination,1,0,False,False,,js/unused-local-variable
exclude_two_unused_rules,rccluster-6b2ba04a3914dec2dc9a,onlook-dev/onlook,1386,incomplete_change_coordination,2,0,False,False,,js/unused-local-variable
exclude_two_unused_rules,rccluster-43b08ad79066349e9691,onlook-dev/onlook,1386,incomplete_change_coordination,2,0,False,False,,js/unused-local-variable
exclude_two_unused_rules,rccluster-903280c778469f2fe5c6,onlook-dev/onlook,1411,incomplete_change_coordination,1,0,False,False,,js/unused-local-variable
exclude_two_unused_rules,rccluster-d8c61bbc84845d19f448,onlook-dev/onlook,2088,incomplete_change_coordination,2,0,False,False,,js/unused-local-variable
exclude_two_unused_rules,rccluster-405b90bf7d928b38532c,onlook-dev/onlook,2088,incomplete_change_coordination,7,0,False,False,,js/unused-local-variable
exclude_two_unused_rules,rccluster-945052fd4813f06c1fdd,onlook-dev/onlook,2093,incomplete_change_coordination,1,0,False,False,,js/unused-local-variable
exclude_two_unused_rules,rccluster-b063871680ebd68aef14,onlook-dev/onlook,2169,incomplete_change_coordination,1,0,False,False,,js/unused-local-variable
exclude_two_unused_rules,rccluster-5dadc583cef1f7ca0b2a,openai/openai-agents-python,729,dependency_error_or_resource_mismanagement,7,7,True,False,py/cyclic-import|py/unsafe-cyclic-import,
exclude_two_unused_rules,rccluster-7353d584e92240e17b42,openai/openai-agents-python,886,redundant_or_locally_inconsistent_construction,1,1,True,False,py/unnecessary-pass,
exclude_two_unused_rules,rccluster-f504dbcb0461eb638a80,oraios/serena,286,incomplete_change_coordination,12,4,True,True,py/unused-local-variable,py/unused-import
exclude_two_unused_rules,rccluster-f1e7d6862a094a041bce,patched-codes/patchwork,1192,incomplete_change_coordination,1,0,False,False,,py/unused-import
exclude_two_unused_rules,rccluster-29785c65ab76c6dd715b,patched-codes/patchwork,1192,incomplete_change_coordination,1,0,False,False,,py/unused-import
exclude_two_unused_rules,rccluster-21e5a191b7593cc63fe6,pdfme/pdfme,1059,control_state_or_dataflow_miscomposition,2,2,True,False,js/useless-assignment-to-local,
exclude_two_unused_rules,rccluster-11c82171a693b6530e46,pdfme/pdfme,1059,control_state_or_dataflow_miscomposition,3,3,True,False,js/redundant-operation,
exclude_two_unused_rules,rccluster-21e83f471fc50e560947,pdfme/pdfme,1059,redundant_or_locally_inconsistent_construction,3,3,True,False,js/automatic-semicolon-insertion,
exclude_two_unused_rules,rccluster-d125b087b52863875386,pdfme/pdfme,1059,control_state_or_dataflow_miscomposition,1,1,True,False,js/trivial-conditional,
exclude_two_unused_rules,rccluster-bf17614d08e1a2476e2d,pdfme/pdfme,1059,redundant_or_locally_inconsistent_construction,1,1,True,False,js/redundant-assignment,
exclude_two_unused_rules,rccluster-17ef02abdfd899568fe6,pdfme/pdfme,761,incomplete_change_coordination,1,0,False,False,,js/unused-local-variable
exclude_two_unused_rules,rccluster-70e07a2887d066741d6c,pdfme/pdfme,764,incomplete_change_coordination,1,0,False,False,,js/unused-local-variable
exclude_two_unused_rules,rccluster-d495572fbade8e168636,pdfme/pdfme,765,incomplete_change_coordination,1,0,False,False,,js/unused-local-variable
exclude_two_unused_rules,rccluster-6ff64f46468e214facde,pdfme/pdfme,766,incomplete_change_coordination,1,0,False,False,,js/unused-local-variable
exclude_two_unused_rules,rccluster-b66b750d29091ae875aa,pdfme/pdfme,802,redundant_or_locally_inconsistent_construction,1,0,False,False,,js/unused-local-variable
exclude_two_unused_rules,rccluster-8aaa6973fdbc52ec1876,pdfme/pdfme,810,incomplete_change_coordination,1,0,False,False,,js/unused-local-variable
exclude_two_unused_rules,rccluster-00b864e2449f3549de5e,prebid/Prebid.js,13160,control_state_or_dataflow_miscomposition,3,3,True,False,js/trivial-conditional,
exclude_two_unused_rules,rccluster-1fa44ce1f60290f596ba,prebid/Prebid.js,13167,redundant_or_locally_inconsistent_construction,1,1,True,False,js/automatic-semicolon-insertion,
exclude_two_unused_rules,rccluster-c5135556daa74b1478fa,prebid/Prebid.js,13243,incomplete_change_coordination,1,0,False,False,,js/unused-local-variable
exclude_two_unused_rules,rccluster-5e27f4f80ab918639bc9,prebid/Prebid.js,13320,redundant_or_locally_inconsistent_construction,2,2,True,False,js/automatic-semicolon-insertion,
exclude_two_unused_rules,rccluster-0af77366dc502d20a4e4,prebid/Prebid.js,13322,redundant_or_locally_inconsistent_construction,2,2,True,False,js/automatic-semicolon-insertion,
exclude_two_unused_rules,rccluster-095f908cfb4741154a2d,promptfoo/promptfoo,2709,control_state_or_dataflow_miscomposition,1,1,True,False,js/useless-assignment-to-local,
exclude_two_unused_rules,rccluster-58d79fda769fc9c49d38,reflex-dev/reflex,5555,dependency_error_or_resource_mismanagement,1,1,True,False,py/empty-except,
exclude_two_unused_rules,rccluster-965c54910bc615bd0237,robinkarlberg/transfer.zip-web,35,incomplete_change_coordination,1,0,False,False,,js/unused-local-variable
exclude_two_unused_rules,rccluster-006ef37f856c6a467e36,robinkarlberg/transfer.zip-web,36,redundant_or_locally_inconsistent_construction,1,1,True,False,js/automatic-semicolon-insertion,
exclude_two_unused_rules,rccluster-9738151c959887835c34,robinkarlberg/transfer.zip-web,39,incomplete_change_coordination,3,0,False,False,,js/unused-local-variable
exclude_two_unused_rules,rccluster-778e45b31d2d6eec0447,robinkarlberg/transfer.zip-web,39,incomplete_change_coordination,3,0,False,False,,js/unused-local-variable
exclude_two_unused_rules,rccluster-5c3335fca4a7aaf31ec6,rsyslog/rsyslog,5665,interface_or_contract_mismatch,4,4,True,False,cpp/implicit-function-declaration,
exclude_two_unused_rules,rccluster-019002e87e122109fb97,rsyslog/rsyslog,5754,interface_or_contract_mismatch,1,1,True,False,cpp/implicit-function-declaration,
exclude_two_unused_rules,rccluster-2acc3bcae48d15d3acf1,rsyslog/rsyslog,5754,interface_or_contract_mismatch,1,1,True,False,cpp/implicit-function-declaration,
exclude_two_unused_rules,rccluster-4b224d821017ce974aa9,ruvnet/claude-flow,519,interface_or_contract_mismatch,2,1,True,True,js/call-to-non-callable,js/unused-local-variable
exclude_two_unused_rules,rccluster-db09b0d21ddcc80632e4,ruvnet/claude-flow,519,redundant_or_locally_inconsistent_construction,1,0,False,False,,js/unused-local-variable
exclude_two_unused_rules,rccluster-faa74acf34f8be6123d6,ryokun6/ryos,131,incomplete_change_coordination,2,1,True,True,js/unused-loop-variable,js/unused-local-variable
exclude_two_unused_rules,rccluster-df7d370cf132e3979a90,ryokun6/ryos,195,incomplete_change_coordination,1,0,False,False,,js/unused-local-variable
exclude_two_unused_rules,rccluster-ce60046af478a081dc45,ryokun6/ryos,66,incomplete_change_coordination,4,0,False,False,,js/unused-local-variable
exclude_two_unused_rules,rccluster-a0a66d838906c627a519,ryokun6/ryos,95,incomplete_change_coordination,1,0,False,False,,js/unused-local-variable
exclude_two_unused_rules,rccluster-7f28a94a10a89085f6cb,sam-goodwin/alchemy,251,redundant_or_locally_inconsistent_construction,1,1,True,False,js/useless-expression,
exclude_two_unused_rules,rccluster-33ebb4e4319a6f1ee5a5,sam-goodwin/alchemy,251,control_state_or_dataflow_miscomposition,5,5,True,False,js/trivial-conditional,
exclude_two_unused_rules,rccluster-ad2e1ea33472eeb33194,sdorra/content-collections,612,incomplete_change_coordination,1,0,False,False,,js/unused-local-variable
exclude_two_unused_rules,rccluster-053a63f808b61bb5bd43,spcl/dace,2019,redundant_or_locally_inconsistent_construction,2,1,True,True,py/import-and-import-from,py/unused-import
exclude_two_unused_rules,rccluster-74d2a4f678e3ab8cb077,spcl/dace,2019,incomplete_change_coordination,1,0,False,False,,py/unused-import
exclude_two_unused_rules,rccluster-3880200f61c329c6e615,spcl/dace,2077,incomplete_change_coordination,1,0,False,False,,py/unused-import
exclude_two_unused_rules,rccluster-abc4e00c08eb413891c6,stack-auth/stack-auth,465,incomplete_change_coordination,1,0,False,False,,js/unused-local-variable
exclude_two_unused_rules,rccluster-846ab9638b6972181a9c,stack-auth/stack-auth,506,incomplete_change_coordination,1,0,False,False,,js/unused-local-variable
exclude_two_unused_rules,rccluster-ad22cdd9baa5004c0b70,stanford-crfm/levanter,1015,redundant_or_locally_inconsistent_construction,3,3,True,False,py/multiple-definition,
exclude_two_unused_rules,rccluster-72eba0547da4775dad70,stanford-crfm/levanter,1018,redundant_or_locally_inconsistent_construction,1,1,True,False,py/multiple-definition,
exclude_two_unused_rules,rccluster-5d9aef1cc7c9513932af,stanford-crfm/levanter,1023,incomplete_change_coordination,2,2,True,False,py/unused-local-variable,
exclude_two_unused_rules,rccluster-151b91f79b4064616cc4,stanford-crfm/levanter,1098,redundant_or_locally_inconsistent_construction,2,2,True,False,py/unused-local-variable,
exclude_two_unused_rules,rccluster-2d7f558feb806419a72d,streamich/memfs,1124,incomplete_change_coordination,1,0,False,False,,js/unused-local-variable
exclude_two_unused_rules,rccluster-bc9271c70d68ed92d91a,tegnike/aituber-kit,331,incomplete_change_coordination,2,0,False,False,,js/unused-local-variable
exclude_two_unused_rules,rccluster-98db94046d5eee9a6c14,tegnike/aituber-kit,332,incomplete_change_coordination,1,0,False,False,,js/unused-local-variable
exclude_two_unused_rules,rccluster-1028aadfa933095ca905,thirdweb-dev/js,7532,control_state_or_dataflow_miscomposition,1,1,True,False,js/useless-assignment-to-local,
exclude_two_unused_rules,rccluster-3f75becf85da3d7851aa,trycompai/comp,98,incomplete_change_coordination,1,0,False,False,,js/unused-local-variable
exclude_two_unused_rules,rccluster-d8d7f428b3f8a79e19cd,ucbepic/docetl,377,incomplete_change_coordination,1,0,False,False,,py/unused-import
exclude_two_unused_rules,rccluster-20a914f6644a19001103,ucbepic/docetl,378,incomplete_change_coordination,1,0,False,False,,py/unused-import
exclude_two_unused_rules,rccluster-6f99608447c03fd3c812,unclecode/crawl4ai,1152,control_state_or_dataflow_miscomposition,2,2,True,False,py/exit-from-finally|py/mixed-returns,
exclude_two_unused_rules,rccluster-af52b9b70a23e091bd4c,unclecode/crawl4ai,1152,incomplete_change_coordination,1,1,True,False,py/unused-local-variable,
exclude_two_unused_rules,rccluster-c4172751de38c202fd0a,unsend-dev/unsend,164,incomplete_change_coordination,14,0,False,False,,js/unused-local-variable
exclude_two_unused_rules,rccluster-0722ff85ef7f3d2b7624,unsend-dev/unsend,164,incomplete_change_coordination,1,0,False,False,,js/unused-local-variable
exclude_two_unused_rules,rccluster-e64fcd3221c315ca3200,unsend-dev/unsend,164,incomplete_change_coordination,1,0,False,False,,js/unused-local-variable
exclude_two_unused_rules,rccluster-0adf8ec5f3acd80780f8,useautumn/autumn,95,incomplete_change_coordination,1,0,False,False,,js/unused-local-variable
exclude_two_unused_rules,rccluster-f0a555838f128311f134,vgmtrans/vgmtrans,612,redundant_or_locally_inconsistent_construction,1,1,True,False,cpp/commented-out-code,
exclude_two_unused_rules,rccluster-d33d1e3da82bd2c6b2c7,vlm-run/vlmrun-hub,123,incomplete_change_coordination,1,0,False,False,,py/unused-import
exclude_two_unused_rules,rccluster-3df82d18ed76687b826c,vlm-run/vlmrun-hub,60,incomplete_change_coordination,2,0,False,False,,py/unused-import
exclude_two_unused_rules,rccluster-22fe86fce38159608ff3,willccbb/verifiers,124,incomplete_change_coordination,1,1,True,False,py/unused-local-variable,
exclude_two_unused_rules,rccluster-dd496ef0d1e7fac95de8,willccbb/verifiers,161,dependency_error_or_resource_mismanagement,2,2,True,False,py/catch-base-exception|py/empty-except,
exclude_two_unused_rules,rccluster-bbb181e33e7f33f41ca2,willccbb/verifiers,166,dependency_error_or_resource_mismanagement,3,3,True,False,py/empty-except,
exclude_two_unused_rules,rccluster-1a8c59efdc71651f6460,willccbb/verifiers,166,dependency_error_or_resource_mismanagement,2,2,True,False,py/empty-except,
exclude_two_unused_rules,rccluster-4baad9bcf04f1e2777b5,wizarrrr/wizarr,579,control_state_or_dataflow_miscomposition,2,2,True,False,py/return-or-yield-outside-function|py/unreachable-statement,
exclude_two_unused_rules,rccluster-6a8730fcadb6b223d6ef,yamadashy/repomix,574,incomplete_change_coordination,1,0,False,False,,js/unused-local-variable
exclude_two_unused_rules,rccluster-6ca1265a2f0da3e00667,yamadashy/repomix,590,incomplete_change_coordination,1,0,False,False,,js/unused-local-variable
exclude_two_unused_rules,rccluster-7e9babdd691b7cde07aa,yamadashy/repomix,590,incomplete_change_coordination,1,0,False,False,,js/unused-local-variable
exclude_two_unused_rules,rccluster-580b3638358875caeb97,yysun/apprun,148,incomplete_change_coordination,2,0,False,False,,js/unused-local-variable
exclude_two_unused_rules,rccluster-7e2b17f04e6a29a5480d,yysun/apprun,148,incomplete_change_coordination,1,0,False,False,,js/unused-local-variable
exclude_two_unused_drop_touched_auxiliary,rccluster-06bf514b4d93be7340e7,3rdIteration/btcrecover,599,incomplete_change_coordination,1,0,False,False,,py/unused-import
exclude_two_unused_drop_touched_auxiliary,rccluster-c94fc7a6f91664f23686,3rdIteration/btcrecover,611,redundant_or_locally_inconsistent_construction,1,0,False,False,,py/unused-import
exclude_two_unused_drop_touched_auxiliary,rccluster-8850d2f10c8b3234819d,567-labs/instructor,1555,redundant_or_locally_inconsistent_construction,2,2,True,False,py/unused-local-variable,
exclude_two_unused_drop_touched_auxiliary,rccluster-977a361246a00fea0744,567-labs/instructor,1677,redundant_or_locally_inconsistent_construction,2,2,True,False,py/unused-local-variable,
exclude_two_unused_drop_touched_auxiliary,rccluster-8a1ed0761c02df0bee14,AgentOps-AI/agentops,1179,redundant_or_locally_inconsistent_construction,1,1,True,False,py/repeated-import,
exclude_two_unused_drop_touched_auxiliary,rccluster-31bc5209442a09d37c4a,AgentOps-AI/agentops,650,incomplete_change_coordination,1,0,False,False,,py/unused-import
exclude_two_unused_drop_touched_auxiliary,rccluster-239281e9b0aa3ea46ada,AgentOps-AI/agentops,650,incomplete_change_coordination,1,0,False,False,,py/unused-import
exclude_two_unused_drop_touched_auxiliary,rccluster-63b15743299bdeea4ba8,AgentOps-AI/agentops,729,incomplete_change_coordination,1,0,False,False,,py/unused-import
exclude_two_unused_drop_touched_auxiliary,rccluster-88e03d4d518abf486ff5,AgentOps-AI/agentops,729,incomplete_change_coordination,1,0,False,False,,py/unused-import
exclude_two_unused_drop_touched_auxiliary,rccluster-b47917f7c5112f480ea2,AgentOps-AI/agentops,729,incomplete_change_coordination,2,0,False,False,,py/unused-import
exclude_two_unused_drop_touched_auxiliary,rccluster-6b2884568fcb892ef9f6,AgentOps-AI/agentops,729,incomplete_change_coordination,1,1,True,False,py/undefined-export,
exclude_two_unused_drop_touched_auxiliary,rccluster-30de7912ad7af9c3aad0,Azure/azure-sdk-for-python,41852,incomplete_change_coordination,1,0,False,False,,py/unused-import
exclude_two_unused_drop_touched_auxiliary,rccluster-b56b192b439bdbbc8474,BeehiveInnovations/zen-mcp-server,95,redundant_or_locally_inconsistent_construction,1,1,True,False,py/repeated-import,
exclude_two_unused_drop_touched_auxiliary,rccluster-3b2cc931c08c3a5fead8,BeehiveInnovations/zen-mcp-server,95,redundant_or_locally_inconsistent_construction,5,5,True,False,py/repeated-import,
exclude_two_unused_drop_touched_auxiliary,rccluster-3b2c1c1890498dab2bf7,BeehiveInnovations/zen-mcp-server,95,redundant_or_locally_inconsistent_construction,2,2,True,False,py/multiple-definition,
exclude_two_unused_drop_touched_auxiliary,rccluster-9160c283be83ae5d7233,BeehiveInnovations/zen-mcp-server,95,redundant_or_locally_inconsistent_construction,1,1,True,False,py/unused-local-variable,
exclude_two_unused_drop_touched_auxiliary,rccluster-56e2eecd350cb12f43e5,BeehiveInnovations/zen-mcp-server,95,interface_or_contract_mismatch,1,1,True,False,py/inheritance/signature-mismatch,
exclude_two_unused_drop_touched_auxiliary,rccluster-12ede7e31a3d5818d112,BerriAI/litellm,12551,redundant_or_locally_inconsistent_construction,3,0,False,False,,py/unused-import
exclude_two_unused_drop_touched_auxiliary,rccluster-b3b2354e73257be11c4a,BerriAI/litellm,12551,incomplete_change_coordination,1,0,False,False,,py/unused-import
exclude_two_unused_drop_touched_auxiliary,rccluster-4c07f93f0b1193770e4f,CapSoftware/Cap,561,incomplete_change_coordination,4,0,False,False,,js/unused-local-variable
exclude_two_unused_drop_touched_auxiliary,rccluster-c60263040b2ced58fc05,CapSoftware/Cap,567,incomplete_change_coordination,1,0,False,False,,js/unused-local-variable
exclude_two_unused_drop_touched_auxiliary,rccluster-ea3a9f206c4bb70e111c,CapSoftware/Cap,567,incomplete_change_coordination,2,0,False,False,,js/unused-local-variable
exclude_two_unused_drop_touched_auxiliary,rccluster-f6bf2ba1c3ba94450433,CapSoftware/Cap,567,incomplete_change_coordination,1,0,False,False,,js/unused-local-variable
exclude_two_unused_drop_touched_auxiliary,rccluster-02b50ca330f83031e263,CapSoftware/Cap,567,incomplete_change_coordination,2,0,False,False,,js/unused-local-variable
exclude_two_unused_drop_touched_auxiliary,rccluster-f5e8d6de3116a87a98ad,CapSoftware/Cap,567,redundant_or_locally_inconsistent_construction,1,0,False,False,,js/unused-local-variable
exclude_two_unused_drop_touched_auxiliary,rccluster-aa847c5567edd326f20a,CapSoftware/Cap,567,incomplete_change_coordination,1,0,False,False,,js/unused-local-variable
exclude_two_unused_drop_touched_auxiliary,rccluster-11bb7e5fdd5b60af249e,CapSoftware/Cap,567,incomplete_change_coordination,1,0,False,False,,js/unused-local-variable
exclude_two_unused_drop_touched_auxiliary,rccluster-b8ec17a3dbc98742e165,CapSoftware/Cap,567,incomplete_change_coordination,10,0,False,False,,js/unused-local-variable
exclude_two_unused_drop_touched_auxiliary,rccluster-76c9b4cf4fd09784f9ae,CapSoftware/Cap,567,incomplete_change_coordination,1,0,False,False,,js/unused-local-variable
exclude_two_unused_drop_touched_auxiliary,rccluster-c120041e5d2f74f7a42b,CapSoftware/Cap,567,incomplete_change_coordination,4,0,False,False,,js/unused-local-variable
exclude_two_unused_drop_touched_auxiliary,rccluster-ff9b18c692a79bb000e3,CapSoftware/Cap,567,incomplete_change_coordination,1,0,False,False,,js/unused-local-variable
exclude_two_unused_drop_touched_auxiliary,rccluster-966d315e4762fa71c63e,CapSoftware/Cap,567,incomplete_change_coordination,10,0,False,False,,js/unused-local-variable
exclude_two_unused_drop_touched_auxiliary,rccluster-6d9c82c185e7e8307366,CapSoftware/Cap,567,incomplete_change_coordination,1,0,False,False,,js/unused-local-variable
exclude_two_unused_drop_touched_auxiliary,rccluster-1ccd63c89f60c5e2df09,CapSoftware/Cap,571,incomplete_change_coordination,3,0,False,False,,js/unused-local-variable
exclude_two_unused_drop_touched_auxiliary,rccluster-3c06393fe7df6d3f4c40,CapSoftware/Cap,574,incomplete_change_coordination,1,0,False,False,,js/unused-local-variable
exclude_two_unused_drop_touched_auxiliary,rccluster-8e01d19092c7c04012b9,CapSoftware/Cap,574,redundant_or_locally_inconsistent_construction,1,0,False,False,,js/unused-local-variable
exclude_two_unused_drop_touched_auxiliary,rccluster-2611577cf49fad7c8c35,CapSoftware/Cap,574,incomplete_change_coordination,2,0,False,False,,js/unused-local-variable
exclude_two_unused_drop_touched_auxiliary,rccluster-523b237ea8aff79b10f4,CapSoftware/Cap,575,incomplete_change_coordination,1,0,False,False,,js/unused-local-variable
exclude_two_unused_drop_touched_auxiliary,rccluster-d9d3d9813d1879aee04c,CapSoftware/Cap,605,incomplete_change_coordination,1,0,False,False,,js/unused-local-variable
exclude_two_unused_drop_touched_auxiliary,rccluster-1716ea36f68b6d2a0b97,Codehagen/Badget,294,incomplete_change_coordination,1,0,False,False,,js/unused-local-variable
exclude_two_unused_drop_touched_auxiliary,rccluster-05469ccac37ed10f86cf,Codehagen/Badget,294,incomplete_change_coordination,1,0,False,False,,js/unused-local-variable
exclude_two_unused_drop_touched_auxiliary,rccluster-f3652a94abf8456801db,Codehagen/Badget,295,incomplete_change_coordination,1,0,False,False,,js/unused-local-variable
exclude_two_unused_drop_touched_auxiliary,rccluster-ac4e6b376954fa44f6fb,Codehagen/Badget,295,incomplete_change_coordination,1,0,False,False,,js/unused-local-variable
exclude_two_unused_drop_touched_auxiliary,rccluster-d6f2bf95d17bb56404a5,Codehagen/Badget,295,incomplete_change_coordination,1,0,False,False,,js/unused-local-variable
exclude_two_unused_drop_touched_auxiliary,rccluster-d21954531743c7a2c594,DeepLabCut/DeepLabCut,3045,control_state_or_dataflow_miscomposition,1,1,True,False,py/unreachable-statement,
exclude_two_unused_drop_touched_auxiliary,rccluster-2ba1d1b35e6bd1e27725,Deepractice/PromptX,130,incomplete_change_coordination,4,0,False,False,,js/unused-local-variable
exclude_two_unused_drop_touched_auxiliary,rccluster-2ed71b80e26adc1db5ff,Helicone/helicone,3882,incomplete_change_coordination,1,0,False,False,,js/unused-local-variable
exclude_two_unused_drop_touched_auxiliary,rccluster-cb5150b92331ab4fa4fb,HumanSignal/label-studio-ml-backend,782,dependency_error_or_resource_mismanagement,1,1,True,False,py/file-not-closed,
exclude_two_unused_drop_touched_auxiliary,rccluster-27df4ef0d8c158d70f21,HumanSignal/label-studio-ml-backend,782,redundant_or_locally_inconsistent_construction,1,1,True,False,py/unnecessary-pass,
exclude_two_unused_drop_touched_auxiliary,rccluster-8235069c05ba7872d28e,HumanSignal/label-studio-ml-backend,782,incomplete_change_coordination,2,0,False,False,,py/unused-import
exclude_two_unused_drop_touched_auxiliary,rccluster-bde5a73d37d8a1e0d137,HumanSignal/label-studio-ml-backend,782,incomplete_change_coordination,1,0,False,False,,py/unused-import
exclude_two_unused_drop_touched_auxiliary,rccluster-c1288353e0c1ec22a9d5,Kanaries/pygwalker,700,incomplete_change_coordination,2,0,False,False,,py/unused-import
exclude_two_unused_drop_touched_auxiliary,rccluster-8218a1c5325a158adf64,Kiln-AI/Kiln,358,incomplete_change_coordination,1,0,False,False,,py/unused-import
exclude_two_unused_drop_touched_auxiliary,rccluster-3be08b86f241796b2944,Kiln-AI/Kiln,361,interface_or_contract_mismatch,5,5,True,False,py/call/wrong-named-argument,
exclude_two_unused_drop_touched_auxiliary,rccluster-dd553ff8882baa2ef7b0,Kiln-AI/Kiln,361,redundant_or_locally_inconsistent_construction,1,1,True,False,py/unused-local-variable,
exclude_two_unused_drop_touched_auxiliary,rccluster-945231e94842a474a2df,Kiln-AI/Kiln,361,redundant_or_locally_inconsistent_construction,4,4,True,False,py/test-equals-none,
exclude_two_unused_drop_touched_auxiliary,rccluster-7d206bb9a6bdd7523710,Kiln-AI/Kiln,361,incomplete_change_coordination,1,0,False,False,,py/unused-import
exclude_two_unused_drop_touched_auxiliary,rccluster-e4e9949175b7cf6bd6eb,Kiln-AI/Kiln,365,incomplete_change_coordination,2,0,False,False,,py/unused-import
exclude_two_unused_drop_touched_auxiliary,rccluster-02cacaf895704a09dd3d,LeagueAkari/LeagueAkari,254,incomplete_change_coordination,1,0,False,False,,js/unused-local-variable
exclude_two_unused_drop_touched_auxiliary,rccluster-8f038481832416047eb4,MervinPraison/PraisonAI,1021,incomplete_change_coordination,1,0,False,False,,py/unused-import
exclude_two_unused_drop_touched_auxiliary,rccluster-b966e1309497548975b7,MervinPraison/PraisonAI,1021,redundant_or_locally_inconsistent_construction,2,2,True,False,py/unused-local-variable,
exclude_two_unused_drop_touched_auxiliary,rccluster-c5ba690385777d2d0d6c,Netflix/metaflow,2467,control_state_or_dataflow_miscomposition,1,1,True,False,py/uninitialized-local-variable,
exclude_two_unused_drop_touched_auxiliary,rccluster-2b57e76331c7cee992d8,Netflix/metaflow,2467,incomplete_change_coordination,2,2,True,False,py/commented-out-code,
exclude_two_unused_drop_touched_auxiliary,rccluster-c1fee75d53547900db79,Netflix/metaflow,2467,control_state_or_dataflow_miscomposition,2,2,True,False,py/mixed-returns,
exclude_two_unused_drop_touched_auxiliary,rccluster-b8359a3456a64683ee2c,NewFuture/DDNS,495,redundant_or_locally_inconsistent_construction,1,1,True,False,py/imprecise-assert,
exclude_two_unused_drop_touched_auxiliary,rccluster-cea56236d0e521e87914,NewFuture/DDNS,498,redundant_or_locally_inconsistent_construction,2,2,True,False,py/imprecise-assert,
exclude_two_unused_drop_touched_auxiliary,rccluster-d64f567764c8e40daa6c,OHIF/Viewers,4998,incomplete_change_coordination,1,0,False,False,,js/unused-local-variable
exclude_two_unused_drop_touched_auxiliary,rccluster-103c68d7c83bc5dfd7a1,OneKeyHQ/app-monorepo,6756,incomplete_change_coordination,1,0,False,False,,js/unused-local-variable
exclude_two_unused_drop_touched_auxiliary,rccluster-b2e1c2b7e798b8f007ec,OneKeyHQ/app-monorepo,6756,incomplete_change_coordination,2,0,False,False,,js/unused-local-variable
exclude_two_unused_drop_touched_auxiliary,rccluster-37d98c8832d2584f7ec2,OneKeyHQ/app-monorepo,6756,incomplete_change_coordination,1,0,False,False,,js/unused-local-variable
exclude_two_unused_drop_touched_auxiliary,rccluster-5191c6691e587a5e5e00,OneKeyHQ/app-monorepo,6756,incomplete_change_coordination,1,0,False,False,,js/unused-local-variable
exclude_two_unused_drop_touched_auxiliary,rccluster-052e741c31c6fca1c85a,OneKeyHQ/app-monorepo,6756,incomplete_change_coordination,2,0,False,False,,js/unused-local-variable
exclude_two_unused_drop_touched_auxiliary,rccluster-c2fe8b296146ba98c75b,OneKeyHQ/app-monorepo,6756,incomplete_change_coordination,5,0,False,False,,js/unused-local-variable
exclude_two_unused_drop_touched_auxiliary,rccluster-f5760f63afac089f39dd,OpenHFT/Chronicle-Wire,1058,interface_or_contract_mismatch,2,2,True,False,java/unknown-javadoc-parameter,
exclude_two_unused_drop_touched_auxiliary,rccluster-f7b342b341016f2db787,OpenHFT/Chronicle-Wire,1061,interface_or_contract_mismatch,6,6,True,False,java/unknown-javadoc-parameter,
exclude_two_unused_drop_touched_auxiliary,rccluster-8b747de451b6e1bf1dba,OpenPipe/ART,153,dependency_error_or_resource_mismanagement,1,1,True,False,py/empty-except,
exclude_two_unused_drop_touched_auxiliary,rccluster-93b5fbef7dfa34cf01b7,OpenPipe/ART,161,incomplete_change_coordination,5,0,False,False,,py/unused-import
exclude_two_unused_drop_touched_auxiliary,rccluster-ef40cef0c4a89b0abc4f,OpenPipe/ART,162,incomplete_change_coordination,1,0,False,False,,py/unused-import
exclude_two_unused_drop_touched_auxiliary,rccluster-52832b03b774b2dc5d55,PrefectHQ/marvin,1162,redundant_or_locally_inconsistent_construction,1,1,True,False,py/unused-global-variable,
exclude_two_unused_drop_touched_auxiliary,rccluster-b256402aba917454ac58,PythonNest/PyNest,107,incomplete_change_coordination,1,0,False,False,,py/unused-import
exclude_two_unused_drop_touched_auxiliary,rccluster-d2b091029ef8c28e41fc,PythonNest/PyNest,107,incomplete_change_coordination,3,0,False,False,,py/unused-import
exclude_two_unused_drop_touched_auxiliary,rccluster-60db55413ddc796ea7f6,PythonNest/PyNest,107,incomplete_change_coordination,1,0,False,False,,py/unused-import
exclude_two_unused_drop_touched_auxiliary,rccluster-fd9fafb8ef16fd50ecc0,PythonNest/PyNest,107,interface_or_contract_mismatch,1,1,True,False,py/inheritance/signature-mismatch,
exclude_two_unused_drop_touched_auxiliary,rccluster-e790cb9935eac3a5e59f,RAGEN-AI/RAGEN,112,incomplete_change_coordination,1,0,False,False,,py/unused-import
exclude_two_unused_drop_touched_auxiliary,rccluster-a963c1059230d4786e41,Shelf-nu/shelf.nu,1905,control_state_or_dataflow_miscomposition,1,1,True,False,js/trivial-conditional,
exclude_two_unused_drop_touched_auxiliary,rccluster-dbb6fa9d52e7922a6b6d,Shopify/roast,76,dependency_error_or_resource_mismanagement,1,1,True,False,rb/uninitialized-local-variable,
exclude_two_unused_drop_touched_auxiliary,rccluster-7580a0969323c80d8442,Significant-Gravitas/AutoGPT,10340,redundant_or_locally_inconsistent_construction,1,1,True,False,py/unnecessary-pass,
exclude_two_unused_drop_touched_auxiliary,rccluster-944bddfd39ec545ec19a,Significant-Gravitas/AutoGPT,10340,redundant_or_locally_inconsistent_construction,1,1,True,False,py/import-and-import-from,
exclude_two_unused_drop_touched_auxiliary,rccluster-5b994b7d5981e6103253,SimonHalvdansson/Harmonic-HN,216,control_state_or_dataflow_miscomposition,1,1,True,False,java/dereferenced-value-may-be-null,
exclude_two_unused_drop_touched_auxiliary,rccluster-76ee4701a764b7ebf4ec,SimonHalvdansson/Harmonic-HN,220,dependency_error_or_resource_mismanagement,2,2,True,False,java/uncaught-number-format-exception,
exclude_two_unused_drop_touched_auxiliary,rccluster-9bf17e0c7a128d837a26,Skyvern-AI/skyvern,2435,dependency_error_or_resource_mismanagement,9,9,True,False,py/cyclic-import|py/unsafe-cyclic-import,
exclude_two_unused_drop_touched_auxiliary,rccluster-6d9022adede7f615bf88,TobikoData/sqlmesh,4667,dependency_error_or_resource_mismanagement,1,1,True,False,py/empty-except,
exclude_two_unused_drop_touched_auxiliary,rccluster-14f544bf147f03d3c0ad,Voxelum/x-minecraft-launcher,1025,incomplete_change_coordination,1,0,False,False,,js/unused-local-variable
exclude_two_unused_drop_touched_auxiliary,rccluster-3ef747ae8cf3b897ae8e,abi/screenshot-to-code,512,incomplete_change_coordination,1,0,False,False,,py/unused-import
exclude_two_unused_drop_touched_auxiliary,rccluster-d91987f8a4abe878fcbf,abi/screenshot-to-code,513,incomplete_change_coordination,1,0,False,False,,py/unused-import
exclude_two_unused_drop_touched_auxiliary,rccluster-5b48d029550e70037a4d,actions/toolkit,2100,incomplete_change_coordination,3,0,False,False,,js/unused-local-variable
exclude_two_unused_drop_touched_auxiliary,rccluster-b517050c9d39fd24f5e5,airbytehq/airbyte,52591,incomplete_change_coordination,1,0,False,False,,py/unused-import
exclude_two_unused_drop_touched_auxiliary,rccluster-8d4e3632aaf38f356ec5,airbytehq/airbyte,52591,incomplete_change_coordination,2,0,False,False,,py/unused-import
exclude_two_unused_drop_touched_auxiliary,rccluster-d436c7eb52128a026a20,airbytehq/airbyte,52663,dependency_error_or_resource_mismanagement,1,1,True,False,py/file-not-closed,
exclude_two_unused_drop_touched_auxiliary,rccluster-4a784fa8c8c1f2cd10cc,airbytehq/airbyte,54164,control_state_or_dataflow_miscomposition,1,1,True,False,py/side-effect-in-assert,
exclude_two_unused_drop_touched_auxiliary,rccluster-3f9bbed4e65485bcf498,airbytehq/airbyte,55005,redundant_or_locally_inconsistent_construction,1,1,True,False,py/commented-out-code,
exclude_two_unused_drop_touched_auxiliary,rccluster-bc612226925d74ac81cc,airbytehq/airbyte,56389,incomplete_change_coordination,1,0,False,False,,py/unused-import
exclude_two_unused_drop_touched_auxiliary,rccluster-9e4de479d011cb138260,airbytehq/airbyte,56389,dependency_error_or_resource_mismanagement,2,2,True,False,py/file-not-closed,
exclude_two_unused_drop_touched_auxiliary,rccluster-169a531566ae7c745e3a,airbytehq/airbyte,56432,incomplete_change_coordination,3,0,False,False,,py/unused-import
exclude_two_unused_drop_touched_auxiliary,rccluster-e02a232baa5cbb850d6e,airbytehq/airbyte,56432,interface_or_contract_mismatch,1,1,True,False,py/call/wrong-arguments,
exclude_two_unused_drop_touched_auxiliary,rccluster-74f313e30ab63bae8f2a,airbytehq/airbyte,56432,incomplete_change_coordination,6,0,False,False,,py/unused-import
exclude_two_unused_drop_touched_auxiliary,rccluster-bfa7347e6a828af39028,airbytehq/airbyte,62455,incomplete_change_coordination,3,0,False,False,,py/unused-import
exclude_two_unused_drop_touched_auxiliary,rccluster-e822cd95457f9e562fdb,airbytehq/airbyte,62455,redundant_or_locally_inconsistent_construction,6,6,True,False,py/unused-local-variable,
exclude_two_unused_drop_touched_auxiliary,rccluster-f28c9a375f9e6350e6bd,analogdotnow/Analog,129,control_state_or_dataflow_miscomposition,2,2,True,False,js/trivial-conditional,
exclude_two_unused_drop_touched_auxiliary,rccluster-ec04a777be200ddc33c2,analogdotnow/Analog,129,incomplete_change_coordination,1,0,False,False,,js/unused-local-variable
exclude_two_unused_drop_touched_auxiliary,rccluster-ce30be509425f4b50aa6,analogdotnow/Analog,225,incomplete_change_coordination,1,0,False,False,,js/unused-local-variable
exclude_two_unused_drop_touched_auxiliary,rccluster-7d54ea3b2b76810e349c,antiwork/gumroad,615,control_state_or_dataflow_miscomposition,1,1,True,False,rb/uninitialized-local-variable,
exclude_two_unused_drop_touched_auxiliary,rccluster-976bf5893dce06dafe1f,apache/pinot,16030,dependency_error_or_resource_mismanagement,2,2,True,False,java/uncaught-number-format-exception,
exclude_two_unused_drop_touched_auxiliary,rccluster-db9f0fa8f1abd3dce27f,apache/pulsar,24542,control_state_or_dataflow_miscomposition,1,1,True,False,java/dereferenced-value-may-be-null,
exclude_two_unused_drop_touched_auxiliary,rccluster-e4e427eb5a2e12221550,apache/pulsar,24542,incomplete_change_coordination,1,1,True,False,java/unused-parameter,
exclude_two_unused_drop_touched_auxiliary,rccluster-e3263fc58c5dd15ca23e,apache/pulsar,24542,incomplete_change_coordination,1,1,True,False,java/local-variable-is-never-read,
exclude_two_unused_drop_touched_auxiliary,rccluster-07412c67d2c3beb23667,axinc-ai/ailia-models,1704,redundant_or_locally_inconsistent_construction,2,2,True,False,py/redundant-assignment,
exclude_two_unused_drop_touched_auxiliary,rccluster-9d0999d6a9a688a92f0b,axinc-ai/ailia-models,1704,incomplete_change_coordination,1,0,False,False,,py/unused-import
exclude_two_unused_drop_touched_auxiliary,rccluster-a246a58b05723adec57a,axinc-ai/ailia-models,1704,incomplete_change_coordination,1,0,False,False,,py/unused-import
exclude_two_unused_drop_touched_auxiliary,rccluster-0636c615dd36b0f63dda,axinc-ai/ailia-models,1704,incomplete_change_coordination,3,0,False,False,,py/unused-import
exclude_two_unused_drop_touched_auxiliary,rccluster-2676c2ae500c3091f674,axinc-ai/ailia-models,1704,redundant_or_locally_inconsistent_construction,1,1,True,False,py/redundant-assignment,
exclude_two_unused_drop_touched_auxiliary,rccluster-1370a96abd97d063a696,axinc-ai/ailia-models,1704,control_state_or_dataflow_miscomposition,1,1,True,False,py/unreachable-statement,
exclude_two_unused_drop_touched_auxiliary,rccluster-4538d5e5756c848b97ed,axinc-ai/ailia-models,1704,incomplete_change_coordination,1,1,True,False,py/unused-local-variable,
exclude_two_unused_drop_touched_auxiliary,rccluster-b7935501c1cfc6af363b,blefnk/relivator-nextjs-template,59,incomplete_change_coordination,1,0,False,False,,js/unused-local-variable
exclude_two_unused_drop_touched_auxiliary,rccluster-5f45f9924101933b2577,browser-use/browser-use,2348,incomplete_change_coordination,1,1,True,False,py/unused-local-variable,
exclude_two_unused_drop_touched_auxiliary,rccluster-79e675185f70a2fb43c8,bytebot-ai/bytebot,35,control_state_or_dataflow_miscomposition,1,1,True,False,js/useless-assignment-to-local,
exclude_two_unused_drop_touched_auxiliary,rccluster-15dbe5930e9ed62c8f86,bytebot-ai/bytebot,40,incomplete_change_coordination,1,0,False,False,,js/unused-local-variable
exclude_two_unused_drop_touched_auxiliary,rccluster-3b2f2ea3732334c063e3,bytebot-ai/bytebot,51,incomplete_change_coordination,1,0,False,False,,js/unused-local-variable
exclude_two_unused_drop_touched_auxiliary,rccluster-92e1e389203668c06b4c,calcom/cal.com,20580,incomplete_change_coordination,1,0,False,False,,js/unused-local-variable
exclude_two_unused_drop_touched_auxiliary,rccluster-b8b8d7f137a67d188659,calcom/cal.com,20672,incomplete_change_coordination,1,0,False,False,,js/unused-local-variable
exclude_two_unused_drop_touched_auxiliary,rccluster-f810213003bd83b10a2f,calcom/cal.com,21590,incomplete_change_coordination,1,0,False,False,,js/unused-local-variable
exclude_two_unused_drop_touched_auxiliary,rccluster-fe6123deb52d9e7febd3,calcom/cal.com,21652,incomplete_change_coordination,1,0,False,False,,js/unused-local-variable
exclude_two_unused_drop_touched_auxiliary,rccluster-d145708e4daf4f28b9f5,calcom/cal.com,22034,incomplete_change_coordination,1,0,False,False,,js/unused-local-variable
exclude_two_unused_drop_touched_auxiliary,rccluster-4afdd3cab7ca039e6639,calcom/cal.com,22311,incomplete_change_coordination,1,0,False,False,,js/unused-local-variable
exclude_two_unused_drop_touched_auxiliary,rccluster-3a8b3fa415648034c90d,camunda/camunda,34932,incomplete_change_coordination,1,1,True,False,java/unused-parameter,
exclude_two_unused_drop_touched_auxiliary,rccluster-b6010dfa5ac9115748fe,cartography-cncf/cartography,1614,redundant_or_locally_inconsistent_construction,1,1,True,False,py/import-and-import-from,
exclude_two_unused_drop_touched_auxiliary,rccluster-71d9667a292e53e97bec,cartography-cncf/cartography,1619,redundant_or_locally_inconsistent_construction,1,1,True,False,py/import-and-import-from,
exclude_two_unused_drop_touched_auxiliary,rccluster-7794b40c944965a43635,colinhacks/zod,4865,redundant_or_locally_inconsistent_construction,1,1,True,False,js/useless-expression,
exclude_two_unused_drop_touched_auxiliary,rccluster-a7bcd19ab4a0c9665137,colinhacks/zod,4915,incomplete_change_coordination,2,0,False,False,,js/unused-local-variable
exclude_two_unused_drop_touched_auxiliary,rccluster-1ce7b7fc832c74d3fa35,crewAIInc/crewAI,1818,incomplete_change_coordination,1,0,False,False,,py/unused-import
exclude_two_unused_drop_touched_auxiliary,rccluster-42cb5854bde1f3f26dce,crewAIInc/crewAI,1818,incomplete_change_coordination,3,0,False,False,,py/unused-import
exclude_two_unused_drop_touched_auxiliary,rccluster-e7f9ec27c33f5d8d0e96,crewAIInc/crewAI,1820,incomplete_change_coordination,2,0,False,False,,py/unused-import
exclude_two_unused_drop_touched_auxiliary,rccluster-676f93107e592e883d81,crewAIInc/crewAI,1820,incomplete_change_coordination,1,0,False,False,,py/unused-import
exclude_two_unused_drop_touched_auxiliary,rccluster-fbf942d6bbcc48cea487,crewAIInc/crewAI,1892,incomplete_change_coordination,2,0,False,False,,py/unused-import
exclude_two_unused_drop_touched_auxiliary,rccluster-fbab78314095e93bb815,crewAIInc/crewAI,1892,redundant_or_locally_inconsistent_construction,1,0,False,False,,py/unused-import
exclude_two_unused_drop_touched_auxiliary,rccluster-cf9f0641cf1859631616,crewAIInc/crewAI,1892,incomplete_change_coordination,2,0,False,False,,py/unused-import
exclude_two_unused_drop_touched_auxiliary,rccluster-89c514861c1f8680bf59,crewAIInc/crewAI,1892,incomplete_change_coordination,2,0,False,False,,py/unused-import
exclude_two_unused_drop_touched_auxiliary,rccluster-de76ecb5e3434b89d7de,crewAIInc/crewAI,1892,control_state_or_dataflow_miscomposition,1,1,True,False,py/unreachable-statement,
exclude_two_unused_drop_touched_auxiliary,rccluster-8b8edc152f33518be1b9,crewAIInc/crewAI,1892,incomplete_change_coordination,2,2,True,False,py/unused-global-variable,
exclude_two_unused_drop_touched_auxiliary,rccluster-5eb1e7979705ab7101e0,crewAIInc/crewAI,1937,redundant_or_locally_inconsistent_construction,2,2,True,False,py/unused-local-variable,
exclude_two_unused_drop_touched_auxiliary,rccluster-dec3ccb6080877ea62b5,crewAIInc/crewAI,2277,incomplete_change_coordination,1,0,False,False,,py/unused-import
exclude_two_unused_drop_touched_auxiliary,rccluster-bbda2d2064d71f965629,crewAIInc/crewAI,2277,incomplete_change_coordination,2,0,False,False,,py/unused-import
exclude_two_unused_drop_touched_auxiliary,rccluster-f6d096ed0c537bb0d139,crewAIInc/crewAI,2277,incomplete_change_coordination,1,0,False,False,,py/unused-import
exclude_two_unused_drop_touched_auxiliary,rccluster-180ee305463d69ae7ba6,crewAIInc/crewAI,2277,control_state_or_dataflow_miscomposition,1,1,True,False,py/mixed-returns,
exclude_two_unused_drop_touched_auxiliary,rccluster-5979be4a3375d9355694,crewAIInc/crewAI,2335,incomplete_change_coordination,1,0,False,False,,py/unused-import
exclude_two_unused_drop_touched_auxiliary,rccluster-883b0b40dd35a77c4936,crewAIInc/crewAI,2352,incomplete_change_coordination,2,0,False,False,,py/unused-import
exclude_two_unused_drop_touched_auxiliary,rccluster-8da92c9a6f0cfaa659fb,crewAIInc/crewAI,2476,incomplete_change_coordination,1,1,True,False,py/unused-local-variable,
exclude_two_unused_drop_touched_auxiliary,rccluster-a16efaab49bad2455970,crewAIInc/crewAI,2552,incomplete_change_coordination,1,0,False,False,,py/unused-import
exclude_two_unused_drop_touched_auxiliary,rccluster-93d8beeac752ceb6ae33,crewAIInc/crewAI,2594,incomplete_change_coordination,2,0,False,False,,py/unused-import
exclude_two_unused_drop_touched_auxiliary,rccluster-0b624cbc7b276742f642,crewAIInc/crewAI,2994,dependency_error_or_resource_mismanagement,1,1,True,False,py/unsafe-cyclic-import,
exclude_two_unused_drop_touched_auxiliary,rccluster-7d37871321573431b938,crewAIInc/crewAI-tools,162,incomplete_change_coordination,1,0,False,False,,py/unused-import
exclude_two_unused_drop_touched_auxiliary,rccluster-6b81fac0baa8d9869b08,dagster-io/dagster,30864,redundant_or_locally_inconsistent_construction,1,1,True,False,py/import-and-import-from,
exclude_two_unused_drop_touched_auxiliary,rccluster-98dff30204cb718ba90e,dagster-io/dagster,30864,control_state_or_dataflow_miscomposition,1,1,True,False,py/multiple-definition,
exclude_two_unused_drop_touched_auxiliary,rccluster-f1725d7609977a54a113,dagster-io/dagster,30864,incomplete_change_coordination,1,0,False,False,,py/unused-import
exclude_two_unused_drop_touched_auxiliary,rccluster-ff833753cef9196f142d,dagster-io/dagster,30864,redundant_or_locally_inconsistent_construction,1,1,True,False,py/unused-local-variable,
exclude_two_unused_drop_touched_auxiliary,rccluster-69fb7769681f087fab58,dagster-io/dagster,30864,redundant_or_locally_inconsistent_construction,1,1,True,False,py/unused-local-variable,
exclude_two_unused_drop_touched_auxiliary,rccluster-b206303c4250fbab4fef,dagster-io/dagster,30864,incomplete_change_coordination,1,0,False,False,,py/unused-import
exclude_two_unused_drop_touched_auxiliary,rccluster-ebf8eb1a619de5e26963,dailydotdev/apps,4632,control_state_or_dataflow_miscomposition,1,1,True,False,js/trivial-conditional,
exclude_two_unused_drop_touched_auxiliary,rccluster-9b814f6e9b77c61e1730,datopian/portaljs,1396,incomplete_change_coordination,1,0,False,False,,js/unused-local-variable
exclude_two_unused_drop_touched_auxiliary,rccluster-cb8ee0a0c2bcc37d7251,different-ai/note-companion,297,incomplete_change_coordination,1,0,False,False,,js/unused-local-variable
exclude_two_unused_drop_touched_auxiliary,rccluster-020929d5dfe384d29cd4,different-ai/note-companion,299,control_state_or_dataflow_miscomposition,1,1,True,False,js/useless-assignment-to-local,
exclude_two_unused_drop_touched_auxiliary,rccluster-83db80e9eb4e59f739ec,different-ai/note-companion,300,incomplete_change_coordination,1,0,False,False,,js/unused-local-variable
exclude_two_unused_drop_touched_auxiliary,rccluster-da4df3e97d1b525dd540,different-ai/note-companion,300,incomplete_change_coordination,1,0,False,False,,js/unused-local-variable
exclude_two_unused_drop_touched_auxiliary,rccluster-da78afefcadab22c385c,different-ai/note-companion,300,incomplete_change_coordination,1,0,False,False,,js/unused-local-variable
exclude_two_unused_drop_touched_auxiliary,rccluster-bf7e2604ffdc4cb38ede,different-ai/note-companion,300,incomplete_change_coordination,2,0,False,False,,js/unused-local-variable
exclude_two_unused_drop_touched_auxiliary,rccluster-69173eb92c42d03eb2c1,different-ai/note-companion,308,incomplete_change_coordination,1,0,False,False,,js/unused-local-variable
exclude_two_unused_drop_touched_auxiliary,rccluster-ec9a8c49b9a4d3e55981,different-ai/note-companion,326,incomplete_change_coordination,1,0,False,False,,js/unused-local-variable
exclude_two_unused_drop_touched_auxiliary,rccluster-203a5f5c37429f0b51f9,different-ai/note-companion,331,incomplete_change_coordination,1,0,False,False,,js/unused-local-variable
exclude_two_unused_drop_touched_auxiliary,rccluster-007347f23d7a9a051e07,different-ai/note-companion,331,incomplete_change_coordination,1,0,False,False,,js/unused-local-variable
exclude_two_unused_drop_touched_auxiliary,rccluster-4c6c051aba63bff1e939,different-ai/note-companion,331,incomplete_change_coordination,3,0,False,False,,js/unused-local-variable
exclude_two_unused_drop_touched_auxiliary,rccluster-9a446941aef02782bad4,different-ai/note-companion,331,incomplete_change_coordination,2,0,False,False,,js/unused-local-variable
exclude_two_unused_drop_touched_auxiliary,rccluster-d6475951d911c1fde62d,different-ai/note-companion,331,incomplete_change_coordination,2,0,False,False,,js/unused-local-variable
exclude_two_unused_drop_touched_auxiliary,rccluster-38ac2d99682eb8131843,different-ai/note-companion,331,incomplete_change_coordination,2,0,False,False,,js/unused-local-variable
exclude_two_unused_drop_touched_auxiliary,rccluster-e24a41fa1c6091d95589,different-ai/note-companion,331,incomplete_change_coordination,1,0,False,False,,js/unused-local-variable
exclude_two_unused_drop_touched_auxiliary,rccluster-1113e0e7830be3b0d986,different-ai/note-companion,331,incomplete_change_coordination,1,0,False,False,,js/unused-local-variable
exclude_two_unused_drop_touched_auxiliary,rccluster-038e9a74362ced7dbd55,different-ai/note-companion,331,incomplete_change_coordination,1,0,False,False,,js/unused-local-variable
exclude_two_unused_drop_touched_auxiliary,rccluster-cccb8526c3c75039eaa7,different-ai/note-companion,331,incomplete_change_coordination,1,0,False,False,,js/unused-local-variable
exclude_two_unused_drop_touched_auxiliary,rccluster-ff2fb4790173f70e538c,different-ai/note-companion,343,incomplete_change_coordination,4,0,False,False,,js/unused-local-variable
exclude_two_unused_drop_touched_auxiliary,rccluster-c228fbb78d4866ddcd59,different-ai/note-companion,343,incomplete_change_coordination,1,0,False,False,,js/unused-local-variable
exclude_two_unused_drop_touched_auxiliary,rccluster-14a0f4a85983f64e92b6,docling-project/docling,1928,dependency_error_or_resource_mismanagement,1,1,True,False,py/empty-except,
exclude_two_unused_drop_touched_auxiliary,rccluster-f5e5f9717aef814c11a6,dust-tt/dust,10572,redundant_or_locally_inconsistent_construction,2,2,True,False,js/missing-space-in-concatenation,
exclude_two_unused_drop_touched_auxiliary,rccluster-ee1b859966f5052ad27e,dust-tt/dust,10572,control_state_or_dataflow_miscomposition,5,5,True,False,js/trivial-conditional,
exclude_two_unused_drop_touched_auxiliary,rccluster-88c5dbf31e336f1c3c3f,dust-tt/dust,10572,incomplete_change_coordination,1,0,False,False,,js/unused-local-variable
exclude_two_unused_drop_touched_auxiliary,rccluster-5cf09cff87ef2f239901,dust-tt/dust,10572,incomplete_change_coordination,1,0,False,False,,js/unused-local-variable
exclude_two_unused_drop_touched_auxiliary,rccluster-02defe1765c0eda6d0c5,dust-tt/dust,10572,control_state_or_dataflow_miscomposition,1,1,True,False,js/trivial-conditional,
exclude_two_unused_drop_touched_auxiliary,rccluster-012d7ea222586df1203c,elie222/inbox-zero,494,incomplete_change_coordination,1,0,False,False,,js/unused-local-variable
exclude_two_unused_drop_touched_auxiliary,rccluster-f48a2f00a63273497c35,elie222/inbox-zero,494,redundant_or_locally_inconsistent_construction,1,0,False,False,,js/unused-local-variable
exclude_two_unused_drop_touched_auxiliary,rccluster-d40f9144787c493a62c4,elizaOS/eliza,2549,incomplete_change_coordination,1,0,False,False,,js/unused-local-variable
exclude_two_unused_drop_touched_auxiliary,rccluster-7c909e7913af405be005,elizaOS/eliza,2549,incomplete_change_coordination,1,0,False,False,,js/unused-local-variable
exclude_two_unused_drop_touched_auxiliary,rccluster-9565ac8e88f6cc360587,elizaOS/eliza,2549,incomplete_change_coordination,2,0,False,False,,js/unused-local-variable
exclude_two_unused_drop_touched_auxiliary,rccluster-c0ccebf10555a6722576,elizaOS/eliza,4686,incomplete_change_coordination,1,0,False,False,,js/unused-local-variable
exclude_two_unused_drop_touched_auxiliary,rccluster-c9d422a50b23217192ac,elizaOS/eliza,4686,incomplete_change_coordination,2,0,False,False,,js/unused-local-variable
exclude_two_unused_drop_touched_auxiliary,rccluster-b0ea91bb6ad7ba6bf367,elizaOS/eliza,4935,incomplete_change_coordination,1,0,False,False,,js/unused-local-variable
exclude_two_unused_drop_touched_auxiliary,rccluster-490c4e0dca174493f43e,elizaOS/eliza,5490,incomplete_change_coordination,1,0,False,False,,js/unused-local-variable
exclude_two_unused_drop_touched_auxiliary,rccluster-45e2deebb00a6933fdf1,elizaOS/eliza,5565,incomplete_change_coordination,1,0,False,False,,js/unused-local-variable
exclude_two_unused_drop_touched_auxiliary,rccluster-f7af9c87cb3b39d57d6a,elizaOS/eliza,5565,incomplete_change_coordination,1,0,False,False,,js/unused-local-variable
exclude_two_unused_drop_touched_auxiliary,rccluster-49a5413af5611f38cf78,elizaOS/eliza,5565,incomplete_change_coordination,1,0,False,False,,js/unused-local-variable
exclude_two_unused_drop_touched_auxiliary,rccluster-c64cb23b290a3efbf4ce,elizaOS/eliza,5565,incomplete_change_coordination,1,0,False,False,,js/unused-local-variable
exclude_two_unused_drop_touched_auxiliary,rccluster-6f10b2a2beeaebdbe925,elizaOS/eliza,5565,incomplete_change_coordination,1,0,False,False,,js/unused-local-variable
exclude_two_unused_drop_touched_auxiliary,rccluster-1ddfb088d1b69f358c05,elizaOS/eliza,5565,incomplete_change_coordination,1,0,False,False,,js/unused-local-variable
exclude_two_unused_drop_touched_auxiliary,rccluster-ef74b2faf8fcf590e0fa,elizaOS/eliza,5565,incomplete_change_coordination,1,0,False,False,,js/unused-local-variable
exclude_two_unused_drop_touched_auxiliary,rccluster-b58554e4e4d0b2504c69,featureform/enrichmcp,63,redundant_or_locally_inconsistent_construction,2,2,True,False,py/unused-local-variable,
exclude_two_unused_drop_touched_auxiliary,rccluster-997be81cc0ee50dece55,formbricks/formbricks,5819,incomplete_change_coordination,2,0,False,False,,js/unused-local-variable
exclude_two_unused_drop_touched_auxiliary,rccluster-fcce8429f0ae94d94bf5,formbricks/formbricks,5819,incomplete_change_coordination,2,0,False,False,,js/unused-local-variable
exclude_two_unused_drop_touched_auxiliary,rccluster-13aca7f93fc27a24c916,getsentry/sentry,93304,dependency_error_or_resource_mismanagement,5,5,True,False,py/cyclic-import,
exclude_two_unused_drop_touched_auxiliary,rccluster-d8c709ef6219514ce854,getsentry/sentry,93709,dependency_error_or_resource_mismanagement,1,1,True,False,py/cyclic-import,
exclude_two_unused_drop_touched_auxiliary,rccluster-20824d112f87058a9a9c,getsentry/sentry,93709,control_state_or_dataflow_miscomposition,3,3,True,False,py/uninitialized-local-variable,
exclude_two_unused_drop_touched_auxiliary,rccluster-44f42eff61a80121fbc4,getsentry/sentry,94888,control_state_or_dataflow_miscomposition,1,1,True,False,py/redundant-else,
exclude_two_unused_drop_touched_auxiliary,rccluster-d49cd6ccdfcf6049349d,getsentry/sentry,95658,dependency_error_or_resource_mismanagement,1,1,True,False,py/cyclic-import,
exclude_two_unused_drop_touched_auxiliary,rccluster-ec1c7358922de7df6034,getsentry/sentry,95801,dependency_error_or_resource_mismanagement,2,2,True,False,py/cyclic-import,
exclude_two_unused_drop_touched_auxiliary,rccluster-baad56f744bbcae1dee2,github-copilot-resources/copilot-metrics-viewer,226,incomplete_change_coordination,1,0,False,False,,js/unused-local-variable
exclude_two_unused_drop_touched_auxiliary,rccluster-36837d2e4cc90b4c6f6e,goat-sdk/goat,174,incomplete_change_coordination,1,0,False,False,,js/unused-local-variable
exclude_two_unused_drop_touched_auxiliary,rccluster-3c09053980cff773e433,goat-sdk/goat,178,incomplete_change_coordination,1,0,False,False,,js/unused-local-variable
exclude_two_unused_drop_touched_auxiliary,rccluster-3db8c83bc83367996804,hasanharman/form-builder,79,incomplete_change_coordination,1,0,False,False,,js/unused-local-variable
exclude_two_unused_drop_touched_auxiliary,rccluster-1dadd39f036498896b1f,hasanharman/form-builder,80,incomplete_change_coordination,1,0,False,False,,js/unused-local-variable
exclude_two_unused_drop_touched_auxiliary,rccluster-a926dfc879fcbb7bfb96,haydenbleasel/kibo,165,incomplete_change_coordination,1,0,False,False,,js/unused-local-variable
exclude_two_unused_drop_touched_auxiliary,rccluster-20260f7375d2aa45bf44,haydenbleasel/kibo,168,incomplete_change_coordination,1,0,False,False,,js/unused-local-variable
exclude_two_unused_drop_touched_auxiliary,rccluster-045ddb18207b0726c420,ibelick/zola,185,control_state_or_dataflow_miscomposition,1,1,True,False,js/trivial-conditional,
exclude_two_unused_drop_touched_auxiliary,rccluster-ca4d9a55e585d4ab5807,ikamensh/flynt,231,control_state_or_dataflow_miscomposition,1,1,True,False,py/unused-local-variable,
exclude_two_unused_drop_touched_auxiliary,rccluster-b00a4caceeaa9fc8f72f,imbhargav5/rooks,1798,redundant_or_locally_inconsistent_construction,2,0,False,False,,js/unused-local-variable
exclude_two_unused_drop_touched_auxiliary,rccluster-77516ee5311c5233e79e,imbhargav5/rooks,1801,incomplete_change_coordination,1,0,False,False,,js/unused-local-variable
exclude_two_unused_drop_touched_auxiliary,rccluster-1b7087f1f72c2b1a07b0,imbhargav5/rooks,1833,control_state_or_dataflow_miscomposition,2,2,True,False,js/react/unused-or-undefined-state-property,
exclude_two_unused_drop_touched_auxiliary,rccluster-56db9768a72cc2d9617e,imbhargav5/rooks,1840,incomplete_change_coordination,1,0,False,False,,js/unused-local-variable
exclude_two_unused_drop_touched_auxiliary,rccluster-214085a046cf13580237,iterative/datachain,1215,redundant_or_locally_inconsistent_construction,1,1,True,False,py/import-and-import-from,
exclude_two_unused_drop_touched_auxiliary,rccluster-5cdcd2d18989e1172b27,jina-ai/node-DeepResearch,2,redundant_or_locally_inconsistent_construction,1,1,True,False,js/automatic-semicolon-insertion,
exclude_two_unused_drop_touched_auxiliary,rccluster-f132bb9e566178a30f82,jina-ai/node-DeepResearch,4,incomplete_change_coordination,1,0,False,False,,js/unused-local-variable
exclude_two_unused_drop_touched_auxiliary,rccluster-938aea39b9e3e5b8fb31,jlowin/fastmcp,870,dependency_error_or_resource_mismanagement,4,4,True,False,py/unsafe-cyclic-import,
exclude_two_unused_drop_touched_auxiliary,rccluster-75099625fb3b09427a7b,jlowin/fastmcp,870,dependency_error_or_resource_mismanagement,1,1,True,False,py/unsafe-cyclic-import,
exclude_two_unused_drop_touched_auxiliary,rccluster-c43c1ff9bef0c7ba17d7,jnsahaj/tweakcn,98,incomplete_change_coordination,4,0,False,False,,js/unused-local-variable
exclude_two_unused_drop_touched_auxiliary,rccluster-16a157f891366354cb57,jnsahaj/tweakcn,98,incomplete_change_coordination,1,0,False,False,,js/unused-local-variable
exclude_two_unused_drop_touched_auxiliary,rccluster-a9604cf7d8400df0792f,jxxghp/MoviePilot,4566,incomplete_change_coordination,4,0,False,False,,py/unused-import
exclude_two_unused_drop_touched_auxiliary,rccluster-d970f6936b9e388d56e1,jxxghp/MoviePilot,4566,incomplete_change_coordination,1,0,False,False,,py/unused-import
exclude_two_unused_drop_touched_auxiliary,rccluster-d2e7d48c08bffbd2490e,jxxghp/MoviePilot,4577,dependency_error_or_resource_mismanagement,10,10,True,False,py/catch-base-exception|py/empty-except,
exclude_two_unused_drop_touched_auxiliary,rccluster-278ba241b2072515cf81,jxxghp/MoviePilot,4577,incomplete_change_coordination,2,0,False,False,,py/unused-import
exclude_two_unused_drop_touched_auxiliary,rccluster-d4bcf049622d96ebcd07,keephq/keep,5015,incomplete_change_coordination,3,0,False,False,,py/unused-import
exclude_two_unused_drop_touched_auxiliary,rccluster-48c5f9b21a8db14b02fc,keephq/keep,5074,interface_or_contract_mismatch,2,2,True,False,py/inheritance/signature-mismatch,
exclude_two_unused_drop_touched_auxiliary,rccluster-24bea543669103685544,keephq/keep,5101,redundant_or_locally_inconsistent_construction,4,4,True,False,py/unused-local-variable,
exclude_two_unused_drop_touched_auxiliary,rccluster-c89cc348e3281d63ca7e,kortix-ai/suna,1013,incomplete_change_coordination,3,0,False,False,,js/unused-local-variable
exclude_two_unused_drop_touched_auxiliary,rccluster-6d6cce2ed0015233ddca,langbot-app/LangBot,1418,incomplete_change_coordination,1,1,True,False,py/commented-out-code,
exclude_two_unused_drop_touched_auxiliary,rccluster-d6a17903fe0c1f7c6d9d,langbot-app/LangBot,1418,control_state_or_dataflow_miscomposition,1,1,True,False,py/unreachable-statement,
exclude_two_unused_drop_touched_auxiliary,rccluster-69b3cd42ea5991b799d4,langbot-app/LangBot,1418,interface_or_contract_mismatch,2,2,True,False,py/missing-call-to-init,
exclude_two_unused_drop_touched_auxiliary,rccluster-a6f638585dd8c4a54086,langflow-ai/langflow,8870,redundant_or_locally_inconsistent_construction,2,2,True,False,py/unused-local-variable,
exclude_two_unused_drop_touched_auxiliary,rccluster-bc681f9e4d97b6336757,langflow-ai/langflow,8870,interface_or_contract_mismatch,4,4,True,False,py/call/wrong-named-argument,
exclude_two_unused_drop_touched_auxiliary,rccluster-585be48d82d9b6bcb459,liam-hq/liam,1163,incomplete_change_coordination,2,0,False,False,,js/unused-local-variable
exclude_two_unused_drop_touched_auxiliary,rccluster-7756669f0d3daf852d8c,liam-hq/liam,1296,incomplete_change_coordination,1,0,False,False,,js/unused-local-variable
exclude_two_unused_drop_touched_auxiliary,rccluster-72ae4f68376fc48fdb2f,liam-hq/liam,1296,incomplete_change_coordination,2,0,False,False,,js/unused-local-variable
exclude_two_unused_drop_touched_auxiliary,rccluster-48eb74648b373c7b599d,liam-hq/liam,1296,incomplete_change_coordination,1,0,False,False,,js/unused-local-variable
exclude_two_unused_drop_touched_auxiliary,rccluster-f6fc658f86c819f96f31,liam-hq/liam,1880,control_state_or_dataflow_miscomposition,1,1,True,False,js/trivial-conditional,
exclude_two_unused_drop_touched_auxiliary,rccluster-067c1bd60ad31418383b,liam-hq/liam,2099,incomplete_change_coordination,1,0,False,False,,js/unused-local-variable
exclude_two_unused_drop_touched_auxiliary,rccluster-ce06651f1a0df4480509,lingodotdev/lingo.dev,700,incomplete_change_coordination,1,0,False,False,,js/unused-local-variable
exclude_two_unused_drop_touched_auxiliary,rccluster-fec928d151199ae6fad2,lingodotdev/lingo.dev,708,incomplete_change_coordination,2,0,False,False,,js/unused-local-variable
exclude_two_unused_drop_touched_auxiliary,rccluster-21a15bfcf1c36b5d2934,lingodotdev/lingo.dev,708,incomplete_change_coordination,2,0,False,False,,js/unused-local-variable
exclude_two_unused_drop_touched_auxiliary,rccluster-2ac5418a01e7ca4792fa,lingodotdev/lingo.dev,739,incomplete_change_coordination,1,0,False,False,,js/unused-local-variable
exclude_two_unused_drop_touched_auxiliary,rccluster-f191fc0299a83416166c,linux-do/cdk,58,control_state_or_dataflow_miscomposition,1,1,True,False,js/useless-assignment-to-local,
exclude_two_unused_drop_touched_auxiliary,rccluster-3bffb6939f0f6299299b,lostintangent/gistpad,389,incomplete_change_coordination,1,0,False,False,,js/unused-local-variable
exclude_two_unused_drop_touched_auxiliary,rccluster-5cc96c94b344119a6527,maybe-finance/maybe,2389,control_state_or_dataflow_miscomposition,2,2,True,False,rb/uninitialized-local-variable,
exclude_two_unused_drop_touched_auxiliary,rccluster-2e0de36a944dd4be5d0d,maybe-finance/maybe,2389,control_state_or_dataflow_miscomposition,1,1,True,False,rb/useless-assignment-to-local,
exclude_two_unused_drop_touched_auxiliary,rccluster-f792c5691a26c343dfc3,maybe-finance/maybe,2389,redundant_or_locally_inconsistent_construction,5,5,True,False,rb/useless-assignment-to-local,
exclude_two_unused_drop_touched_auxiliary,rccluster-e009e4f8ce119200a158,mendableai/firecrawl,1413,incomplete_change_coordination,1,0,False,False,,js/unused-local-variable
exclude_two_unused_drop_touched_auxiliary,rccluster-bd787723ca271c6358de,mendableai/firecrawl,1557,redundant_or_locally_inconsistent_construction,1,1,True,False,js/automatic-semicolon-insertion,
exclude_two_unused_drop_touched_auxiliary,rccluster-5b2b2c997b9322f20ac8,mendableai/firecrawl,1557,incomplete_change_coordination,1,0,False,False,,js/unused-local-variable
exclude_two_unused_drop_touched_auxiliary,rccluster-e9b212549907727cfdc2,mendableai/firecrawl,1676,control_state_or_dataflow_miscomposition,1,1,True,False,js/unreachable-statement,
exclude_two_unused_drop_touched_auxiliary,rccluster-3fa4737fa3e5cf6ea447,mendableai/firecrawl,1714,redundant_or_locally_inconsistent_construction,1,0,False,False,,js/unused-local-variable
exclude_two_unused_drop_touched_auxiliary,rccluster-2a128fd923667744f4f7,mendableai/firecrawl,1714,control_state_or_dataflow_miscomposition,1,1,True,False,js/useless-assignment-to-local,
exclude_two_unused_drop_touched_auxiliary,rccluster-9db5fb2e5fdcb62e310d,mendableai/firecrawl,1735,incomplete_change_coordination,1,0,False,False,,js/unused-local-variable
exclude_two_unused_drop_touched_auxiliary,rccluster-21fb698b8728966835e9,mendableai/firecrawl,1851,redundant_or_locally_inconsistent_construction,4,4,True,False,js/automatic-semicolon-insertion,
exclude_two_unused_drop_touched_auxiliary,rccluster-b2f7e6911188fc456ff4,mendableai/firecrawl,1851,control_state_or_dataflow_miscomposition,1,1,True,False,js/useless-assignment-to-local,
exclude_two_unused_drop_touched_auxiliary,rccluster-9362d24346a996593d23,mendableai/firecrawl,1877,incomplete_change_coordination,2,0,False,False,,js/unused-local-variable
exclude_two_unused_drop_touched_auxiliary,rccluster-ed2f7b8f83961ec7d42a,mendableai/firecrawl,1893,redundant_or_locally_inconsistent_construction,4,0,False,False,,js/unused-local-variable
exclude_two_unused_drop_touched_auxiliary,rccluster-afb149b4284b457ce8e5,mfts/papermark,1762,incomplete_change_coordination,1,0,False,False,,js/unused-local-variable
exclude_two_unused_drop_touched_auxiliary,rccluster-20a9a39b38acfffb01ca,mfts/papermark,1762,incomplete_change_coordination,1,0,False,False,,js/unused-local-variable
exclude_two_unused_drop_touched_auxiliary,rccluster-3a2cbcf9125ba2eacc2e,microsoft/ApplicationInsights-JS,2583,incomplete_change_coordination,4,0,False,False,,js/unused-local-variable
exclude_two_unused_drop_touched_auxiliary,rccluster-83c286e839edda51fa8f,microsoft/ApplicationInsights-JS,2595,redundant_or_locally_inconsistent_construction,1,1,True,False,js/automatic-semicolon-insertion,
exclude_two_unused_drop_touched_auxiliary,rccluster-a5f10db44c664f4edbcc,microsoft/ApplicationInsights-JS,2595,incomplete_change_coordination,2,0,False,False,,js/unused-local-variable
exclude_two_unused_drop_touched_auxiliary,rccluster-c7c8cabdf8f34382d047,microsoft/RD-Agent,975,incomplete_change_coordination,3,3,True,False,py/commented-out-code,
exclude_two_unused_drop_touched_auxiliary,rccluster-b443e1166edb5f4f11d2,microsoft/RD-Agent,975,incomplete_change_coordination,1,1,True,False,py/unused-local-variable,
exclude_two_unused_drop_touched_auxiliary,rccluster-302a1b104d201c23718c,microsoft/RD-Agent,975,interface_or_contract_mismatch,6,6,True,False,py/inheritance/signature-mismatch|py/unused-local-variable,
exclude_two_unused_drop_touched_auxiliary,rccluster-3c15f2f67459bdd719ea,microsoft/azure-devops-mcp,248,incomplete_change_coordination,1,0,False,False,,js/unused-local-variable
exclude_two_unused_drop_touched_auxiliary,rccluster-7bd9b9a8b2e592f849af,microsoft/genaiscript,1773,redundant_or_locally_inconsistent_construction,1,0,False,False,,js/unused-local-variable
exclude_two_unused_drop_touched_auxiliary,rccluster-63a9fc81d97acb06b9f4,microsoft/typespec,7426,redundant_or_locally_inconsistent_construction,2,2,True,False,java/useless-tostring-call,
exclude_two_unused_drop_touched_auxiliary,rccluster-84b8ccd42469eacd4aa0,microsoft/typespec,7426,interface_or_contract_mismatch,66,66,True,False,java/deprecated-call,
exclude_two_unused_drop_touched_auxiliary,rccluster-36092e30cadb12be2c59,microsoft/typespec,7426,redundant_or_locally_inconsistent_construction,1,1,True,False,java/useless-tostring-call,
exclude_two_unused_drop_touched_auxiliary,rccluster-6a0d5f3e3b897c3b4705,microsoft/typespec,7426,interface_or_contract_mismatch,1,1,True,False,java/missing-override-annotation,
exclude_two_unused_drop_touched_auxiliary,rccluster-88a8ed1a08a2d1b3c5e7,microsoft/typespec,7426,dependency_error_or_resource_mismanagement,1,1,True,False,java/ignored-error-status-of-call,
exclude_two_unused_drop_touched_auxiliary,rccluster-ee9998ef3321c1d52737,microsoft/typespec,7426,dependency_error_or_resource_mismanagement,1,1,True,False,java/ignored-error-status-of-call,
exclude_two_unused_drop_touched_auxiliary,rccluster-a05a80d059a026eef47c,microsoft/typespec,7426,incomplete_change_coordination,2,2,True,False,java/unused-parameter,
exclude_two_unused_drop_touched_auxiliary,rccluster-42aafc291aa7f1c6c5db,microsoft/vscode,250646,control_state_or_dataflow_miscomposition,1,1,True,False,js/trivial-conditional,
exclude_two_unused_drop_touched_auxiliary,rccluster-667df2d0754b6720dfaf,microsoft/vscode,250672,incomplete_change_coordination,1,0,False,False,,js/unused-local-variable
exclude_two_unused_drop_touched_auxiliary,rccluster-bfec5bab7a7907801292,microsoft/vscode,250672,incomplete_change_coordination,1,0,False,False,,js/unused-local-variable
exclude_two_unused_drop_touched_auxiliary,rccluster-b544eaddde307a22307f,microsoft/vscode,250672,incomplete_change_coordination,1,0,False,False,,js/unused-local-variable
exclude_two_unused_drop_touched_auxiliary,rccluster-b26f8523be2cd24820f7,miurla/morphic,531,incomplete_change_coordination,2,0,False,False,,js/unused-local-variable
exclude_two_unused_drop_touched_auxiliary,rccluster-5ba00b00b78f5de41820,module-federation/core,3883,redundant_or_locally_inconsistent_construction,2,0,False,False,,js/unused-local-variable
exclude_two_unused_drop_touched_auxiliary,rccluster-eba5f51473f7f9bf23f4,module-federation/core,3883,incomplete_change_coordination,1,0,False,False,,js/unused-local-variable
exclude_two_unused_drop_touched_auxiliary,rccluster-6f799bb7a9eea4461808,module-federation/core,3916,incomplete_change_coordination,1,0,False,False,,js/unused-local-variable
exclude_two_unused_drop_touched_auxiliary,rccluster-1f8a2cedf5d51104b2a5,mrwadams/stride-gpt,72,control_state_or_dataflow_miscomposition,3,3,True,False,py/multiple-definition,
exclude_two_unused_drop_touched_auxiliary,rccluster-b1ff45adc276306ac672,novuhq/novu,8305,redundant_or_locally_inconsistent_construction,1,0,False,False,,js/unused-local-variable
exclude_two_unused_drop_touched_auxiliary,rccluster-4a22d9384427a1a2dd2e,novuhq/novu,8313,incomplete_change_coordination,1,0,False,False,,js/unused-local-variable
exclude_two_unused_drop_touched_auxiliary,rccluster-404a016a157b85aa076c,novuhq/novu,8335,incomplete_change_coordination,3,0,False,False,,js/unused-local-variable
exclude_two_unused_drop_touched_auxiliary,rccluster-c1224beac1904723d801,novuhq/novu,8339,incomplete_change_coordination,1,0,False,False,,js/unused-local-variable
exclude_two_unused_drop_touched_auxiliary,rccluster-a5edc0de4fed4714af63,novuhq/novu,8363,incomplete_change_coordination,1,0,False,False,,js/unused-local-variable
exclude_two_unused_drop_touched_auxiliary,rccluster-0b402d2fa08ea7dda794,novuhq/novu,8396,incomplete_change_coordination,1,0,False,False,,js/unused-local-variable
exclude_two_unused_drop_touched_auxiliary,rccluster-c3265a45a310cdc3f8a2,novuhq/novu,8562,incomplete_change_coordination,1,0,False,False,,js/unused-local-variable
exclude_two_unused_drop_touched_auxiliary,rccluster-75976710862f489c2fb0,novuhq/novu,8563,incomplete_change_coordination,1,0,False,False,,js/unused-local-variable
exclude_two_unused_drop_touched_auxiliary,rccluster-275ce25e19d8111d4950,novuhq/novu,8584,incomplete_change_coordination,2,0,False,False,,js/unused-local-variable
exclude_two_unused_drop_touched_auxiliary,rccluster-d062be8839c01c094eef,nrwl/nx,31621,incomplete_change_coordination,1,0,False,False,,js/unused-local-variable
exclude_two_unused_drop_touched_auxiliary,rccluster-40f5e92c8914809588c9,nrwl/nx,31621,incomplete_change_coordination,1,0,False,False,,js/unused-local-variable
exclude_two_unused_drop_touched_auxiliary,rccluster-5c4189cc1e8afdf3182f,nrwl/nx,31621,control_state_or_dataflow_miscomposition,1,1,True,False,js/useless-assignment-to-local,
exclude_two_unused_drop_touched_auxiliary,rccluster-5d8562fe72743c82de0f,nrwl/nx,31621,incomplete_change_coordination,1,0,False,False,,js/unused-local-variable
exclude_two_unused_drop_touched_auxiliary,rccluster-e28faf82ca011d69a5b7,nrwl/nx,31621,incomplete_change_coordination,1,0,False,False,,js/unused-local-variable
exclude_two_unused_drop_touched_auxiliary,rccluster-624e22f2eadb1fb6897a,nrwl/nx,31621,incomplete_change_coordination,1,0,False,False,,js/unused-local-variable
exclude_two_unused_drop_touched_auxiliary,rccluster-486e9855ad6d6c43af3a,nrwl/nx,31621,incomplete_change_coordination,1,0,False,False,,js/unused-local-variable
exclude_two_unused_drop_touched_auxiliary,rccluster-00d6228c9571aeecfd48,nrwl/nx,31621,incomplete_change_coordination,1,0,False,False,,js/unused-local-variable
exclude_two_unused_drop_touched_auxiliary,rccluster-10f751f4b3b869670ecc,nrwl/nx,31621,incomplete_change_coordination,4,0,False,False,,js/unused-local-variable
exclude_two_unused_drop_touched_auxiliary,rccluster-88a5308b0e4293a04143,nrwl/nx,31621,incomplete_change_coordination,3,0,False,False,,js/unused-local-variable
exclude_two_unused_drop_touched_auxiliary,rccluster-b6f35ec20a4cbd4af3db,onetimesecret/onetimesecret,1538,control_state_or_dataflow_miscomposition,1,1,True,False,rb/useless-assignment-to-local,
exclude_two_unused_drop_touched_auxiliary,rccluster-52417a63132a640fafd4,onetimesecret/onetimesecret,1538,redundant_or_locally_inconsistent_construction,1,1,True,False,rb/useless-assignment-to-local,
exclude_two_unused_drop_touched_auxiliary,rccluster-e44bfdf45468060bba8c,onetimesecret/onetimesecret,1538,incomplete_change_coordination,1,1,True,False,rb/useless-assignment-to-local,
exclude_two_unused_drop_touched_auxiliary,rccluster-52399660dcfbb959490a,onetimesecret/onetimesecret,1538,redundant_or_locally_inconsistent_construction,1,1,True,False,rb/useless-assignment-to-local,
exclude_two_unused_drop_touched_auxiliary,rccluster-527a7ebdeaf8ecfc6949,onetimesecret/onetimesecret,1538,redundant_or_locally_inconsistent_construction,2,2,True,False,rb/useless-assignment-to-local,
exclude_two_unused_drop_touched_auxiliary,rccluster-532804fe0f18c6d63c77,onetimesecret/onetimesecret,1577,redundant_or_locally_inconsistent_construction,1,1,True,False,rb/useless-assignment-to-local,
exclude_two_unused_drop_touched_auxiliary,rccluster-6016d8b59fe95a741e7a,onlook-dev/onlook,1305,incomplete_change_coordination,1,0,False,False,,js/unused-local-variable
exclude_two_unused_drop_touched_auxiliary,rccluster-6b2ba04a3914dec2dc9a,onlook-dev/onlook,1386,incomplete_change_coordination,2,0,False,False,,js/unused-local-variable
exclude_two_unused_drop_touched_auxiliary,rccluster-43b08ad79066349e9691,onlook-dev/onlook,1386,incomplete_change_coordination,2,0,False,False,,js/unused-local-variable
exclude_two_unused_drop_touched_auxiliary,rccluster-903280c778469f2fe5c6,onlook-dev/onlook,1411,incomplete_change_coordination,1,0,False,False,,js/unused-local-variable
exclude_two_unused_drop_touched_auxiliary,rccluster-d8c61bbc84845d19f448,onlook-dev/onlook,2088,incomplete_change_coordination,2,0,False,False,,js/unused-local-variable
exclude_two_unused_drop_touched_auxiliary,rccluster-405b90bf7d928b38532c,onlook-dev/onlook,2088,incomplete_change_coordination,7,0,False,False,,js/unused-local-variable
exclude_two_unused_drop_touched_auxiliary,rccluster-945052fd4813f06c1fdd,onlook-dev/onlook,2093,incomplete_change_coordination,1,0,False,False,,js/unused-local-variable
exclude_two_unused_drop_touched_auxiliary,rccluster-b063871680ebd68aef14,onlook-dev/onlook,2169,incomplete_change_coordination,1,0,False,False,,js/unused-local-variable
exclude_two_unused_drop_touched_auxiliary,rccluster-5dadc583cef1f7ca0b2a,openai/openai-agents-python,729,dependency_error_or_resource_mismanagement,7,7,True,False,py/cyclic-import|py/unsafe-cyclic-import,
exclude_two_unused_drop_touched_auxiliary,rccluster-7353d584e92240e17b42,openai/openai-agents-python,886,redundant_or_locally_inconsistent_construction,1,1,True,False,py/unnecessary-pass,
exclude_two_unused_drop_touched_auxiliary,rccluster-f504dbcb0461eb638a80,oraios/serena,286,incomplete_change_coordination,12,0,False,False,,py/unused-import
exclude_two_unused_drop_touched_auxiliary,rccluster-f1e7d6862a094a041bce,patched-codes/patchwork,1192,incomplete_change_coordination,1,0,False,False,,py/unused-import
exclude_two_unused_drop_touched_auxiliary,rccluster-29785c65ab76c6dd715b,patched-codes/patchwork,1192,incomplete_change_coordination,1,0,False,False,,py/unused-import
exclude_two_unused_drop_touched_auxiliary,rccluster-21e5a191b7593cc63fe6,pdfme/pdfme,1059,control_state_or_dataflow_miscomposition,2,2,True,False,js/useless-assignment-to-local,
exclude_two_unused_drop_touched_auxiliary,rccluster-11c82171a693b6530e46,pdfme/pdfme,1059,control_state_or_dataflow_miscomposition,3,3,True,False,js/redundant-operation,
exclude_two_unused_drop_touched_auxiliary,rccluster-21e83f471fc50e560947,pdfme/pdfme,1059,redundant_or_locally_inconsistent_construction,3,3,True,False,js/automatic-semicolon-insertion,
exclude_two_unused_drop_touched_auxiliary,rccluster-d125b087b52863875386,pdfme/pdfme,1059,control_state_or_dataflow_miscomposition,1,1,True,False,js/trivial-conditional,
exclude_two_unused_drop_touched_auxiliary,rccluster-bf17614d08e1a2476e2d,pdfme/pdfme,1059,redundant_or_locally_inconsistent_construction,1,1,True,False,js/redundant-assignment,
exclude_two_unused_drop_touched_auxiliary,rccluster-17ef02abdfd899568fe6,pdfme/pdfme,761,incomplete_change_coordination,1,0,False,False,,js/unused-local-variable
exclude_two_unused_drop_touched_auxiliary,rccluster-70e07a2887d066741d6c,pdfme/pdfme,764,incomplete_change_coordination,1,0,False,False,,js/unused-local-variable
exclude_two_unused_drop_touched_auxiliary,rccluster-d495572fbade8e168636,pdfme/pdfme,765,incomplete_change_coordination,1,0,False,False,,js/unused-local-variable
exclude_two_unused_drop_touched_auxiliary,rccluster-6ff64f46468e214facde,pdfme/pdfme,766,incomplete_change_coordination,1,0,False,False,,js/unused-local-variable
exclude_two_unused_drop_touched_auxiliary,rccluster-b66b750d29091ae875aa,pdfme/pdfme,802,redundant_or_locally_inconsistent_construction,1,0,False,False,,js/unused-local-variable
exclude_two_unused_drop_touched_auxiliary,rccluster-8aaa6973fdbc52ec1876,pdfme/pdfme,810,incomplete_change_coordination,1,0,False,False,,js/unused-local-variable
exclude_two_unused_drop_touched_auxiliary,rccluster-00b864e2449f3549de5e,prebid/Prebid.js,13160,control_state_or_dataflow_miscomposition,3,3,True,False,js/trivial-conditional,
exclude_two_unused_drop_touched_auxiliary,rccluster-1fa44ce1f60290f596ba,prebid/Prebid.js,13167,redundant_or_locally_inconsistent_construction,1,1,True,False,js/automatic-semicolon-insertion,
exclude_two_unused_drop_touched_auxiliary,rccluster-c5135556daa74b1478fa,prebid/Prebid.js,13243,incomplete_change_coordination,1,0,False,False,,js/unused-local-variable
exclude_two_unused_drop_touched_auxiliary,rccluster-5e27f4f80ab918639bc9,prebid/Prebid.js,13320,redundant_or_locally_inconsistent_construction,2,2,True,False,js/automatic-semicolon-insertion,
exclude_two_unused_drop_touched_auxiliary,rccluster-0af77366dc502d20a4e4,prebid/Prebid.js,13322,redundant_or_locally_inconsistent_construction,2,2,True,False,js/automatic-semicolon-insertion,
exclude_two_unused_drop_touched_auxiliary,rccluster-095f908cfb4741154a2d,promptfoo/promptfoo,2709,control_state_or_dataflow_miscomposition,1,1,True,False,js/useless-assignment-to-local,
exclude_two_unused_drop_touched_auxiliary,rccluster-58d79fda769fc9c49d38,reflex-dev/reflex,5555,dependency_error_or_resource_mismanagement,1,1,True,False,py/empty-except,
exclude_two_unused_drop_touched_auxiliary,rccluster-965c54910bc615bd0237,robinkarlberg/transfer.zip-web,35,incomplete_change_coordination,1,0,False,False,,js/unused-local-variable
exclude_two_unused_drop_touched_auxiliary,rccluster-006ef37f856c6a467e36,robinkarlberg/transfer.zip-web,36,redundant_or_locally_inconsistent_construction,1,1,True,False,js/automatic-semicolon-insertion,
exclude_two_unused_drop_touched_auxiliary,rccluster-9738151c959887835c34,robinkarlberg/transfer.zip-web,39,incomplete_change_coordination,3,0,False,False,,js/unused-local-variable
exclude_two_unused_drop_touched_auxiliary,rccluster-778e45b31d2d6eec0447,robinkarlberg/transfer.zip-web,39,incomplete_change_coordination,3,0,False,False,,js/unused-local-variable
exclude_two_unused_drop_touched_auxiliary,rccluster-5c3335fca4a7aaf31ec6,rsyslog/rsyslog,5665,interface_or_contract_mismatch,4,4,True,False,cpp/implicit-function-declaration,
exclude_two_unused_drop_touched_auxiliary,rccluster-019002e87e122109fb97,rsyslog/rsyslog,5754,interface_or_contract_mismatch,1,1,True,False,cpp/implicit-function-declaration,
exclude_two_unused_drop_touched_auxiliary,rccluster-2acc3bcae48d15d3acf1,rsyslog/rsyslog,5754,interface_or_contract_mismatch,1,1,True,False,cpp/implicit-function-declaration,
exclude_two_unused_drop_touched_auxiliary,rccluster-4b224d821017ce974aa9,ruvnet/claude-flow,519,interface_or_contract_mismatch,2,0,False,False,,js/unused-local-variable
exclude_two_unused_drop_touched_auxiliary,rccluster-db09b0d21ddcc80632e4,ruvnet/claude-flow,519,redundant_or_locally_inconsistent_construction,1,0,False,False,,js/unused-local-variable
exclude_two_unused_drop_touched_auxiliary,rccluster-faa74acf34f8be6123d6,ryokun6/ryos,131,incomplete_change_coordination,2,0,False,False,,js/unused-local-variable
exclude_two_unused_drop_touched_auxiliary,rccluster-df7d370cf132e3979a90,ryokun6/ryos,195,incomplete_change_coordination,1,0,False,False,,js/unused-local-variable
exclude_two_unused_drop_touched_auxiliary,rccluster-ce60046af478a081dc45,ryokun6/ryos,66,incomplete_change_coordination,4,0,False,False,,js/unused-local-variable
exclude_two_unused_drop_touched_auxiliary,rccluster-a0a66d838906c627a519,ryokun6/ryos,95,incomplete_change_coordination,1,0,False,False,,js/unused-local-variable
exclude_two_unused_drop_touched_auxiliary,rccluster-7f28a94a10a89085f6cb,sam-goodwin/alchemy,251,redundant_or_locally_inconsistent_construction,1,1,True,False,js/useless-expression,
exclude_two_unused_drop_touched_auxiliary,rccluster-33ebb4e4319a6f1ee5a5,sam-goodwin/alchemy,251,control_state_or_dataflow_miscomposition,5,5,True,False,js/trivial-conditional,
exclude_two_unused_drop_touched_auxiliary,rccluster-ad2e1ea33472eeb33194,sdorra/content-collections,612,incomplete_change_coordination,1,0,False,False,,js/unused-local-variable
exclude_two_unused_drop_touched_auxiliary,rccluster-053a63f808b61bb5bd43,spcl/dace,2019,redundant_or_locally_inconsistent_construction,2,0,False,False,,py/unused-import
exclude_two_unused_drop_touched_auxiliary,rccluster-74d2a4f678e3ab8cb077,spcl/dace,2019,incomplete_change_coordination,1,0,False,False,,py/unused-import
exclude_two_unused_drop_touched_auxiliary,rccluster-3880200f61c329c6e615,spcl/dace,2077,incomplete_change_coordination,1,0,False,False,,py/unused-import
exclude_two_unused_drop_touched_auxiliary,rccluster-abc4e00c08eb413891c6,stack-auth/stack-auth,465,incomplete_change_coordination,1,0,False,False,,js/unused-local-variable
exclude_two_unused_drop_touched_auxiliary,rccluster-846ab9638b6972181a9c,stack-auth/stack-auth,506,incomplete_change_coordination,1,0,False,False,,js/unused-local-variable
exclude_two_unused_drop_touched_auxiliary,rccluster-ad22cdd9baa5004c0b70,stanford-crfm/levanter,1015,redundant_or_locally_inconsistent_construction,3,3,True,False,py/multiple-definition,
exclude_two_unused_drop_touched_auxiliary,rccluster-72eba0547da4775dad70,stanford-crfm/levanter,1018,redundant_or_locally_inconsistent_construction,1,1,True,False,py/multiple-definition,
exclude_two_unused_drop_touched_auxiliary,rccluster-5d9aef1cc7c9513932af,stanford-crfm/levanter,1023,incomplete_change_coordination,2,2,True,False,py/unused-local-variable,
exclude_two_unused_drop_touched_auxiliary,rccluster-151b91f79b4064616cc4,stanford-crfm/levanter,1098,redundant_or_locally_inconsistent_construction,2,2,True,False,py/unused-local-variable,
exclude_two_unused_drop_touched_auxiliary,rccluster-2d7f558feb806419a72d,streamich/memfs,1124,incomplete_change_coordination,1,0,False,False,,js/unused-local-variable
exclude_two_unused_drop_touched_auxiliary,rccluster-bc9271c70d68ed92d91a,tegnike/aituber-kit,331,incomplete_change_coordination,2,0,False,False,,js/unused-local-variable
exclude_two_unused_drop_touched_auxiliary,rccluster-98db94046d5eee9a6c14,tegnike/aituber-kit,332,incomplete_change_coordination,1,0,False,False,,js/unused-local-variable
exclude_two_unused_drop_touched_auxiliary,rccluster-1028aadfa933095ca905,thirdweb-dev/js,7532,control_state_or_dataflow_miscomposition,1,1,True,False,js/useless-assignment-to-local,
exclude_two_unused_drop_touched_auxiliary,rccluster-3f75becf85da3d7851aa,trycompai/comp,98,incomplete_change_coordination,1,0,False,False,,js/unused-local-variable
exclude_two_unused_drop_touched_auxiliary,rccluster-d8d7f428b3f8a79e19cd,ucbepic/docetl,377,incomplete_change_coordination,1,0,False,False,,py/unused-import
exclude_two_unused_drop_touched_auxiliary,rccluster-20a914f6644a19001103,ucbepic/docetl,378,incomplete_change_coordination,1,0,False,False,,py/unused-import
exclude_two_unused_drop_touched_auxiliary,rccluster-6f99608447c03fd3c812,unclecode/crawl4ai,1152,control_state_or_dataflow_miscomposition,2,2,True,False,py/exit-from-finally|py/mixed-returns,
exclude_two_unused_drop_touched_auxiliary,rccluster-af52b9b70a23e091bd4c,unclecode/crawl4ai,1152,incomplete_change_coordination,1,1,True,False,py/unused-local-variable,
exclude_two_unused_drop_touched_auxiliary,rccluster-c4172751de38c202fd0a,unsend-dev/unsend,164,incomplete_change_coordination,14,0,False,False,,js/unused-local-variable
exclude_two_unused_drop_touched_auxiliary,rccluster-0722ff85ef7f3d2b7624,unsend-dev/unsend,164,incomplete_change_coordination,1,0,False,False,,js/unused-local-variable
exclude_two_unused_drop_touched_auxiliary,rccluster-e64fcd3221c315ca3200,unsend-dev/unsend,164,incomplete_change_coordination,1,0,False,False,,js/unused-local-variable
exclude_two_unused_drop_touched_auxiliary,rccluster-0adf8ec5f3acd80780f8,useautumn/autumn,95,incomplete_change_coordination,1,0,False,False,,js/unused-local-variable
exclude_two_unused_drop_touched_auxiliary,rccluster-f0a555838f128311f134,vgmtrans/vgmtrans,612,redundant_or_locally_inconsistent_construction,1,1,True,False,cpp/commented-out-code,
exclude_two_unused_drop_touched_auxiliary,rccluster-d33d1e3da82bd2c6b2c7,vlm-run/vlmrun-hub,123,incomplete_change_coordination,1,0,False,False,,py/unused-import
exclude_two_unused_drop_touched_auxiliary,rccluster-3df82d18ed76687b826c,vlm-run/vlmrun-hub,60,incomplete_change_coordination,2,0,False,False,,py/unused-import
exclude_two_unused_drop_touched_auxiliary,rccluster-22fe86fce38159608ff3,willccbb/verifiers,124,incomplete_change_coordination,1,1,True,False,py/unused-local-variable,
exclude_two_unused_drop_touched_auxiliary,rccluster-dd496ef0d1e7fac95de8,willccbb/verifiers,161,dependency_error_or_resource_mismanagement,2,2,True,False,py/catch-base-exception|py/empty-except,
exclude_two_unused_drop_touched_auxiliary,rccluster-bbb181e33e7f33f41ca2,willccbb/verifiers,166,dependency_error_or_resource_mismanagement,3,3,True,False,py/empty-except,
exclude_two_unused_drop_touched_auxiliary,rccluster-1a8c59efdc71651f6460,willccbb/verifiers,166,dependency_error_or_resource_mismanagement,2,2,True,False,py/empty-except,
exclude_two_unused_drop_touched_auxiliary,rccluster-4baad9bcf04f1e2777b5,wizarrrr/wizarr,579,control_state_or_dataflow_miscomposition,2,2,True,False,py/return-or-yield-outside-function|py/unreachable-statement,
exclude_two_unused_drop_touched_auxiliary,rccluster-6a8730fcadb6b223d6ef,yamadashy/repomix,574,incomplete_change_coordination,1,0,False,False,,js/unused-local-variable
exclude_two_unused_drop_touched_auxiliary,rccluster-6ca1265a2f0da3e00667,yamadashy/repomix,590,incomplete_change_coordination,1,0,False,False,,js/unused-local-variable
exclude_two_unused_drop_touched_auxiliary,rccluster-7e9babdd691b7cde07aa,yamadashy/repomix,590,incomplete_change_coordination,1,0,False,False,,js/unused-local-variable
exclude_two_unused_drop_touched_auxiliary,rccluster-580b3638358875caeb97,yysun/apprun,148,incomplete_change_coordination,2,0,False,False,,js/unused-local-variable
exclude_two_unused_drop_touched_auxiliary,rccluster-7e2b17f04e6a29a5480d,yysun/apprun,148,incomplete_change_coordination,1,0,False,False,,js/unused-local-variable
