repo_id,repo_name,language,stars,pr_id,pr_number,agent,created_at,merged_at,keyword_hit,task_type
39321023,prebid/Prebid.js,JavaScript,1467,2334880148,12765,Human,2025-02-13T22:52:44Z,2025-02-14T19:17:18Z,feat,feat
7741856,pixijs/pixijs,TypeScript,45473,2286332545,11211,Human,2025-01-19T19:03:20Z,2025-01-23T12:44:45Z,fix,fix
430749584,OneKeyHQ/app-monorepo,TypeScript,1995,2527096227,7351,Human,2025-05-18T18:07:06Z,2025-05-19T00:44:53Z,feat,feat
139199684,PrefectHQ/prefect,Python,19894,2420201980,17607,Human,2025-03-26T18:23:40Z,2025-03-27T03:33:27Z,feat,feat
274495425,remotion-dev/remotion,TypeScript,23319,2458085948,5141,Human,2025-04-14T16:16:23Z,2025-04-14T17:02:06Z,fix,fix
653589102,567-labs/instructor,Python,11095,2537575913,1544,Human,2025-05-22T15:35:27Z,2025-05-22T16:40:54Z,fix,fix
781914762,julep-ai/julep,Python,5629,2352743534,1183,Human,2025-02-24T06:06:23Z,2025-02-28T10:57:42Z,feat,feat
787076358,mendableai/firecrawl,TypeScript,43970,2428830090,1398,Human,2025-03-31T12:28:26Z,2025-04-02T10:18:19Z,feat,feat
955904085,antiwork/flexile,Ruby,665,2482076457,195,Human,2025-04-25T17:08:59Z,2025-04-25T17:12:39Z,fix,fix
820087727,onlook-dev/onlook,TypeScript,21192,2260962808,988,Human,2025-01-06T00:42:46Z,2025-01-06T00:44:15Z,feat,feat
39321023,prebid/Prebid.js,JavaScript,1467,2573768662,13303,Human,2025-06-06T15:21:34Z,2025-06-14T16:46:49Z,feat,feat
774497032,MervinPraison/PraisonAI,Python,5243,2310214732,357,Human,2025-02-01T00:01:22Z,2025-02-01T00:01:28Z,feat,feat
195619075,vdaas/vald,Go,1629,2346101499,2872,Human,2025-02-20T04:15:55Z,2025-03-03T04:40:51Z,feat,feat
614765452,Significant-Gravitas/AutoGPT,Python,177379,2416987762,9697,Human,2025-03-25T15:15:03Z,2025-03-25T15:56:18Z,fix,fix
29933948,fluent/fluent-bit,C,7110,2308427998,9895,Human,2025-01-31T07:02:41Z,2025-02-20T19:40:24Z,fix,fix
710601088,crewAIInc/crewAI,Python,35096,2449273362,2556,Human,2025-04-09T18:26:49Z,2025-04-09T18:54:47Z,refactor,refactor
350360184,calcom/cal.com,TypeScript,37399,2418213882,20369,Human,2025-03-26T02:58:38Z,2025-03-27T15:00:35Z,feat,feat
314197645,zenml-io/zenml,Python,4768,2531790199,3687,Human,2025-05-20T14:45:39Z,2025-05-22T08:03:39Z,fix,fix
10458362,rsyslog/rsyslog,C,2165,2567881840,5654,Human,2025-06-04T16:42:48Z,2025-06-05T12:06:31Z,feat,feat
136202695,mlflow/mlflow,Python,21402,2530551941,15807,Human,2025-05-20T06:56:28Z,2025-05-21T14:05:58Z,fix,fix
275993885,appsmithorg/appsmith,TypeScript,37596,2475003506,40349,Human,2025-04-23T04:33:34Z,2025-04-26T15:15:55Z,fix,fix
710601088,crewAIInc/crewAI,Python,35096,2489551645,2723,Human,2025-04-29T17:51:43Z,2025-05-02T17:40:39Z,feat,feat
781914762,julep-ai/julep,Python,5629,2370655155,1209,Human,2025-03-04T12:19:10Z,2025-03-04T13:23:15Z,fix,fix
29301872,OpenHFT/Chronicle-Wire,Java,557,2353118979,990,Human,2025-02-24T09:40:17Z,2025-03-26T13:40:36Z,fix,fix
178976529,bentoml/BentoML,Python,7934,2455025552,5317,Human,2025-04-12T00:44:25Z,2025-04-12T09:11:07Z,fix,fix
95743138,box/box-ui-elements,JavaScript,546,2318775600,3898,Human,2025-02-06T00:35:59Z,2025-02-11T00:17:58Z,feat,feat
633927609,promptfoo/promptfoo,TypeScript,7809,2306317972,2908,Human,2025-01-30T08:36:23Z,2025-01-30T20:37:39Z,feat,feat
95743138,box/box-ui-elements,JavaScript,546,2262991572,3827,Human,2025-01-07T03:43:49Z,2025-01-07T03:44:16Z,fix,fix
679017521,AgentOps-AI/agentops,Python,4722,2448591120,914,Human,2025-04-09T13:17:05Z,2025-04-11T20:51:48Z,feat,feat
127246132,reown-com/appkit,TypeScript,5202,2554385154,4441,Human,2025-05-30T10:27:38Z,2025-06-04T13:07:39Z,fix,fix
959682770,antiwork/gumroad,Ruby,6643,2619649570,449,Human,2025-06-26T00:34:21Z,2025-06-26T00:59:24Z,refactor,refactor
28928522,wolfSSL/wolfssl,C,2562,2574573919,8854,Human,2025-06-06T22:15:12Z,2025-06-26T03:20:03Z,feat,feat
221931137,celestiaorg/celestia-core,Go,531,2346611891,1620,Human,2025-02-20T09:37:52Z,2025-03-02T15:23:39Z,fix,fix
350360184,calcom/cal.com,TypeScript,37399,2439195457,20544,Human,2025-04-04T10:45:34Z,2025-04-04T12:49:00Z,fix,fix
959682770,antiwork/gumroad,Ruby,6643,2495454998,205,Human,2025-05-02T11:12:07Z,2025-05-08T21:55:50Z,fix,fix
28589709,sakaiproject/sakai,Java,1161,2494027419,13683,Human,2025-05-01T15:42:13Z,2025-05-05T12:29:18Z,refactor,refactor
95743138,box/box-ui-elements,JavaScript,546,2553073618,4119,Human,2025-05-29T19:39:46Z,2025-05-29T19:49:14Z,fix,fix
519859998,toeverything/AFFiNE,TypeScript,53813,2475947090,11935,Human,2025-04-23T11:38:05Z,2025-04-24T10:22:37Z,refactor,refactor
879473096,bespokelabsai/curator,Python,1465,2409498745,598,Human,2025-03-21T13:15:51Z,2025-04-03T17:41:45Z,feat,feat
127246132,reown-com/appkit,TypeScript,5202,2422466645,4095,Human,2025-03-27T13:18:21Z,2025-03-28T07:30:10Z,fix,fix
274495425,remotion-dev/remotion,TypeScript,23319,2311873855,4846,Human,2025-02-03T06:46:54Z,2025-02-03T07:17:44Z,feat,feat
614765452,Significant-Gravitas/AutoGPT,Python,177379,2483120959,9885,Human,2025-04-26T12:10:26Z,2025-04-28T15:41:15Z,fix,fix
710601088,crewAIInc/crewAI,Python,35096,2419768442,2481,Human,2025-03-26T15:17:50Z,2025-03-26T15:25:10Z,fix,fix
894659403,goat-sdk/goat,TypeScript,798,2536148050,503,Human,2025-05-22T06:23:24Z,2025-05-26T12:56:00Z,feat,feat
860100131,microsoft/typescript-go,Go,21439,2570458990,1067,Human,2025-06-05T14:11:10Z,2025-06-05T15:59:11Z,fix,fix
195619075,vdaas/vald,Go,1629,2506045123,2960,Human,2025-05-08T05:04:46Z,2025-05-12T00:59:02Z,fix,fix
92912604,commaai/opendbc,Python,2457,2352418494,1825,Human,2025-02-24T00:08:19Z,2025-02-24T03:29:12Z,refactor,refactor
955904085,antiwork/flexile,Ruby,665,2612567155,404,Human,2025-06-23T19:12:44Z,2025-06-23T19:28:00Z,fix,fix
400215964,novuhq/novu,TypeScript,37349,2475713525,8182,Human,2025-04-23T10:04:28Z,2025-04-23T10:19:11Z,fix,fix
873328,getsentry/sentry,Python,41579,2622011651,94465,Human,2025-06-26T18:54:10Z,2025-06-26T19:57:23Z,fix,fix
781914762,julep-ai/julep,Python,5629,2507107743,1357,Human,2025-05-08T13:23:59Z,2025-05-08T16:41:04Z,fix,fix
39321023,prebid/Prebid.js,JavaScript,1467,2502255862,13073,Human,2025-05-06T17:34:46Z,2025-05-28T19:15:48Z,feat,feat
28928522,wolfSSL/wolfssl,C,2562,2579318760,8862,Human,2025-06-09T19:50:33Z,2025-06-09T20:03:48Z,fix,fix
839216423,liam-hq/liam,TypeScript,4194,2493175235,1569,Human,2025-05-01T04:42:40Z,2025-05-01T04:55:18Z,feat,feat
860100131,microsoft/typescript-go,Go,21439,2414580924,700,Human,2025-03-24T18:58:04Z,2025-03-25T01:18:47Z,fix,fix
881506708,RooCodeInc/Roo-Code,TypeScript,17756,2305035806,642,Human,2025-01-29T16:58:42Z,2025-01-29T17:32:51Z,fix,fix
39321023,prebid/Prebid.js,JavaScript,1467,2304631547,12705,Human,2025-01-29T13:59:29Z,2025-01-30T17:37:24Z,fix,fix
786756993,mistralai/mistral-common,Python,771,2503986210,79,Human,2025-05-07T10:32:09Z,2025-05-07T12:03:19Z,refactor,refactor
828119367,yamadashy/repomix,TypeScript,18206,2395034847,418,Human,2025-03-15T05:22:47Z,2025-03-15T05:43:35Z,feat,feat
400215964,novuhq/novu,TypeScript,37349,2484764326,8219,Human,2025-04-28T05:16:59Z,2025-04-28T06:47:19Z,fix,fix
400215964,novuhq/novu,TypeScript,37349,2339920154,7736,Human,2025-02-17T14:35:37Z,2025-02-17T14:53:03Z,fix,fix
839216423,liam-hq/liam,TypeScript,4194,2346101338,757,Human,2025-02-20T04:15:45Z,2025-02-21T00:51:04Z,feat,feat
214587193,supabase/supabase,TypeScript,86399,2278132921,32786,Human,2025-01-15T01:52:11Z,2025-01-22T10:00:59Z,feat,feat
41881900,microsoft/vscode,TypeScript,175171,2307860579,239266,Human,2025-01-30T22:34:20Z,2025-01-30T22:49:53Z,fix,fix
958026130,featureform/enrichmcp,Python,583,2622031569,98,Human,2025-06-26T19:02:32Z,2025-06-26T19:07:39Z,fix,fix
221931137,celestiaorg/celestia-core,Go,531,2397606560,1681,Human,2025-03-17T11:41:54Z,2025-04-04T12:34:46Z,feat,feat
350360184,calcom/cal.com,TypeScript,37399,2349556535,19434,Human,2025-02-21T12:41:32Z,2025-02-21T15:06:50Z,fix,fix
254328371,NangoHQ/nango,TypeScript,5463,2460834215,3908,Human,2025-04-15T14:11:05Z,2025-04-24T16:37:41Z,feat,feat
839216423,liam-hq/liam,TypeScript,4194,2399811992,923,Human,2025-03-18T05:52:06Z,2025-03-18T09:38:28Z,fix,fix
275993885,appsmithorg/appsmith,TypeScript,37596,2316671829,39021,Human,2025-02-05T04:58:33Z,2025-02-05T06:53:43Z,fix,fix
137814779,getsentry/sentry-python,Python,2043,2448918557,4264,Human,2025-04-09T15:23:42Z,2025-04-10T07:16:48Z,fix,fix
28928522,wolfSSL/wolfssl,C,2562,2308296066,8403,Human,2025-01-31T05:16:41Z,2025-02-04T23:21:28Z,fix,fix
873328,getsentry/sentry,Python,41579,2354374131,85761,Human,2025-02-24T17:58:51Z,2025-02-25T20:18:32Z,refactor,refactor
859537060,antiwork/shortest,TypeScript,5179,2259903852,252,Human,2025-01-03T23:55:46Z,2025-01-04T03:08:34Z,feat,feat
275993885,appsmithorg/appsmith,TypeScript,37596,2463192118,40275,Human,2025-04-16T10:36:24Z,2025-04-24T10:57:04Z,fix,fix
79856983,microsoft/git,C,852,2376068511,732,Human,2025-03-06T11:21:53Z,2025-03-31T14:20:42Z,feat,feat
820087727,onlook-dev/onlook,TypeScript,21192,2310674819,1196,Human,2025-02-01T09:43:17Z,2025-02-01T09:47:18Z,feat,feat
820087727,onlook-dev/onlook,TypeScript,21192,2293212776,1081,Human,2025-01-22T22:22:30Z,2025-01-23T19:42:44Z,feat,feat
673010778,roboflow/inference,Python,1824,2335926569,1028,Human,2025-02-14T11:38:46Z,2025-02-17T17:05:58Z,feat,feat
779843396,Scale3-Labs/langtrace,TypeScript,993,2376869573,400,Human,2025-03-06T17:31:51Z,2025-03-06T17:32:19Z,fix,fix
958026130,featureform/enrichmcp,Python,583,2615743216,93,Human,2025-06-24T17:46:16Z,2025-06-24T17:47:52Z,feat,feat
95743138,box/box-ui-elements,JavaScript,546,2326660460,3917,Human,2025-02-10T17:05:13Z,2025-02-11T07:54:07Z,feat,feat
955904085,antiwork/flexile,Ruby,665,2455131270,113,Human,2025-04-12T02:40:48Z,2025-04-12T20:01:37Z,fix,fix
772283421,unsend-dev/unsend,TypeScript,1787,2397893359,117,Human,2025-03-17T13:22:10Z,2025-03-17T13:25:11Z,feat,feat
839216423,liam-hq/liam,TypeScript,4194,2592583649,2007,Human,2025-06-14T13:33:46Z,2025-06-17T02:02:16Z,fix,fix
41881900,microsoft/vscode,TypeScript,175171,2488291392,247726,Human,2025-04-29T09:36:49Z,2025-04-29T09:49:37Z,fix,fix
839216423,liam-hq/liam,TypeScript,4194,2381201630,828,Human,2025-03-10T04:45:22Z,2025-03-10T05:31:19Z,feat,feat
137811219,nrwl/nx-console,TypeScript,1370,2507585900,2505,Human,2025-05-08T16:32:21Z,2025-05-08T16:50:22Z,fix,fix
859537060,antiwork/shortest,TypeScript,5179,2350803893,361,Human,2025-02-22T01:26:55Z,2025-02-22T06:52:38Z,feat,feat
529729250,thirdweb-dev/js,TypeScript,538,2472009512,6793,Human,2025-04-21T20:35:33Z,2025-04-22T09:43:13Z,feat,feat
633927609,promptfoo/promptfoo,TypeScript,7809,2318577879,2991,Human,2025-02-05T21:41:10Z,2025-02-05T21:45:43Z,fix,fix
873328,getsentry/sentry,Python,41579,2404610772,87421,Human,2025-03-19T18:07:08Z,2025-03-20T14:17:00Z,feat,feat
39321023,prebid/Prebid.js,JavaScript,1467,2292420666,12682,Human,2025-01-22T14:45:25Z,2025-01-24T15:59:11Z,fix,fix
95743138,box/box-ui-elements,JavaScript,546,2364985069,3998,Human,2025-02-28T16:40:54Z,2025-02-28T19:01:11Z,fix,fix
136202695,mlflow/mlflow,Python,21402,2520978741,15746,Human,2025-05-15T05:33:28Z,2025-05-15T09:54:46Z,fix,fix
826170402,elizaOS/eliza,TypeScript,16507,2299423336,2836,Human,2025-01-27T09:24:29Z,2025-01-27T09:44:04Z,fix,fix
6512913,traccar/traccar-web,JavaScript,935,2454013165,1361,Human,2025-04-11T14:42:10Z,2025-04-11T15:07:12Z,feat,feat
430749584,OneKeyHQ/app-monorepo,TypeScript,1995,2452800759,7079,Human,2025-04-11T04:23:32Z,2025-04-11T05:58:11Z,feat,feat
832879402,Kiln-AI/Kiln,Python,4015,2310831032,145,Human,2025-02-01T16:18:11Z,2025-02-01T16:31:18Z,feat,feat
89221572,DataDog/dd-trace-java,Java,654,2546502751,8891,Human,2025-05-27T13:26:43Z,2025-06-02T06:48:33Z,refactor,refactor
350360184,calcom/cal.com,TypeScript,37399,2466177098,20755,Human,2025-04-17T13:57:59Z,2025-04-17T15:50:17Z,fix,fix
633262635,onyx-dot-app/onyx,Python,13231,2438613169,4450,Human,2025-04-04T05:44:47Z,2025-04-04T05:44:57Z,fix,fix
167828165,ArthurSonzogni/FTXUI,C++,8551,2429006764,1025,Human,2025-03-31T13:44:30Z,2025-03-31T16:19:48Z,fix,fix
710601088,crewAIInc/crewAI,Python,35096,2282276280,1909,Human,2025-01-16T16:30:23Z,2025-01-16T17:47:59Z,fix,fix
39321023,prebid/Prebid.js,JavaScript,1467,2431143133,12944,Human,2025-04-01T10:05:23Z,2025-04-15T01:59:00Z,feat,feat
283046497,airbytehq/airbyte,Python,19011,2505218165,59711,Human,2025-05-07T18:49:49Z,2025-05-07T21:44:19Z,fix,fix
633927609,promptfoo/promptfoo,TypeScript,7809,2311395132,2957,Human,2025-02-02T20:16:46Z,2025-02-02T20:17:45Z,fix,fix
265001214,tokens-studio/figma-plugin,TypeScript,1469,2618505231,3438,Human,2025-06-25T14:53:40Z,2025-06-26T06:58:14Z,fix,fix
633927609,promptfoo/promptfoo,TypeScript,7809,2544342474,4167,Human,2025-05-26T15:10:13Z,2025-05-26T15:18:00Z,refactor,refactor
31261793,OpenHFT/Chronicle-Core,Java,609,2489389702,691,Human,2025-04-29T16:26:30Z,2025-05-02T09:41:34Z,fix,fix
136202695,mlflow/mlflow,Python,21402,2299141508,14346,Human,2025-01-27T06:14:30Z,2025-01-27T08:00:48Z,feat,feat
678526156,marimo-team/marimo,Python,14933,2318387549,3703,Human,2025-02-05T19:35:47Z,2025-02-05T21:17:34Z,fix,fix
587050620,stanfordnlp/dspy,Python,26818,2574401083,8337,Human,2025-06-06T20:25:39Z,2025-06-06T20:29:17Z,fix,fix
156939672,microsoft/onnxruntime,C++,17361,2553715533,24908,Human,2025-05-30T04:22:02Z,2025-06-03T20:04:00Z,fix,fix
926709003,bytebot-ai/bytebot,TypeScript,931,2420899942,4,Human,2025-03-27T01:54:56Z,2025-03-27T18:33:15Z,feat,feat
771479895,lingodotdev/lingo.dev,TypeScript,2784,2474033217,651,Human,2025-04-22T16:18:35Z,2025-04-22T16:20:42Z,fix,fix
314197645,zenml-io/zenml,Python,4768,2295215962,3314,Human,2025-01-23T19:11:42Z,2025-01-24T16:47:26Z,fix,fix
95743138,box/box-ui-elements,JavaScript,546,2430161186,4042,Human,2025-04-01T00:26:18Z,2025-04-01T01:52:17Z,fix,fix
839216423,liam-hq/liam,TypeScript,4194,2474807158,1445,Human,2025-04-23T00:47:59Z,2025-04-23T00:58:09Z,fix,fix
820087727,onlook-dev/onlook,TypeScript,21192,2592855470,2202,Human,2025-06-14T18:49:52Z,2025-06-14T19:07:33Z,fix,fix
839216423,liam-hq/liam,TypeScript,4194,2393227088,903,Human,2025-03-14T09:47:15Z,2025-03-14T10:15:19Z,feat,feat
674225653,bruin-data/bruin,Go,962,2537530577,679,Human,2025-05-22T15:18:29Z,2025-05-26T13:42:36Z,feat,feat
39321023,prebid/Prebid.js,JavaScript,1467,2596703309,13395,Human,2025-06-16T19:37:23Z,2025-06-17T00:06:13Z,refactor,refactor
782539945,miurla/morphic,TypeScript,7858,2310568371,416,Human,2025-02-01T06:01:14Z,2025-02-01T06:02:20Z,refactor,refactor
955904085,antiwork/flexile,Ruby,665,2440160252,67,Human,2025-04-04T18:10:21Z,2025-04-04T22:06:39Z,fix,fix
265001214,tokens-studio/figma-plugin,TypeScript,1469,2331412512,3262,Human,2025-02-12T14:14:03Z,2025-02-13T15:10:24Z,feat,feat
95743138,box/box-ui-elements,JavaScript,546,2607155075,4150,Human,2025-06-20T11:20:50Z,2025-06-23T21:38:27Z,feat,feat
839216423,liam-hq/liam,TypeScript,4194,2450002517,1282,Human,2025-04-10T04:04:05Z,2025-04-10T04:32:23Z,fix,fix
958026130,featureform/enrichmcp,Python,583,2585293213,41,Human,2025-06-11T20:10:06Z,2025-06-11T20:12:05Z,feat,feat
959682770,antiwork/gumroad,Ruby,6643,2591369051,343,Human,2025-06-13T21:14:40Z,2025-06-13T21:30:57Z,feat,feat
839216423,liam-hq/liam,TypeScript,4194,2308027490,630,Human,2025-01-31T00:30:37Z,2025-02-03T06:42:52Z,feat,feat
860100131,microsoft/typescript-go,Go,21439,2613127915,1276,Human,2025-06-24T00:37:23Z,2025-06-24T16:53:25Z,fix,fix
958026130,featureform/enrichmcp,Python,583,2435007062,4,Human,2025-04-02T19:02:22Z,2025-04-02T19:07:18Z,fix,fix
633927609,promptfoo/promptfoo,TypeScript,7809,2273302739,2643,Human,2025-01-13T08:56:47Z,2025-01-13T14:32:04Z,fix,fix
917358773,trycompai/comp,TypeScript,950,2430235639,238,Human,2025-04-01T01:28:32Z,2025-04-01T01:32:02Z,refactor,refactor
879473096,bespokelabsai/curator,Python,1465,2411811233,600,Human,2025-03-23T08:55:54Z,2025-04-05T07:18:40Z,feat,feat
710601088,crewAIInc/crewAI,Python,35096,2262012370,1857,Human,2025-01-06T14:01:39Z,2025-01-07T17:46:10Z,fix,fix
275993885,appsmithorg/appsmith,TypeScript,37596,2257645991,38446,Human,2025-01-02T10:14:45Z,2025-01-02T15:29:28Z,feat,feat
633927609,promptfoo/promptfoo,TypeScript,7809,2288951954,2772,Human,2025-01-21T04:53:58Z,2025-01-21T05:32:55Z,fix,fix
463116412,seasonedcc/remix-forms,TypeScript,517,2293060463,288,Human,2025-01-22T20:39:10Z,2025-01-22T20:51:40Z,feat,feat
710601088,crewAIInc/crewAI,Python,35096,2305518056,2003,Human,2025-01-29T20:53:11Z,2025-01-30T00:41:09Z,fix,fix
839216423,liam-hq/liam,TypeScript,4194,2312168692,650,Human,2025-02-03T09:15:19Z,2025-02-03T10:25:46Z,fix,fix
350360184,calcom/cal.com,TypeScript,37399,2609207221,21956,Human,2025-06-21T18:29:40Z,2025-06-23T18:31:47Z,fix,fix
633262635,onyx-dot-app/onyx,Python,13231,2398678659,4293,Human,2025-03-17T17:54:16Z,2025-03-18T18:21:58Z,fix,fix
710601088,crewAIInc/crewAI,Python,35096,2401471175,2401,Human,2025-03-18T16:33:29Z,2025-03-18T16:52:23Z,refactor,refactor
400215964,novuhq/novu,TypeScript,37349,2342136665,7750,Human,2025-02-18T13:54:34Z,2025-02-18T16:33:43Z,fix,fix
722184017,assistant-ui/assistant-ui,TypeScript,5475,2525345732,1939,Human,2025-05-16T21:30:15Z,2025-05-16T21:30:56Z,feat,feat
172703996,spcl/dace,Python,544,2288142889,1885,Human,2025-01-20T16:27:35Z,2025-01-22T10:19:38Z,feat,feat
781914762,julep-ai/julep,Python,5629,2286936119,1068,Human,2025-01-20T07:51:12Z,2025-01-25T10:37:07Z,fix,fix
820087727,onlook-dev/onlook,TypeScript,21192,2606417228,2247,Human,2025-06-20T06:58:02Z,2025-06-20T06:58:45Z,fix,fix
136163130,Flagsmith/flagsmith,Python,5817,2602937074,5621,Human,2025-06-18T21:26:11Z,2025-06-19T14:10:11Z,fix,fix
368236463,syntasso/kratix,Go,623,2486131613,456,Human,2025-04-28T15:08:45Z,2025-04-29T10:02:07Z,feat,feat
820087727,onlook-dev/onlook,TypeScript,21192,2625719149,2295,Human,2025-06-28T01:53:48Z,2025-06-28T02:02:04Z,fix,fix
326705246,whitphx/streamlit-webrtc,Python,1613,2385847879,1901,Human,2025-03-11T17:34:57Z,2025-03-11T18:03:19Z,fix,fix
689765175,different-ai/note-companion,TypeScript,696,2300517880,317,Human,2025-01-27T18:04:10Z,2025-01-29T17:47:58Z,feat,feat
463116412,seasonedcc/remix-forms,TypeScript,517,2284188781,282,Human,2025-01-17T12:07:50Z,2025-01-17T12:16:31Z,refactor,refactor
873328,getsentry/sentry,Python,41579,2447123365,89131,Human,2025-04-08T23:29:50Z,2025-04-09T15:56:54Z,refactor,refactor
867337374,modelcontextprotocol/inspector,TypeScript,5353,2400393086,193,Human,2025-03-18T10:13:42Z,2025-03-23T02:14:16Z,feat,feat
371644903,formancehq/ledger,Go,997,2451193598,867,Human,2025-04-10T13:32:30Z,2025-04-10T14:22:17Z,feat,feat
350360184,calcom/cal.com,TypeScript,37399,2406113130,20238,Human,2025-03-20T08:16:05Z,2025-03-20T13:16:41Z,fix,fix
572570113,triggerdotdev/trigger.dev,TypeScript,11857,2331310298,1697,Human,2025-02-12T13:35:16Z,2025-02-12T14:03:48Z,fix,fix
828119367,yamadashy/repomix,TypeScript,18206,2441864732,469,Human,2025-04-06T20:41:06Z,2025-04-19T07:09:47Z,fix,fix
898968194,huggingface/smolagents,Python,21715,2270252961,146,Human,2025-01-10T11:07:14Z,2025-01-10T11:31:00Z,refactor,refactor
39321023,prebid/Prebid.js,JavaScript,1467,2282314792,12666,Human,2025-01-16T16:48:57Z,2025-01-22T16:11:18Z,feat,feat
39321023,prebid/Prebid.js,JavaScript,1467,2593517010,13386,Human,2025-06-15T12:23:15Z,2025-06-26T14:51:50Z,refactor,refactor
167828165,ArthurSonzogni/FTXUI,C++,8551,2497762701,1044,Human,2025-05-05T04:06:04Z,2025-05-05T15:44:14Z,feat,feat
862289957,hasanharman/form-builder,TypeScript,2367,2351126787,72,Human,2025-02-22T12:31:01Z,2025-04-02T20:45:48Z,feat,feat
710601088,crewAIInc/crewAI,Python,35096,2337914874,2144,Human,2025-02-15T20:59:25Z,2025-02-25T17:16:05Z,fix,fix
839216423,liam-hq/liam,TypeScript,4194,2424210775,1020,Human,2025-03-28T03:46:15Z,2025-03-28T06:14:31Z,fix,fix
710601088,crewAIInc/crewAI,Python,35096,2290991358,1947,Human,2025-01-21T22:47:09Z,2025-01-22T19:55:25Z,feat,feat
822144221,sebastianwessel/quickjs,TypeScript,760,2380235971,62,Human,2025-03-08T14:56:39Z,2025-03-09T10:40:41Z,fix,fix
678526156,marimo-team/marimo,Python,14933,2447403860,4442,Human,2025-04-09T03:58:23Z,2025-04-09T05:40:05Z,fix,fix
710601088,crewAIInc/crewAI,Python,35096,2345245386,2169,Human,2025-02-19T18:01:06Z,2025-02-20T17:01:50Z,feat,feat
48009214,microsoft/react-native-windows,C++,16932,2407900697,14441,Human,2025-03-20T20:05:47Z,2025-03-24T20:31:15Z,fix,fix
41881900,microsoft/vscode,TypeScript,175171,2271255825,237686,Human,2025-01-10T19:58:58Z,2025-01-11T01:43:36Z,feat,feat
95743138,box/box-ui-elements,JavaScript,546,2391925655,4026,Human,2025-03-13T19:54:58Z,2025-03-13T22:59:22Z,fix,fix
100061716,nrwl/nx,TypeScript,26524,2495870826,31004,Human,2025-05-02T15:00:38Z,2025-05-02T20:37:06Z,fix,fix
678526156,marimo-team/marimo,Python,14933,2454302586,4492,Human,2025-04-11T16:50:28Z,2025-04-14T15:38:50Z,fix,fix
959682770,antiwork/gumroad,Ruby,6643,2574195464,303,Human,2025-06-06T18:36:50Z,2025-06-06T19:11:31Z,feat,feat
710601088,crewAIInc/crewAI,Python,35096,2347695702,2181,Human,2025-02-20T17:18:27Z,2025-02-20T17:35:40Z,refactor,refactor
705022737,tegnike/aituber-kit,TypeScript,698,2521335117,389,Human,2025-05-15T08:21:41Z,2025-05-15T09:02:12Z,feat,feat
35017238,hackmdio/codimd,JavaScript,9749,2408783373,1901,Human,2025-03-21T07:41:46Z,2025-05-15T06:09:36Z,feat,feat
31261793,OpenHFT/Chronicle-Core,Java,609,2495330936,692,Human,2025-05-02T09:55:20Z,2025-05-02T10:03:30Z,fix,fix
859537060,antiwork/shortest,TypeScript,5179,2421256128,410,Human,2025-03-27T05:39:39Z,2025-03-28T21:54:04Z,feat,feat
28928522,wolfSSL/wolfssl,C,2562,2377365971,8538,Human,2025-03-06T22:40:21Z,2025-03-07T03:22:06Z,fix,fix
860100131,microsoft/typescript-go,Go,21439,2492175810,839,Human,2025-04-30T17:50:51Z,2025-05-07T20:14:00Z,fix,fix
710601088,crewAIInc/crewAI,Python,35096,2615049612,3057,Human,2025-06-24T13:27:26Z,2025-06-24T15:48:59Z,feat,feat
959682770,antiwork/gumroad,Ruby,6643,2438200828,26,Human,2025-04-03T22:53:05Z,2025-04-04T21:35:29Z,fix,fix
633927609,promptfoo/promptfoo,TypeScript,7809,2379716720,3321,Human,2025-03-08T00:41:16Z,2025-03-08T17:07:00Z,feat,feat
41881900,microsoft/vscode,TypeScript,175171,2502429205,248239,Human,2025-05-06T19:01:07Z,2025-05-09T19:08:37Z,fix,fix
129717717,grafana/loki,Go,26100,2303153623,15991,Human,2025-01-28T20:21:40Z,2025-01-28T20:29:17Z,fix,fix
787076358,mendableai/firecrawl,TypeScript,43970,2317945028,1137,Human,2025-02-05T15:44:18Z,2025-02-19T21:50:45Z,feat,feat
832879402,Kiln-AI/Kiln,Python,4015,2278053264,110,Human,2025-01-15T00:49:04Z,2025-01-15T04:10:50Z,fix,fix
33373292,microsoft/ApplicationInsights-JS,TypeScript,671,2496520553,2514,Human,2025-05-02T23:38:37Z,2025-05-03T00:33:36Z,fix,fix
430749584,OneKeyHQ/app-monorepo,TypeScript,1995,2478231534,7207,Human,2025-04-24T07:13:40Z,2025-04-29T01:53:03Z,feat,feat
820087727,onlook-dev/onlook,TypeScript,21192,2299130689,1124,Human,2025-01-27T06:04:57Z,2025-01-27T06:49:28Z,feat,feat
782539945,miurla/morphic,TypeScript,7858,2490183430,495,Human,2025-04-30T00:25:32Z,2025-04-30T00:26:45Z,feat,feat
350360184,calcom/cal.com,TypeScript,37399,2392025046,20075,Human,2025-03-13T20:55:14Z,2025-03-14T07:39:10Z,fix,fix
41881900,microsoft/vscode,TypeScript,175171,2276846767,237899,Human,2025-01-14T14:13:23Z,2025-01-14T14:33:56Z,refactor,refactor
2418592,dartsim/dart,C++,985,2430116773,1940,Human,2025-03-31T23:40:13Z,2025-04-01T00:06:49Z,fix,fix
221931137,celestiaorg/celestia-core,Go,531,2387680586,1670,Human,2025-03-12T10:13:09Z,2025-03-12T12:22:21Z,feat,feat
398753576,pdfme/pdfme,TypeScript,3389,2512905586,1003,Human,2025-05-12T07:14:51Z,2025-05-26T13:51:10Z,feat,feat
108311273,Azure/azure-sdk-for-js,TypeScript,2222,2388293687,33358,Human,2025-03-12T14:11:50Z,2025-03-14T14:26:49Z,feat,feat
283046497,airbytehq/airbyte,Python,19011,2264866046,50971,Human,2025-01-07T23:25:52Z,2025-01-10T16:41:50Z,refactor,refactor
678526156,marimo-team/marimo,Python,14933,2270694748,3395,Human,2025-01-10T15:11:30Z,2025-01-10T15:26:59Z,fix,fix
955904085,antiwork/flexile,Ruby,665,2558082126,344,Human,2025-06-01T12:12:49Z,2025-06-01T12:19:50Z,fix,fix
526514610,dust-tt/dust,TypeScript,1171,2313237915,10497,Human,2025-02-03T17:09:50Z,2025-02-04T08:26:25Z,feat,feat
95743138,box/box-ui-elements,JavaScript,546,2297108962,3865,Human,2025-01-24T16:11:44Z,2025-01-30T19:59:04Z,fix,fix
922423439,jina-ai/node-DeepResearch,TypeScript,4693,2328343907,55,Human,2025-02-11T10:22:38Z,2025-02-11T10:27:15Z,feat,feat
642497346,langfuse/langfuse,TypeScript,14483,2282524278,5073,Human,2025-01-16T18:48:30Z,2025-01-17T10:34:46Z,feat,feat
926709003,bytebot-ai/bytebot,TypeScript,931,2442096129,7,Human,2025-04-07T02:57:07Z,2025-04-09T01:05:44Z,feat,feat
955904085,antiwork/flexile,Ruby,665,2447284551,90,Human,2025-04-09T01:57:00Z,2025-04-18T19:30:13Z,feat,feat
959682770,antiwork/gumroad,Ruby,6643,2548175016,267,Human,2025-05-28T02:56:20Z,2025-05-28T04:54:23Z,feat,feat
839216423,liam-hq/liam,TypeScript,4194,2424745334,1028,Human,2025-03-28T09:34:22Z,2025-03-31T05:29:04Z,refactor,refactor
728625849,optiscaler/OptiScaler,C++,4298,2337759224,217,Human,2025-02-15T14:43:58Z,2025-02-15T17:54:14Z,fix,fix
381857226,microsoft/typespec,Java,5285,2443770993,6881,Human,2025-04-07T16:14:22Z,2025-04-07T17:08:38Z,fix,fix
720209383,CapSoftware/Cap,TypeScript,10645,2413851939,385,Human,2025-03-24T14:02:32Z,2025-03-24T14:05:30Z,feat,feat
771479895,lingodotdev/lingo.dev,TypeScript,2784,2332388777,461,Human,2025-02-12T22:02:54Z,2025-02-13T08:14:21Z,fix,fix
781914762,julep-ai/julep,Python,5629,2402882087,1269,Human,2025-03-19T07:33:16Z,2025-03-19T08:38:22Z,fix,fix
720209383,CapSoftware/Cap,TypeScript,10645,2487340922,484,Human,2025-04-29T00:22:45Z,2025-04-29T00:27:53Z,feat,feat
978331188,microsoft/magentic-ui,Python,6674,2608822195,212,Human,2025-06-21T07:08:42Z,2025-06-21T22:01:33Z,fix,fix
398753576,pdfme/pdfme,TypeScript,3389,2257721989,667,Human,2025-01-02T11:15:10Z,2025-01-03T11:06:43Z,feat,feat
41881900,microsoft/vscode,TypeScript,175171,2273000144,237762,Human,2025-01-13T05:18:20Z,2025-01-13T06:18:58Z,fix,fix
820087727,onlook-dev/onlook,TypeScript,21192,2544789845,1929,Human,2025-05-26T20:26:31Z,2025-05-26T20:32:59Z,fix,fix
820087727,onlook-dev/onlook,TypeScript,21192,2580612181,2136,Human,2025-06-10T09:07:57Z,2025-06-10T23:02:36Z,fix,fix
526514610,dust-tt/dust,TypeScript,1171,2394059165,11379,Human,2025-03-14T16:14:56Z,2025-03-14T16:26:30Z,fix,fix
839216423,liam-hq/liam,TypeScript,4194,2299270151,578,Human,2025-01-27T07:54:10Z,2025-01-27T08:50:57Z,feat,feat
400215964,novuhq/novu,TypeScript,37349,2274590102,7498,Human,2025-01-13T17:54:11Z,2025-01-13T21:40:46Z,fix,fix
338529997,gridaco/grida,TypeScript,2138,2380340722,272,Human,2025-03-08T19:45:13Z,2025-03-09T08:15:41Z,feat,feat
95743138,box/box-ui-elements,JavaScript,546,2263059285,3828,Human,2025-01-07T05:06:58Z,2025-01-10T00:03:23Z,fix,fix
678526156,marimo-team/marimo,Python,14933,2360768678,3926,Human,2025-02-26T21:48:28Z,2025-02-26T22:41:25Z,fix,fix
265001214,tokens-studio/figma-plugin,TypeScript,1469,2513426307,3344,Human,2025-05-12T10:25:38Z,2025-05-12T10:57:56Z,fix,fix
95743138,box/box-ui-elements,JavaScript,546,2304343026,3878,Human,2025-01-29T11:48:01Z,2025-01-29T20:47:28Z,feat,feat
381857226,microsoft/typespec,Java,5285,2502526825,7247,Human,2025-05-06T19:52:08Z,2025-05-07T04:53:25Z,feat,feat
172703996,spcl/dace,Python,544,2268256983,1861,Human,2025-01-09T12:19:31Z,2025-01-09T16:13:43Z,fix,fix
742063678,crewAIInc/crewAI-tools,Python,1177,2478356468,282,Human,2025-04-24T08:07:38Z,2025-05-08T17:17:17Z,feat,feat
786756993,mistralai/mistral-common,Python,771,2578194357,93,Human,2025-06-09T11:48:36Z,2025-06-09T13:06:26Z,feat,feat
41881900,microsoft/vscode,TypeScript,175171,2273638792,237800,Human,2025-01-13T11:50:03Z,2025-01-13T12:04:41Z,fix,fix
350360184,calcom/cal.com,TypeScript,37399,2600880042,21898,Human,2025-06-18T08:01:00Z,2025-06-18T12:41:28Z,fix,fix
430749584,OneKeyHQ/app-monorepo,TypeScript,1995,2288826836,6568,Human,2025-01-21T02:27:00Z,2025-01-21T03:14:57Z,fix,fix
350360184,calcom/cal.com,TypeScript,37399,2401516909,20172,Human,2025-03-18T16:51:32Z,2025-03-18T17:37:24Z,fix,fix
275993885,appsmithorg/appsmith,TypeScript,37596,2442707095,40108,Human,2025-04-07T09:13:53Z,2025-04-10T05:24:18Z,feat,feat
963547829,Shopify/roast,Ruby,754,2541207266,74,Human,2025-05-24T01:28:21Z,2025-05-26T19:09:27Z,feat,feat
430749584,OneKeyHQ/app-monorepo,TypeScript,1995,2543478032,7407,Human,2025-05-26T09:15:17Z,2025-05-26T10:40:44Z,fix,fix
349372179,lightdash/lightdash,TypeScript,4935,2329346078,13627,Human,2025-02-11T17:40:32Z,2025-02-12T10:04:54Z,feat,feat
710601088,crewAIInc/crewAI,Python,35096,2508388895,2793,Human,2025-05-09T01:01:33Z,2025-05-14T10:36:32Z,feat,feat
756594023,bruin-data/ingestr,Python,3047,2548639363,207,Human,2025-05-28T07:28:46Z,2025-05-28T11:19:18Z,feat,feat
100061716,nrwl/nx,TypeScript,26524,2504521028,31106,Human,2025-05-07T14:10:43Z,2025-05-07T15:29:36Z,fix,fix
400215964,novuhq/novu,TypeScript,37349,2317522257,7663,Human,2025-02-05T12:39:10Z,2025-02-06T09:14:43Z,fix,fix
820087727,onlook-dev/onlook,TypeScript,21192,2299062402,1121,Human,2025-01-27T04:54:11Z,2025-01-27T05:17:33Z,fix,fix
955904085,antiwork/flexile,Ruby,665,2446728213,83,Human,2025-04-08T18:57:34Z,2025-04-08T19:00:25Z,refactor,refactor
820087727,onlook-dev/onlook,TypeScript,21192,2575495733,2103,Human,2025-06-07T13:29:12Z,2025-06-08T00:09:17Z,fix,fix
820087727,onlook-dev/onlook,TypeScript,21192,2286123265,1064,Human,2025-01-19T09:27:51Z,2025-01-20T00:13:27Z,fix,fix
114798676,Azure/azure-storage-azcopy,Go,647,2586059160,3081,Human,2025-06-12T04:55:29Z,2025-06-15T06:02:44Z,feat,feat
37273343,levigross/grequests,Go,2161,2572342559,107,Human,2025-06-06T03:13:22Z,2025-06-06T03:18:59Z,feat,feat
955904085,antiwork/flexile,Ruby,665,2499438797,264,Human,2025-05-05T18:11:20Z,2025-05-07T23:49:40Z,feat,feat
826170402,elizaOS/eliza,TypeScript,16507,2517002955,4572,Human,2025-05-13T15:37:04Z,2025-05-13T15:43:53Z,fix,fix
98339432,shoelace-style/shoelace,TypeScript,13607,2348917346,2383,Human,2025-02-21T07:08:41Z,2025-03-11T17:30:40Z,fix,fix
832879402,Kiln-AI/Kiln,Python,4015,2313076850,150,Human,2025-02-03T15:52:10Z,2025-02-03T16:48:11Z,feat,feat
41881900,microsoft/vscode,TypeScript,175171,2459506398,246569,Human,2025-04-15T04:46:10Z,2025-04-15T04:59:58Z,fix,fix
274495425,remotion-dev/remotion,TypeScript,23319,2468610825,5166,Human,2025-04-18T16:22:36Z,2025-04-19T14:14:10Z,feat,feat
338529997,gridaco/grida,TypeScript,2138,2497441108,319,Human,2025-05-04T18:34:30Z,2025-05-04T18:39:19Z,feat,feat
771479895,lingodotdev/lingo.dev,TypeScript,2784,2494951215,686,Human,2025-05-02T05:11:57Z,2025-05-02T05:12:34Z,feat,feat
710601088,crewAIInc/crewAI,Python,35096,2455635139,2597,Human,2025-04-12T21:58:24Z,2025-04-14T19:48:48Z,feat,feat
350360184,calcom/cal.com,TypeScript,37399,2309967007,19045,Human,2025-01-31T20:17:14Z,2025-01-31T20:58:30Z,feat,feat
28928522,wolfSSL/wolfssl,C,2562,2615539359,8919,Human,2025-06-24T16:15:18Z,2025-06-24T16:32:56Z,fix,fix
720209383,CapSoftware/Cap,TypeScript,10645,2583077255,631,Human,2025-06-11T05:19:32Z,2025-06-11T05:24:33Z,fix,fix
178976529,bentoml/BentoML,Python,7934,2321207962,5203,Human,2025-02-07T00:43:50Z,2025-02-07T01:11:26Z,fix,fix
679017521,AgentOps-AI/agentops,Python,4722,2394800356,847,Human,2025-03-14T23:46:28Z,2025-03-14T23:47:37Z,fix,fix
22855240,Azure/azure-sdk-for-go,Go,1739,2600426382,24806,Human,2025-06-18T03:48:10Z,2025-06-18T05:43:18Z,feat,feat
127246132,reown-com/appkit,TypeScript,5202,2402300777,4042,Human,2025-03-18T23:42:17Z,2025-03-19T14:43:36Z,fix,fix
771479895,lingodotdev/lingo.dev,TypeScript,2784,2614626752,956,Human,2025-06-24T11:02:44Z,2025-06-25T07:41:06Z,feat,feat
39321023,prebid/Prebid.js,JavaScript,1467,2334576796,12763,Human,2025-02-13T19:27:09Z,2025-02-20T18:41:16Z,feat,feat
557075997,reflex-dev/reflex,Python,23696,2461450615,5135,Human,2025-04-15T18:31:40Z,2025-04-16T17:49:48Z,feat,feat
955904085,antiwork/flexile,Ruby,665,2512347058,294,Human,2025-05-11T22:17:40Z,2025-05-11T23:04:27Z,fix,fix
955904085,antiwork/flexile,Ruby,665,2609332479,399,Human,2025-06-21T22:04:22Z,2025-06-24T22:01:25Z,feat,feat
350360184,calcom/cal.com,TypeScript,37399,2300293628,18922,Human,2025-01-27T16:19:34Z,2025-01-27T18:04:16Z,feat,feat
430749584,OneKeyHQ/app-monorepo,TypeScript,1995,2523942737,7347,Human,2025-05-16T08:32:16Z,2025-05-16T08:41:20Z,fix,fix
673010778,roboflow/inference,Python,1824,2320571535,1003,Human,2025-02-06T18:11:24Z,2025-02-06T19:31:05Z,feat,feat
764642350,stack-auth/stack-auth,TypeScript,6033,2357979099,471,Human,2025-02-26T00:09:04Z,2025-02-26T00:09:17Z,fix,fix
710601088,crewAIInc/crewAI,Python,35096,2267141880,1868,Human,2025-01-08T22:05:10Z,2025-01-10T22:16:46Z,feat,feat
529729250,thirdweb-dev/js,TypeScript,538,2541060836,7152,Human,2025-05-23T23:03:54Z,2025-05-26T21:07:28Z,feat,feat
13696235,effekseer/Effekseer,C++,1567,2542284571,1048,Human,2025-05-25T08:02:11Z,2025-05-25T09:42:53Z,refactor,refactor
633927609,promptfoo/promptfoo,TypeScript,7809,2571159425,4348,Human,2025-06-05T18:24:54Z,2025-06-11T18:45:03Z,feat,feat
381857226,microsoft/typespec,Java,5285,2458717003,6977,Human,2025-04-14T21:15:02Z,2025-04-15T22:09:56Z,feat,feat
283046497,airbytehq/airbyte,Python,19011,2544587160,60910,Human,2025-05-26T17:50:11Z,2025-05-27T17:23:31Z,feat,feat
355718757,microsoft/ebpf-for-windows,C,3268,2290988182,4154,Human,2025-01-21T22:44:05Z,2025-01-29T18:58:34Z,fix,fix
136202695,mlflow/mlflow,Python,21402,2445405546,15256,Human,2025-04-08T09:44:57Z,2025-04-10T05:27:24Z,feat,feat
839216423,liam-hq/liam,TypeScript,4194,2484938184,1537,Human,2025-04-28T07:04:47Z,2025-04-28T07:37:26Z,refactor,refactor
784546140,jina-ai/reader,TypeScript,9021,2367908190,1155,Human,2025-03-03T11:34:02Z,2025-03-04T03:32:42Z,feat,feat
22855240,Azure/azure-sdk-for-go,Go,1739,2397323351,24280,Human,2025-03-17T09:56:50Z,2025-03-19T07:25:11Z,feat,feat
633927609,promptfoo/promptfoo,TypeScript,7809,2324241557,3033,Human,2025-02-09T00:23:48Z,2025-02-10T16:42:57Z,fix,fix
136202695,mlflow/mlflow,Python,21402,2536184715,15834,Human,2025-05-22T06:41:30Z,2025-05-22T13:28:40Z,feat,feat
839037098,mastra-ai/mastra,TypeScript,15412,2351546487,2326,Human,2025-02-22T18:55:34Z,2025-02-24T20:09:40Z,feat,feat
174731004,ikamensh/flynt,Python,718,2306686014,204,Human,2025-01-30T11:52:45Z,2025-02-02T08:21:22Z,feat,feat
839216423,liam-hq/liam,TypeScript,4194,2258774227,409,Human,2025-01-03T06:20:37Z,2025-01-06T03:07:28Z,fix,fix
597502256,keephq/keep,Python,10563,2256920866,2958,Human,2025-01-01T08:01:35Z,2025-01-01T08:13:06Z,fix,fix
710601088,crewAIInc/crewAI,Python,35096,2506089162,2780,Human,2025-05-08T05:37:47Z,2025-05-08T17:00:03Z,feat,feat
39321023,prebid/Prebid.js,JavaScript,1467,2273965626,12646,Human,2025-01-13T14:18:09Z,2025-01-22T22:16:50Z,fix,fix
108311273,Azure/azure-sdk-for-js,TypeScript,2222,2323147443,32927,Human,2025-02-07T21:23:39Z,2025-02-11T00:53:25Z,feat,feat
254328371,NangoHQ/nango,TypeScript,5463,2328076985,3501,Human,2025-02-11T08:37:32Z,2025-02-11T09:01:27Z,feat,feat
28928522,wolfSSL/wolfssl,C,2562,2432712302,8618,Human,2025-04-01T22:24:45Z,2025-04-03T16:02:01Z,fix,fix
710601088,crewAIInc/crewAI,Python,35096,2419949551,2483,Human,2025-03-26T16:26:00Z,2025-04-02T15:54:47Z,feat,feat
820087727,onlook-dev/onlook,TypeScript,21192,2413730332,1666,Human,2025-03-24T13:16:38Z,2025-04-03T01:44:02Z,feat,feat
955904085,antiwork/flexile,Ruby,665,2499597689,265,Human,2025-05-05T19:25:09Z,2025-05-05T19:30:53Z,fix,fix
839216423,liam-hq/liam,TypeScript,4194,2484776457,1536,Human,2025-04-28T05:27:00Z,2025-04-28T05:56:54Z,feat,feat
95743138,box/box-ui-elements,JavaScript,546,2264653954,3830,Human,2025-01-07T20:38:56Z,2025-01-07T21:36:10Z,fix,fix
820087727,onlook-dev/onlook,TypeScript,21192,2621418019,2282,Human,2025-06-26T14:38:59Z,2025-06-26T21:45:53Z,fix,fix
41881900,microsoft/vscode,TypeScript,175171,2450760025,246198,Human,2025-04-10T10:40:16Z,2025-04-14T14:16:47Z,fix,fix
839216423,liam-hq/liam,TypeScript,4194,2622886159,2258,Human,2025-06-27T02:06:23Z,2025-06-27T09:02:18Z,feat,feat
917974798,sam-goodwin/alchemy,TypeScript,750,2569179466,280,Human,2025-06-05T05:43:18Z,2025-06-05T06:26:24Z,feat,feat
544592629,ballerine-io/ballerine,TypeScript,2221,2463452588,3245,Human,2025-04-16T12:35:01Z,2025-04-20T14:50:15Z,feat,feat
365739812,tldraw/tldraw,TypeScript,41090,2303951128,5309,Human,2025-01-29T08:26:59Z,2025-01-29T10:30:08Z,fix,fix
710601088,crewAIInc/crewAI,Python,35096,2437697330,2523,Human,2025-04-03T17:57:35Z,2025-04-17T16:22:48Z,feat,feat
954858451,f/mcptools,Go,1068,2424440839,12,Human,2025-03-28T06:55:23Z,2025-03-28T07:00:12Z,feat,feat
826170402,elizaOS/eliza,TypeScript,16507,2572122473,4962,Human,2025-06-06T01:01:59Z,2025-06-06T05:30:27Z,fix,fix
430749584,OneKeyHQ/app-monorepo,TypeScript,1995,2268115815,6480,Human,2025-01-09T11:08:36Z,2025-02-10T03:47:50Z,feat,feat
614765452,Significant-Gravitas/AutoGPT,Python,177379,2536954288,9999,Human,2025-05-22T11:47:55Z,2025-05-22T12:27:49Z,fix,fix
678526156,marimo-team/marimo,Python,14933,2329914697,3755,Human,2025-02-11T22:44:09Z,2025-02-12T17:35:47Z,feat,feat
873328,getsentry/sentry,Python,41579,2474210990,90082,Human,2025-04-22T17:55:10Z,2025-04-22T21:40:26Z,feat,feat
19057465,Uberi/speech_recognition,Python,8814,2460833477,836,Human,2025-04-15T14:10:48Z,2025-04-15T23:58:09Z,fix,fix
10458362,rsyslog/rsyslog,C,2165,2299590833,5543,Human,2025-01-27T10:48:21Z,2025-01-27T16:04:49Z,fix,fix
873328,getsentry/sentry,Python,41579,2342137052,85352,Human,2025-02-18T13:54:45Z,2025-02-18T14:24:52Z,feat,feat
27631673,microsoft/azure-pipelines-tasks,TypeScript,3569,2384081647,20918,Human,2025-03-11T06:53:07Z,2025-03-11T07:46:45Z,feat,feat
203843667,microsoft/FluidFramework,TypeScript,4847,2410498338,24125,Human,2025-03-21T20:58:13Z,2025-03-24T16:47:01Z,fix,fix
781914762,julep-ai/julep,Python,5629,2303687543,1105,Human,2025-01-29T05:10:18Z,2025-01-29T07:22:14Z,feat,feat
955904085,antiwork/flexile,Ruby,665,2435744642,56,Human,2025-04-03T02:54:45Z,2025-04-03T05:43:14Z,fix,fix
188438191,tradingview/lightweight-charts,TypeScript,11976,2363191720,1826,Human,2025-02-27T21:08:28Z,2025-03-17T14:50:35Z,feat,feat
839216423,liam-hq/liam,TypeScript,4194,2594282097,2018,Human,2025-06-16T02:47:37Z,2025-06-17T06:18:15Z,refactor,refactor
710601088,crewAIInc/crewAI,Python,35096,2279949383,1905,Human,2025-01-15T19:37:36Z,2025-01-16T16:28:58Z,fix,fix
860100131,microsoft/typescript-go,Go,21439,2619572787,1290,Human,2025-06-25T23:19:47Z,2025-06-27T22:08:39Z,feat,feat
41881900,microsoft/vscode,TypeScript,175171,2509365658,248499,Human,2025-05-09T11:19:34Z,2025-05-09T11:42:05Z,refactor,refactor
161951219,wailsapp/wails,Go,29367,2278672274,4013,Human,2025-01-15T09:23:15Z,2025-01-23T11:10:23Z,feat,feat
54443780,bcherny/json-schema-to-typescript,TypeScript,3134,2529237788,659,Human,2025-05-19T16:29:03Z,2025-05-19T16:31:40Z,feat,feat
955904085,antiwork/flexile,Ruby,665,2621043364,414,Human,2025-06-26T12:17:06Z,2025-06-26T12:35:44Z,fix,fix
839216423,liam-hq/liam,TypeScript,4194,2603629991,2084,Human,2025-06-19T05:23:37Z,2025-06-19T09:37:15Z,feat,feat
108311273,Azure/azure-sdk-for-js,TypeScript,2222,2479840693,34048,Human,2025-04-24T18:08:10Z,2025-04-28T21:26:56Z,fix,fix
886912514,ag2ai/ag2,Python,3135,2330987167,936,Human,2025-02-12T11:03:11Z,2025-02-12T15:59:36Z,fix,fix
41881900,microsoft/vscode,TypeScript,175171,2517298451,248852,Human,2025-05-13T17:56:17Z,2025-06-02T15:50:22Z,feat,feat
265001214,tokens-studio/figma-plugin,TypeScript,1469,2446306769,3308,Human,2025-04-08T15:50:29Z,2025-04-09T10:48:50Z,feat,feat
839216423,liam-hq/liam,TypeScript,4194,2510109308,1643,Human,2025-05-09T16:44:13Z,2025-05-12T03:24:13Z,fix,fix
274495425,remotion-dev/remotion,TypeScript,23319,2336154043,4891,Human,2025-02-14T13:15:31Z,2025-02-14T14:46:39Z,fix,fix
859956307,aipotheosis-labs/aci,Python,4464,2386223360,91,Human,2025-03-11T20:10:22Z,2025-03-11T20:23:59Z,fix,fix
955904085,antiwork/flexile,Ruby,665,2525430024,306,Human,2025-05-16T22:55:01Z,2025-05-19T21:48:26Z,fix,fix
839216423,liam-hq/liam,TypeScript,4194,2381866275,841,Human,2025-03-10T10:36:38Z,2025-03-11T05:16:36Z,feat,feat
710601088,crewAIInc/crewAI,Python,35096,2300872354,1986,Human,2025-01-27T21:30:01Z,2025-01-27T22:35:17Z,fix,fix
283280154,jomjol/AI-on-the-edge-device,C++,7364,2352304285,3578,Human,2025-02-23T20:06:02Z,2025-02-23T20:12:20Z,fix,fix
41881900,microsoft/vscode,TypeScript,175171,2500452516,248185,Human,2025-05-06T05:21:42Z,2025-05-07T08:24:24Z,refactor,refactor
572570113,triggerdotdev/trigger.dev,TypeScript,11857,2584605884,2166,Human,2025-06-11T15:13:41Z,2025-06-11T15:19:25Z,feat,feat
892165167,blorm-network/ZerePy,Python,587,2274941460,81,Human,2025-01-13T19:40:19Z,2025-01-17T04:42:32Z,feat,feat
839216423,liam-hq/liam,TypeScript,4194,2554220300,1830,Human,2025-05-30T09:24:32Z,2025-06-02T02:29:50Z,refactor,refactor
275993885,appsmithorg/appsmith,TypeScript,37596,2333764825,39252,Human,2025-02-13T13:13:34Z,2025-02-17T11:59:38Z,feat,feat
742063678,crewAIInc/crewAI-tools,Python,1177,2476426259,281,Human,2025-04-23T14:28:10Z,2025-04-23T19:42:05Z,feat,feat
18280236,GitbookIO/gitbook,TypeScript,28156,2624270233,3402,Human,2025-06-27T12:31:39Z,2025-06-27T21:32:35Z,fix,fix
710601088,crewAIInc/crewAI,Python,35096,2325911874,2086,Human,2025-02-10T12:21:30Z,2025-02-18T16:59:31Z,fix,fix
820087727,onlook-dev/onlook,TypeScript,21192,2600244688,2233,Human,2025-06-18T01:15:27Z,2025-06-18T16:51:13Z,fix,fix
742063678,crewAIInc/crewAI-tools,Python,1177,2544166428,313,Human,2025-05-26T13:53:10Z,2025-06-03T14:11:17Z,feat,feat
946676136,PrunaAI/pruna,Python,793,2546726071,153,Human,2025-05-27T14:41:59Z,2025-05-27T14:57:36Z,refactor,refactor
820087727,onlook-dev/onlook,TypeScript,21192,2311458311,1224,Human,2025-02-02T22:52:44Z,2025-02-03T10:07:58Z,feat,feat
121814210,primer/react,TypeScript,3613,2304973572,5618,Human,2025-01-29T16:27:28Z,2025-01-29T17:26:16Z,fix,fix
350360184,calcom/cal.com,TypeScript,37399,2433423724,20501,Human,2025-04-02T08:02:27Z,2025-04-02T08:59:18Z,fix,fix
400215964,novuhq/novu,TypeScript,37349,2419367788,8006,Human,2025-03-26T13:04:13Z,2025-03-26T15:14:59Z,fix,fix
955904085,antiwork/flexile,Ruby,665,2425765290,33,Human,2025-03-28T16:49:01Z,2025-04-01T15:53:49Z,fix,fix
820087727,onlook-dev/onlook,TypeScript,21192,2562013252,2010,Human,2025-06-02T21:42:58Z,2025-06-02T21:43:18Z,fix,fix
955904085,antiwork/flexile,Ruby,665,2426460994,41,Human,2025-03-28T23:15:45Z,2025-04-01T23:10:41Z,fix,fix
395140743,skypilot-org/skypilot,Python,8435,2374159047,4891,Human,2025-03-05T17:52:37Z,2025-03-06T07:52:15Z,fix,fix
955904085,antiwork/flexile,Ruby,665,2441961215,74,Human,2025-04-07T00:21:49Z,2025-04-10T21:38:57Z,feat,feat
400215964,novuhq/novu,TypeScript,37349,2425388494,8021,Human,2025-03-28T13:54:38Z,2025-03-28T20:30:57Z,feat,feat
254328371,NangoHQ/nango,TypeScript,5463,2439729638,3848,Human,2025-04-04T14:38:56Z,2025-04-07T13:57:28Z,fix,fix
81314550,wix/react-native-ui-lib,TypeScript,6892,2384107604,3596,Human,2025-03-11T07:03:53Z,2025-03-11T10:00:35Z,fix,fix
572984571,twentyhq/twenty,TypeScript,34726,2382711843,10758,Human,2025-03-10T16:05:17Z,2025-03-10T17:56:23Z,fix,fix
859956307,aipotheosis-labs/aci,Python,4464,2342963782,38,Human,2025-02-18T19:30:14Z,2025-02-19T17:01:44Z,feat,feat
136202695,mlflow/mlflow,Python,21402,2355317616,14716,Human,2025-02-25T03:49:25Z,2025-02-25T05:12:01Z,fix,fix
922278962,RAGEN-AI/RAGEN,Python,2175,2327705108,18,Human,2025-02-11T04:29:23Z,2025-02-11T04:29:31Z,fix,fix
959682770,antiwork/gumroad,Ruby,6643,2572635660,300,Human,2025-06-06T06:50:23Z,2025-06-06T07:20:24Z,fix,fix
710601088,crewAIInc/crewAI,Python,35096,2464366664,2627,Human,2025-04-16T19:20:54Z,2025-04-16T19:46:15Z,refactor,refactor
710601088,crewAIInc/crewAI,Python,35096,2271710874,1881,Human,2025-01-11T01:49:18Z,2025-01-11T02:28:51Z,feat,feat
41881900,microsoft/vscode,TypeScript,175171,2350125314,241493,Human,2025-02-21T17:00:31Z,2025-02-21T17:24:48Z,refactor,refactor
839216423,liam-hq/liam,TypeScript,4194,2281631686,481,Human,2025-01-16T11:58:19Z,2025-01-17T00:29:34Z,fix,fix
41881900,microsoft/vscode,TypeScript,175171,2531863865,249363,Human,2025-05-20T15:10:03Z,2025-05-20T15:30:38Z,fix,fix
828119367,yamadashy/repomix,TypeScript,18206,2549842196,612,Human,2025-05-28T15:02:59Z,2025-05-28T15:29:57Z,feat,feat
95743138,box/box-ui-elements,JavaScript,546,2318835247,3899,Human,2025-02-06T01:39:16Z,2025-02-06T21:09:38Z,fix,fix
873328,getsentry/sentry,Python,41579,2336888723,85268,Human,2025-02-14T19:04:59Z,2025-02-18T22:42:19Z,feat,feat
710601088,crewAIInc/crewAI,Python,35096,2570328421,2964,Human,2025-06-05T13:28:39Z,2025-06-05T13:42:10Z,fix,fix
737898780,maybe-finance/maybe,Ruby,52591,2539699579,2285,Human,2025-05-23T12:15:44Z,2025-05-23T19:31:08Z,fix,fix
955904085,antiwork/flexile,Ruby,665,2511772281,292,Human,2025-05-10T22:34:50Z,2025-05-13T20:58:20Z,refactor,refactor
959682770,antiwork/gumroad,Ruby,6643,2614897692,418,Human,2025-06-24T12:36:24Z,2025-06-24T15:19:14Z,fix,fix
496005961,stanford-crfm/levanter,Python,628,2381144892,904,Human,2025-03-10T03:51:08Z,2025-03-10T20:25:12Z,feat,feat
788904329,janbjorge/pgqueuer,Python,1324,2259303873,267,Human,2025-01-03T14:04:58Z,2025-01-03T14:07:57Z,refactor,refactor
762304524,ComposioHQ/composio,TypeScript,25592,2289434896,1216,Human,2025-01-21T09:35:33Z,2025-01-21T10:14:12Z,fix,fix
820087727,onlook-dev/onlook,TypeScript,21192,2392368251,1600,Human,2025-03-14T01:35:15Z,2025-03-14T01:50:43Z,fix,fix
820087727,onlook-dev/onlook,TypeScript,21192,2303348524,1148,Human,2025-01-28T22:44:40Z,2025-01-28T22:50:25Z,feat,feat
633262635,onyx-dot-app/onyx,Python,13231,2461755763,4534,Human,2025-04-15T20:57:51Z,2025-04-15T22:58:20Z,feat,feat
894659403,goat-sdk/goat,TypeScript,798,2457606922,481,Human,2025-04-14T13:00:51Z,2025-04-15T13:42:31Z,feat,feat
839216423,liam-hq/liam,TypeScript,4194,2463457386,1374,Human,2025-04-16T12:37:12Z,2025-04-17T03:53:27Z,refactor,refactor
917974798,sam-goodwin/alchemy,TypeScript,750,2507308776,153,Human,2025-05-08T14:42:48Z,2025-05-08T15:33:08Z,feat,feat
820087727,onlook-dev/onlook,TypeScript,21192,2417643339,1674,Human,2025-03-25T19:58:35Z,2025-03-25T19:58:53Z,fix,fix
39321023,prebid/Prebid.js,JavaScript,1467,2326208221,12744,Human,2025-02-10T14:23:09Z,2025-02-10T17:39:45Z,fix,fix
41881900,microsoft/vscode,TypeScript,175171,2303102573,239023,Human,2025-01-28T19:50:49Z,2025-01-28T21:12:35Z,fix,fix
39321023,prebid/Prebid.js,JavaScript,1467,2514831592,13095,Human,2025-05-12T20:29:38Z,2025-05-22T14:47:37Z,fix,fix
95743138,box/box-ui-elements,JavaScript,546,2372205181,4005,Human,2025-03-05T00:57:13Z,2025-03-05T18:35:02Z,feat,feat
39321023,prebid/Prebid.js,JavaScript,1467,2559740994,13240,Human,2025-06-02T08:24:48Z,2025-06-02T13:54:09Z,fix,fix
673010778,roboflow/inference,Python,1824,2304107826,986,Human,2025-01-29T09:55:43Z,2025-01-29T11:30:23Z,feat,feat
917974798,sam-goodwin/alchemy,TypeScript,750,2603324859,418,Human,2025-06-19T01:59:25Z,2025-06-19T06:46:25Z,feat,feat
917358773,trycompai/comp,TypeScript,950,2459060186,404,Human,2025-04-15T00:19:34Z,2025-04-15T00:20:32Z,fix,fix
159556794,go-vikunja/vikunja,Go,2080,2533911271,809,Human,2025-05-21T10:08:19Z,2025-05-21T10:20:11Z,fix,fix
594155488,Stirling-Tools/Stirling-PDF,Java,63892,2282816618,2726,Human,2025-01-16T21:39:40Z,2025-01-16T22:57:25Z,fix,fix
159556794,go-vikunja/vikunja,Go,2080,2606919104,987,Human,2025-06-20T10:07:31Z,2025-06-20T13:41:20Z,fix,fix
540527604,TobikoData/sqlmesh,Python,2499,2446905064,4101,Human,2025-04-08T20:41:56Z,2025-04-14T17:16:58Z,feat,feat
710601088,crewAIInc/crewAI,Python,35096,2357294413,2223,Human,2025-02-25T17:04:23Z,2025-02-26T19:51:46Z,feat,feat
820087727,onlook-dev/onlook,TypeScript,21192,2436368201,1719,Human,2025-04-03T08:57:34Z,2025-04-04T21:19:10Z,feat,feat
602389947,Kanaries/pygwalker,Python,15060,2430314015,692,Human,2025-04-01T02:28:10Z,2025-04-01T03:02:17Z,feat,feat
873328,getsentry/sentry,Python,41579,2565399631,92785,Human,2025-06-03T22:22:51Z,2025-06-05T18:13:54Z,fix,fix
381857226,microsoft/typespec,Java,5285,2295979657,5736,Human,2025-01-24T05:47:42Z,2025-01-24T07:54:53Z,fix,fix
720209383,CapSoftware/Cap,TypeScript,10645,2462960082,439,Human,2025-04-16T08:57:44Z,2025-04-16T09:34:18Z,fix,fix
955904085,antiwork/flexile,Ruby,665,2494204182,245,Human,2025-05-01T17:30:47Z,2025-05-01T17:45:00Z,fix,fix
375991819,JacobLinCool/LeetCode-Stats-Card,TypeScript,825,2349702458,157,Human,2025-02-21T13:54:25Z,2025-02-22T21:23:34Z,feat,feat
705022737,tegnike/aituber-kit,TypeScript,698,2545559323,399,Human,2025-05-27T07:15:28Z,2025-05-29T12:28:56Z,feat,feat
917358773,trycompai/comp,TypeScript,950,2437401176,242,Human,2025-04-03T15:25:27Z,2025-04-03T15:25:39Z,feat,feat
710601088,crewAIInc/crewAI,Python,35096,2492065021,2731,Human,2025-04-30T17:03:42Z,2025-04-30T17:11:35Z,fix,fix
254328371,NangoHQ/nango,TypeScript,5463,2429348699,3816,Human,2025-03-31T16:08:38Z,2025-04-01T12:46:04Z,feat,feat
95743138,box/box-ui-elements,JavaScript,546,2479213458,4071,Human,2025-04-24T13:50:11Z,2025-04-29T13:25:13Z,feat,feat
86031674,wandb/wandb,Python,10170,2283064887,9287,Human,2025-01-17T00:21:35Z,2025-01-21T17:34:08Z,refactor,refactor
674225653,bruin-data/bruin,Go,962,2418655078,548,Human,2025-03-26T08:23:56Z,2025-03-26T10:19:08Z,fix,fix
922423439,jina-ai/node-DeepResearch,TypeScript,4693,2346338850,66,Human,2025-02-20T07:21:18Z,2025-02-20T07:25:10Z,refactor,refactor
959063625,ibelick/zola,TypeScript,960,2541562020,160,Human,2025-05-24T08:19:16Z,2025-05-24T08:22:27Z,feat,feat
136202695,mlflow/mlflow,Python,21402,2594350058,16271,Human,2025-06-16T03:48:15Z,2025-06-16T15:45:11Z,feat,feat
710601088,crewAIInc/crewAI,Python,35096,2517361361,2825,Human,2025-05-13T18:29:18Z,2025-05-23T18:58:00Z,feat,feat
509436902,PriorLabs/TabPFN,Python,4181,2276244631,135,Human,2025-01-14T08:46:59Z,2025-01-14T15:26:35Z,fix,fix
839216423,liam-hq/liam,TypeScript,4194,2485128263,1542,Human,2025-04-28T08:28:13Z,2025-04-28T09:15:00Z,feat,feat
553135896,PrismLauncher/PrismLauncher,C++,7321,2499961749,3747,Human,2025-05-05T22:43:23Z,2025-05-05T22:45:30Z,fix,fix
922423439,jina-ai/node-DeepResearch,TypeScript,4693,2579407745,113,Human,2025-06-09T20:29:09Z,2025-06-09T20:29:52Z,feat,feat
820087727,onlook-dev/onlook,TypeScript,21192,2550124426,1943,Human,2025-05-28T17:07:50Z,2025-05-28T17:09:31Z,fix,fix
633927609,promptfoo/promptfoo,TypeScript,7809,2568697411,4322,Human,2025-06-04T23:31:35Z,2025-06-12T05:40:34Z,feat,feat
602389947,Kanaries/pygwalker,Python,15060,2440808816,694,Human,2025-04-05T03:12:05Z,2025-04-05T03:42:29Z,refactor,refactor
839216423,liam-hq/liam,TypeScript,4194,2390046184,885,Human,2025-03-13T07:24:02Z,2025-03-14T02:41:40Z,feat,feat
839216423,liam-hq/liam,TypeScript,4194,2438851786,1144,Human,2025-04-04T08:04:21Z,2025-04-04T08:33:26Z,fix,fix
234231371,gofiber/fiber,Go,37269,2436309532,3392,Human,2025-04-03T08:31:02Z,2025-04-03T11:36:30Z,fix,fix
542017915,Kanaries/graphic-walker,TypeScript,2898,2553609498,461,Human,2025-05-30T02:29:02Z,2025-05-30T08:28:18Z,feat,feat
254328371,NangoHQ/nango,TypeScript,5463,2306652050,3410,Human,2025-01-30T11:34:08Z,2025-01-31T09:25:46Z,fix,fix
781914762,julep-ai/julep,Python,5629,2258107647,1009,Human,2025-01-02T16:13:33Z,2025-01-02T17:11:07Z,fix,fix
463116412,seasonedcc/remix-forms,TypeScript,517,2260760653,258,Human,2025-01-05T14:09:14Z,2025-01-05T14:38:50Z,refactor,refactor
958026130,featureform/enrichmcp,Python,583,2437503633,11,Human,2025-04-03T16:12:02Z,2025-04-03T16:33:01Z,fix,fix
296373527,pterm/pterm,Go,5194,2574264204,719,Human,2025-06-06T19:08:51Z,2025-06-06T19:22:25Z,feat,feat
957479421,plexguide/Huntarr.io,Python,2033,2476066957,81,Human,2025-04-23T12:29:52Z,2025-04-23T12:29:59Z,refactor,refactor
665613753,elie222/inbox-zero,TypeScript,8426,2541881850,445,Human,2025-05-24T18:12:52Z,2025-05-24T18:27:23Z,feat,feat
998428732,BeehiveInnovations/zen-mcp-server,Python,5465,2578599113,2,Human,2025-06-09T14:38:05Z,2025-06-09T17:47:53Z,fix,fix
52481933,navidrome/navidrome,Go,15713,2542514135,4116,Human,2025-05-25T16:17:19Z,2025-05-25T21:52:27Z,fix,fix
828119367,yamadashy/repomix,TypeScript,18206,2479260592,507,Human,2025-04-24T14:06:40Z,2025-04-24T14:11:39Z,fix,fix
946178371,OpenPipe/ART,Python,4108,2461648574,51,Human,2025-04-15T20:05:42Z,2025-04-15T22:58:12Z,feat,feat
314197645,zenml-io/zenml,Python,4768,2519322384,3670,Human,2025-05-14T13:23:57Z,2025-05-22T08:53:01Z,fix,fix
158653995,mtrojnar/osslsigncode,C,929,2536363295,435,Human,2025-05-22T08:01:22Z,2025-05-27T08:17:03Z,fix,fix
39321023,prebid/Prebid.js,JavaScript,1467,2552458328,13214,Human,2025-05-29T15:05:49Z,2025-06-06T12:41:35Z,feat,feat
274495425,remotion-dev/remotion,TypeScript,23319,2298019664,4805,Human,2025-01-25T07:34:00Z,2025-01-25T08:07:02Z,feat,feat
633262635,onyx-dot-app/onyx,Python,13231,2420444104,4363,Human,2025-03-26T20:36:02Z,2025-03-27T02:07:50Z,fix,fix
839216423,liam-hq/liam,TypeScript,4194,2425115860,1033,Human,2025-03-28T11:55:13Z,2025-03-28T12:16:39Z,feat,feat
430749584,OneKeyHQ/app-monorepo,TypeScript,1995,2469969579,7173,Human,2025-04-20T09:20:44Z,2025-04-20T09:28:10Z,feat,feat
917358773,trycompai/comp,TypeScript,950,2343241139,65,Human,2025-02-18T22:19:47Z,2025-02-18T22:30:41Z,feat,feat
710601088,crewAIInc/crewAI,Python,35096,2578618188,2980,Human,2025-06-09T14:45:56Z,2025-06-09T16:21:12Z,feat,feat
839216423,liam-hq/liam,TypeScript,4194,2572347625,1907,Human,2025-06-06T03:19:13Z,2025-06-06T05:19:05Z,refactor,refactor
472313202,cornerstonejs/cornerstone3D,TypeScript,773,2391283526,1899,Human,2025-03-13T15:10:21Z,2025-03-17T14:16:47Z,fix,fix
381857226,microsoft/typespec,Java,5285,2562810418,7530,Human,2025-06-03T06:47:07Z,2025-06-06T03:19:19Z,fix,fix
398753576,pdfme/pdfme,TypeScript,3389,2524661173,1013,Human,2025-05-16T14:18:09Z,2025-05-17T00:33:30Z,feat,feat
274495425,remotion-dev/remotion,TypeScript,23319,2366276408,4957,Human,2025-03-01T18:21:04Z,2025-03-01T19:01:09Z,feat,feat
710601088,crewAIInc/crewAI,Python,35096,2490479931,2727,Human,2025-04-30T05:10:08Z,2025-05-07T18:55:43Z,feat,feat
839216423,liam-hq/liam,TypeScript,4194,2577891883,1951,Human,2025-06-09T09:29:52Z,2025-06-10T02:16:01Z,feat,feat
705022737,tegnike/aituber-kit,TypeScript,698,2455489057,343,Human,2025-04-12T16:28:52Z,2025-04-12T21:28:12Z,feat,feat
778431525,microsoft/graphrag,Python,26945,2415207829,1841,Human,2025-03-25T01:40:26Z,2025-04-22T21:15:26Z,feat,feat
28928522,wolfSSL/wolfssl,C,2562,2510996272,8760,Human,2025-05-10T04:50:40Z,2025-05-16T17:42:59Z,refactor,refactor
839216423,liam-hq/liam,TypeScript,4194,2583407441,1980,Human,2025-06-11T08:04:20Z,2025-06-11T10:07:54Z,feat,feat
839216423,liam-hq/liam,TypeScript,4194,2616518120,2188,Human,2025-06-25T00:36:18Z,2025-06-25T03:17:17Z,fix,fix
788904329,janbjorge/pgqueuer,Python,1324,2274981373,286,Human,2025-01-13T19:52:32Z,2025-01-13T20:04:40Z,refactor,refactor
95743138,box/box-ui-elements,JavaScript,546,2285305637,3857,Human,2025-01-18T01:42:49Z,2025-01-21T18:14:12Z,fix,fix
958026130,featureform/enrichmcp,Python,583,2587797965,47,Human,2025-06-12T15:40:22Z,2025-06-12T17:46:58Z,feat,feat
275993885,appsmithorg/appsmith,TypeScript,37596,2428372008,39980,Human,2025-03-31T08:41:52Z,2025-03-31T11:14:20Z,feat,feat
39321023,prebid/Prebid.js,JavaScript,1467,2344947641,12790,Human,2025-02-19T15:36:43Z,2025-05-02T13:28:49Z,feat,feat
839216423,liam-hq/liam,TypeScript,4194,2616703570,2191,Human,2025-06-25T02:49:28Z,2025-06-25T03:42:09Z,feat,feat
52729242,keepassxreboot/keepassxc,C++,23773,2445980090,11994,Human,2025-04-08T13:48:19Z,2025-04-09T10:38:22Z,fix,fix
3328572,getsentry/sentry-javascript,TypeScript,8353,2283893488,15043,Human,2025-01-17T09:43:48Z,2025-01-17T11:12:06Z,feat,feat
984965707,analogdotnow/Analog,TypeScript,1079,2540980080,37,Human,2025-05-23T21:49:02Z,2025-05-23T22:17:25Z,feat,feat
95743138,box/box-ui-elements,JavaScript,546,2318497686,3895,Human,2025-02-05T20:44:11Z,2025-02-05T22:05:40Z,fix,fix
879473096,bespokelabsai/curator,Python,1465,2321088762,459,Human,2025-02-06T23:14:06Z,2025-02-07T05:34:18Z,feat,feat
430749584,OneKeyHQ/app-monorepo,TypeScript,1995,2392268098,6878,Human,2025-03-14T00:17:49Z,2025-03-14T06:05:03Z,refactor,refactor
710601088,crewAIInc/crewAI,Python,35096,2413163485,2456,Human,2025-03-24T09:30:20Z,2025-03-26T21:54:23Z,feat,feat
614765452,Significant-Gravitas/AutoGPT,Python,177379,2516490273,9935,Human,2025-05-13T12:32:58Z,2025-05-14T01:02:27Z,fix,fix
820087727,onlook-dev/onlook,TypeScript,21192,2402664989,1638,Human,2025-03-19T05:22:29Z,2025-03-19T06:13:08Z,fix,fix
41881900,microsoft/vscode,TypeScript,175171,2283766067,238108,Human,2025-01-17T08:27:45Z,2025-01-17T13:33:12Z,fix,fix
720209383,CapSoftware/Cap,TypeScript,10645,2378763035,356,Human,2025-03-07T14:33:57Z,2025-03-07T21:25:53Z,feat,feat
860100131,microsoft/typescript-go,Go,21439,2503048457,850,Human,2025-05-07T02:03:48Z,2025-05-07T16:40:58Z,fix,fix
305144746,tinygrad/tinygrad,Python,29760,2294642912,8731,Human,2025-01-23T14:34:58Z,2025-01-23T18:18:54Z,refactor,refactor
678526156,marimo-team/marimo,Python,14933,2449210861,4449,Human,2025-04-09T17:51:38Z,2025-04-09T23:24:26Z,fix,fix
859537060,antiwork/shortest,TypeScript,5179,2299087318,297,Human,2025-01-27T05:21:35Z,2025-01-30T07:43:28Z,feat,feat
217654199,microsoft/msquic,C,4416,2337822294,4820,Human,2025-02-15T16:39:10Z,2025-02-15T17:21:53Z,fix,fix
820087727,onlook-dev/onlook,TypeScript,21192,2623274858,2288,Human,2025-06-27T06:26:58Z,2025-06-27T18:14:26Z,feat,feat
350360184,calcom/cal.com,TypeScript,37399,2411958468,20323,Human,2025-03-23T14:00:03Z,2025-03-23T14:38:54Z,fix,fix
862289957,hasanharman/form-builder,TypeScript,2367,2285999586,64,Human,2025-01-19T03:00:21Z,2025-02-21T10:21:17Z,fix,fix
265001214,tokens-studio/figma-plugin,TypeScript,1469,2334120029,3263,Human,2025-02-13T15:34:24Z,2025-02-13T15:37:49Z,fix,fix
764642350,stack-auth/stack-auth,TypeScript,6033,2466644847,634,Human,2025-04-17T17:50:14Z,2025-05-07T23:19:19Z,feat,feat
710601088,crewAIInc/crewAI,Python,35096,2552324549,2916,Human,2025-05-29T14:09:38Z,2025-05-29T18:34:34Z,feat,feat
595526110,akto-api-security/akto,Java,1358,2287338626,2003,Human,2025-01-20T10:51:03Z,2025-01-20T10:54:01Z,fix,fix
254328371,NangoHQ/nango,TypeScript,5463,2612637732,4240,Human,2025-06-23T19:47:44Z,2025-06-24T14:13:32Z,feat,feat
400215964,novuhq/novu,TypeScript,37349,2428769217,8028,Human,2025-03-31T11:56:51Z,2025-03-31T12:32:47Z,fix,fix
665613753,elie222/inbox-zero,TypeScript,8426,2441915356,393,Human,2025-04-06T22:31:39Z,2025-04-06T22:34:58Z,refactor,refactor
95743138,box/box-ui-elements,JavaScript,546,2616127137,4159,Human,2025-06-24T20:43:42Z,2025-06-25T17:31:59Z,feat,feat
265001214,tokens-studio/figma-plugin,TypeScript,1469,2514445402,3347,Human,2025-05-12T17:14:22Z,2025-05-12T17:21:44Z,fix,fix
338529997,gridaco/grida,TypeScript,2138,2469530816,299,Human,2025-04-19T10:34:38Z,2025-04-20T09:23:43Z,feat,feat
710601088,crewAIInc/crewAI,Python,35096,2518881728,2829,Human,2025-05-14T10:25:01Z,2025-05-14T14:37:49Z,feat,feat
338529997,gridaco/grida,TypeScript,2138,2578057970,383,Human,2025-06-09T10:44:49Z,2025-06-21T06:27:23Z,feat,feat
31261793,OpenHFT/Chronicle-Core,Java,609,2303479898,688,Human,2025-01-29T01:03:17Z,2025-01-29T02:22:30Z,feat,feat
820087727,onlook-dev/onlook,TypeScript,21192,2269372748,1006,Human,2025-01-09T22:58:08Z,2025-01-10T00:14:01Z,feat,feat
39321023,prebid/Prebid.js,JavaScript,1467,2550110952,13194,Human,2025-05-28T17:00:40Z,2025-05-28T17:29:05Z,refactor,refactor
398753576,pdfme/pdfme,TypeScript,3389,2558327036,1049,Human,2025-06-01T16:06:21Z,2025-06-02T00:29:21Z,fix,fix
886899801,vlm-run/vlmrun-hub,Python,528,2260812064,47,Human,2025-01-05T16:40:44Z,2025-01-05T17:16:23Z,feat,feat
839216423,liam-hq/liam,TypeScript,4194,2491043793,1558,Human,2025-04-30T10:01:41Z,2025-04-30T10:29:56Z,fix,fix
771479895,lingodotdev/lingo.dev,TypeScript,2784,2621524190,972,Human,2025-06-26T15:20:16Z,2025-06-26T15:25:15Z,fix,fix
993521808,openai/openai-agents-js,TypeScript,925,2569571085,24,Human,2025-06-05T08:47:14Z,2025-06-05T21:49:54Z,fix,fix
839216423,liam-hq/liam,TypeScript,4194,2291034255,531,Human,2025-01-21T23:25:55Z,2025-01-22T00:38:28Z,refactor,refactor
913540439,hotovo/aider-desk,TypeScript,658,2547938528,173,Human,2025-05-27T23:58:45Z,2025-06-02T17:24:03Z,feat,feat
720209383,CapSoftware/Cap,TypeScript,10645,2506345036,520,Human,2025-05-08T07:56:57Z,2025-05-08T07:59:59Z,feat,feat
917358773,trycompai/comp,TypeScript,950,2519619953,607,Human,2025-05-14T15:03:48Z,2025-05-14T15:41:10Z,feat,feat
955904085,antiwork/flexile,Ruby,665,2532153964,313,Human,2025-05-20T17:08:59Z,2025-05-20T17:09:17Z,feat,feat
136202695,mlflow/mlflow,Python,21402,2283939870,14265,Human,2025-01-17T10:08:47Z,2025-01-21T10:00:21Z,feat,feat
127246132,reown-com/appkit,TypeScript,5202,2284266550,3680,Human,2025-01-17T12:54:01Z,2025-01-17T14:14:39Z,fix,fix
781914762,julep-ai/julep,Python,5629,2589834192,1482,Human,2025-06-13T10:25:41Z,2025-06-21T09:44:03Z,feat,feat
965900067,hyperbrowserai/HyperAgent,TypeScript,632,2469944485,2,Human,2025-04-20T08:07:54Z,2025-04-20T09:44:48Z,feat,feat
381857226,microsoft/typespec,Java,5285,2377110973,6306,Human,2025-03-06T19:57:00Z,2025-03-08T05:29:26Z,feat,feat
136202695,mlflow/mlflow,Python,21402,2619804509,16458,Human,2025-06-26T02:10:52Z,2025-06-26T03:15:37Z,fix,fix
357897199,netbirdio/netbird,Go,17461,2340618989,3341,Human,2025-02-17T21:22:59Z,2025-02-17T23:08:03Z,refactor,refactor
103307180,Azure/azure-storage-fuse,Go,763,2459762651,1689,Human,2025-04-15T07:03:14Z,2025-04-18T09:49:11Z,feat,feat
106462765,microsoft/vscode-python,TypeScript,4457,2345563693,24832,Human,2025-02-19T21:11:05Z,2025-02-21T00:46:45Z,fix,fix
917974798,sam-goodwin/alchemy,TypeScript,750,2608791726,440,Human,2025-06-21T06:01:51Z,2025-06-21T22:31:12Z,feat,feat
600596928,danny-avila/LibreChat,TypeScript,28611,2323177992,5726,Human,2025-02-07T21:46:57Z,2025-02-09T15:53:44Z,fix,fix
460609164,writer/writer-framework,Python,1414,2336345537,745,Human,2025-02-14T14:50:14Z,2025-02-20T17:09:37Z,fix,fix
787076358,mendableai/firecrawl,TypeScript,43970,2443588982,1419,Human,2025-04-07T15:00:50Z,2025-04-11T15:51:24Z,feat,feat
644499668,SimonHalvdansson/Harmonic-HN,Java,746,2487764120,203,Human,2025-04-29T05:21:22Z,2025-04-29T09:20:23Z,feat,feat
61973853,microsoft/vscode-mssql,TypeScript,1718,2508301423,19387,Human,2025-05-08T23:30:13Z,2025-05-12T17:07:51Z,feat,feat
338529997,gridaco/grida,TypeScript,2138,2362047857,263,Human,2025-02-27T12:13:50Z,2025-03-01T06:11:56Z,feat,feat
839216423,liam-hq/liam,TypeScript,4194,2611004920,2156,Human,2025-06-23T09:26:04Z,2025-06-25T08:17:47Z,feat,feat
955904085,antiwork/flexile,Ruby,665,2523223066,300,Human,2025-05-15T22:28:05Z,2025-05-15T23:44:06Z,fix,fix
826170402,elizaOS/eliza,TypeScript,16507,2423192529,4091,Human,2025-03-27T16:56:45Z,2025-04-01T06:05:14Z,fix,fix
955904085,antiwork/flexile,Ruby,665,2456274102,124,Human,2025-04-13T21:54:02Z,2025-04-13T21:55:53Z,fix,fix
39321023,prebid/Prebid.js,JavaScript,1467,2295235213,12690,Human,2025-01-23T19:23:59Z,2025-01-27T17:12:18Z,feat,feat
15337142,micropython/micropython,C,20672,2361538891,16828,Human,2025-02-27T08:20:16Z,2025-03-14T06:12:42Z,feat,feat
917358773,trycompai/comp,TypeScript,950,2481942794,450,Human,2025-04-25T16:00:31Z,2025-04-25T16:08:52Z,fix,fix
28928522,wolfSSL/wolfssl,C,2562,2466429815,8691,Human,2025-04-17T15:47:41Z,2025-04-17T19:31:56Z,fix,fix
254328371,NangoHQ/nango,TypeScript,5463,2607226403,4224,Human,2025-06-20T11:46:55Z,2025-06-20T13:45:05Z,fix,fix
678526156,marimo-team/marimo,Python,14933,2574861103,5224,Human,2025-06-07T02:17:04Z,2025-06-10T14:39:40Z,fix,fix
647427819,langchain-ai/langsmith-sdk,Python,606,2394823134,1576,Human,2025-03-15T00:14:47Z,2025-03-15T00:16:04Z,fix,fix
59370571,electricitymaps/electricitymaps-contrib,Python,3870,2604844532,8232,Human,2025-06-19T13:29:45Z,2025-06-19T13:47:19Z,fix,fix
860100131,microsoft/typescript-go,Go,21439,2322777698,291,Human,2025-02-07T17:25:31Z,2025-02-13T01:35:36Z,refactor,refactor
368236463,syntasso/kratix,Go,623,2554432817,484,Human,2025-05-30T10:47:33Z,2025-06-03T14:01:04Z,feat,feat
460609164,writer/writer-framework,Python,1414,2502086135,857,Human,2025-05-06T16:17:47Z,2025-05-07T13:20:20Z,fix,fix
41881900,microsoft/vscode,TypeScript,175171,2567566502,250625,Human,2025-06-04T14:37:47Z,2025-06-04T14:52:44Z,refactor,refactor
917974798,sam-goodwin/alchemy,TypeScript,750,2530289863,197,Human,2025-05-20T04:20:51Z,2025-05-20T05:16:31Z,fix,fix
398753576,pdfme/pdfme,TypeScript,3389,2392454167,854,Human,2025-03-14T02:50:23Z,2025-03-14T12:20:12Z,fix,fix
7741856,pixijs/pixijs,TypeScript,45473,2338254790,11285,Human,2025-02-16T14:38:16Z,2025-02-26T09:43:27Z,fix,fix
95743138,box/box-ui-elements,JavaScript,546,2266338329,3831,Human,2025-01-08T14:30:17Z,2025-01-10T17:39:49Z,feat,feat
274495425,remotion-dev/remotion,TypeScript,23319,2416455786,5054,Human,2025-03-25T12:03:27Z,2025-03-25T13:59:05Z,feat,feat
633927609,promptfoo/promptfoo,TypeScript,7809,2297781093,2822,Human,2025-01-24T23:21:27Z,2025-01-25T00:10:30Z,fix,fix
917358773,trycompai/comp,TypeScript,950,2340548106,55,Human,2025-02-17T20:32:20Z,2025-02-17T21:47:58Z,feat,feat
80874333,MikePopoloski/slang,C++,799,2501191452,1348,Human,2025-05-06T10:33:10Z,2025-05-06T23:36:48Z,fix,fix
826170402,elizaOS/eliza,TypeScript,16507,2601011916,5167,Human,2025-06-18T08:53:54Z,2025-06-18T17:31:12Z,feat,feat
572570113,triggerdotdev/trigger.dev,TypeScript,11857,2360478297,1735,Human,2025-02-26T19:11:24Z,2025-02-27T15:03:14Z,fix,fix
710601088,crewAIInc/crewAI,Python,35096,2397036219,2387,Human,2025-03-17T08:13:36Z,2025-04-14T15:09:59Z,fix,fix
710601088,crewAIInc/crewAI,Python,35096,2277513970,1893,Human,2025-01-14T18:16:42Z,2025-01-14T18:35:21Z,fix,fix
95743138,box/box-ui-elements,JavaScript,546,2320501704,3903,Human,2025-02-06T17:33:43Z,2025-02-07T20:30:18Z,feat,feat
822033113,Panchovix/stable-diffusion-webui-reForge,Python,788,2535720745,367,Human,2025-05-22T00:27:55Z,2025-05-23T06:29:03Z,fix,fix
350360184,calcom/cal.com,TypeScript,37399,2342118093,19335,Human,2025-02-18T13:46:14Z,2025-02-18T15:23:41Z,fix,fix
44164233,OHIF/Viewers,TypeScript,3740,2582260198,5121,Human,2025-06-10T19:04:35Z,2025-06-11T11:36:27Z,fix,fix
505964914,ACEsuit/mace,Python,811,2373978615,841,Human,2025-03-05T16:28:09Z,2025-03-05T19:05:37Z,feat,feat
127246132,reown-com/appkit,TypeScript,5202,2269262680,3607,Human,2025-01-09T21:36:21Z,2025-01-14T18:42:42Z,feat,feat
573661753,activepieces/activepieces,TypeScript,16058,2501295276,7565,Human,2025-05-06T11:15:47Z,2025-05-07T08:15:58Z,feat,feat
710601088,crewAIInc/crewAI,Python,35096,2332036167,2114,Human,2025-02-12T18:33:45Z,2025-02-12T20:19:41Z,feat,feat
136202695,mlflow/mlflow,Python,21402,2438351429,15219,Human,2025-04-04T01:11:10Z,2025-04-04T05:29:14Z,fix,fix
41881900,microsoft/vscode,TypeScript,175171,2294853074,238585,Human,2025-01-23T16:04:03Z,2025-01-23T17:47:18Z,feat,feat
95743138,box/box-ui-elements,JavaScript,546,2446286431,4054,Human,2025-04-08T15:42:17Z,2025-04-14T19:51:19Z,feat,feat
137811219,nrwl/nx-console,TypeScript,1370,2384564281,2430,Human,2025-03-11T09:59:17Z,2025-03-11T10:43:25Z,fix,fix
839216423,liam-hq/liam,TypeScript,4194,2393268832,905,Human,2025-03-14T10:08:37Z,2025-03-14T10:29:23Z,feat,feat
839216423,liam-hq/liam,TypeScript,4194,2583074578,1976,Human,2025-06-11T05:18:10Z,2025-06-11T06:40:12Z,feat,feat
820087727,onlook-dev/onlook,TypeScript,21192,2427199466,1690,Human,2025-03-29T19:14:02Z,2025-03-29T19:14:16Z,feat,feat
839216423,liam-hq/liam,TypeScript,4194,2611136448,2159,Human,2025-06-23T10:11:53Z,2025-06-24T03:49:16Z,feat,feat
39321023,prebid/Prebid.js,JavaScript,1467,2594804460,13391,Human,2025-06-16T08:02:10Z,2025-06-16T10:06:35Z,fix,fix
839216423,liam-hq/liam,TypeScript,4194,2438962368,1150,Human,2025-04-04T09:03:59Z,2025-04-07T02:22:50Z,fix,fix
33373292,microsoft/ApplicationInsights-JS,TypeScript,671,2418025347,2493,Human,2025-03-26T00:29:14Z,2025-03-26T18:37:02Z,feat,feat
820087727,onlook-dev/onlook,TypeScript,21192,2555735697,1979,Human,2025-05-30T21:31:16Z,2025-05-30T22:21:04Z,fix,fix
673010778,roboflow/inference,Python,1824,2276460202,942,Human,2025-01-14T10:47:11Z,2025-01-14T16:55:11Z,feat,feat
12974177,OpenHFT/Java-Thread-Affinity,Java,1854,2539606738,181,Human,2025-05-23T11:34:19Z,2025-06-03T10:13:16Z,fix,fix
95743138,box/box-ui-elements,JavaScript,546,2434015516,4044,Human,2025-04-02T12:09:57Z,2025-04-15T15:12:02Z,feat,feat
710601088,crewAIInc/crewAI,Python,35096,2364339053,2254,Human,2025-02-28T11:23:52Z,2025-03-16T16:29:57Z,feat,feat
430749584,OneKeyHQ/app-monorepo,TypeScript,1995,2460240548,7110,Human,2025-04-15T10:13:13Z,2025-04-15T10:28:46Z,fix,fix
338529997,gridaco/grida,TypeScript,2138,2443172805,291,Human,2025-04-07T12:28:51Z,2025-04-16T04:00:01Z,feat,feat
839216423,liam-hq/liam,TypeScript,4194,2427550885,1039,Human,2025-03-30T13:13:57Z,2025-04-01T03:12:21Z,feat,feat
710601088,crewAIInc/crewAI,Python,35096,2419756676,2480,Human,2025-03-26T15:13:04Z,2025-03-26T15:16:09Z,refactor,refactor
400215964,novuhq/novu,TypeScript,37349,2266521307,7463,Human,2025-01-08T15:57:18Z,2025-01-10T08:06:56Z,fix,fix
597502256,keephq/keep,Python,10563,2445688634,4464,Human,2025-04-08T11:47:30Z,2025-04-08T11:53:35Z,fix,fix
130741783,netket/netket,Python,620,2460742554,2025,Human,2025-04-15T13:40:59Z,2025-04-15T15:31:26Z,feat,feat
274495425,remotion-dev/remotion,TypeScript,23319,2559147084,5337,Human,2025-06-02T04:08:19Z,2025-06-03T10:02:17Z,feat,feat
463116412,seasonedcc/remix-forms,TypeScript,517,2269262831,273,Human,2025-01-09T21:36:29Z,2025-01-09T23:55:41Z,fix,fix
633262635,onyx-dot-app/onyx,Python,13231,2335012557,3997,Human,2025-02-14T01:11:32Z,2025-02-14T01:11:45Z,fix,fix
955904085,antiwork/flexile,Ruby,665,2470204990,164,Human,2025-04-20T20:07:42Z,2025-04-20T20:13:51Z,feat,feat
121814210,primer/react,TypeScript,3613,2414636648,5816,Human,2025-03-24T19:24:50Z,2025-03-24T20:06:49Z,fix,fix
81314550,wix/react-native-ui-lib,TypeScript,6892,2330802620,3501,Human,2025-02-12T09:43:34Z,2025-02-24T11:30:43Z,feat,feat
959682770,antiwork/gumroad,Ruby,6643,2600560710,356,Human,2025-06-18T05:30:41Z,2025-06-19T07:49:16Z,refactor,refactor
430749584,OneKeyHQ/app-monorepo,TypeScript,1995,2503097915,7277,Human,2025-05-07T02:51:06Z,2025-05-07T03:42:55Z,feat,feat
31625029,zeroc-ice/ice,C++,2124,2522049951,3971,Human,2025-05-15T13:04:39Z,2025-05-15T14:46:20Z,feat,feat
381857226,microsoft/typespec,Java,5285,2389324606,6416,Human,2025-03-12T22:20:04Z,2025-03-13T22:49:09Z,fix,fix
839216423,liam-hq/liam,TypeScript,4194,2481413158,1515,Human,2025-04-25T11:59:05Z,2025-04-25T12:43:58Z,fix,fix
274495425,remotion-dev/remotion,TypeScript,23319,2606488806,5438,Human,2025-06-20T07:29:44Z,2025-06-20T08:56:44Z,feat,feat
265001214,tokens-studio/figma-plugin,TypeScript,1469,2514467653,3348,Human,2025-05-12T17:24:53Z,2025-05-12T17:26:03Z,fix,fix
4127088,Azure/azure-sdk-for-python,Python,5011,2433002376,40333,Human,2025-04-02T02:45:30Z,2025-04-10T08:34:46Z,feat,feat
764642350,stack-auth/stack-auth,TypeScript,6033,2377354725,515,Human,2025-03-06T22:31:06Z,2025-03-08T06:26:53Z,fix,fix
945671748,openops-cloud/openops,TypeScript,908,2546735640,696,Human,2025-05-27T14:45:03Z,2025-06-04T12:20:33Z,feat,feat
820087727,onlook-dev/onlook,TypeScript,21192,2565794665,2025,Human,2025-06-04T02:19:25Z,2025-06-07T02:34:31Z,feat,feat
820087727,onlook-dev/onlook,TypeScript,21192,2354505944,1462,Human,2025-02-24T19:07:24Z,2025-02-25T23:48:11Z,feat,feat
39321023,prebid/Prebid.js,JavaScript,1467,2402566366,12898,Human,2025-03-19T03:55:00Z,2025-03-19T18:13:20Z,feat,feat
254328371,NangoHQ/nango,TypeScript,5463,2484943346,3961,Human,2025-04-28T07:07:36Z,2025-04-28T19:11:02Z,feat,feat
820087727,onlook-dev/onlook,TypeScript,21192,2607093477,2249,Human,2025-06-20T11:00:02Z,2025-06-20T17:46:25Z,refactor,refactor
710601088,crewAIInc/crewAI,Python,35096,2414330903,2461,Human,2025-03-24T17:05:12Z,2025-03-26T11:57:10Z,fix,fix
10458362,rsyslog/rsyslog,C,2165,2375259369,5598,Human,2025-03-06T03:15:27Z,2025-03-06T11:26:31Z,fix,fix
12858849,rcaloras/bashhub-client,Python,1282,2576837001,143,Human,2025-06-08T16:59:04Z,2025-06-08T19:30:25Z,fix,fix
10458362,rsyslog/rsyslog,C,2165,2607478321,5731,Human,2025-06-20T13:15:03Z,2025-06-21T13:50:42Z,fix,fix
820087727,onlook-dev/onlook,TypeScript,21192,2568276267,2037,Human,2025-06-04T19:36:56Z,2025-06-04T21:27:29Z,fix,fix
674225653,bruin-data/bruin,Go,962,2498140513,638,Human,2025-05-05T08:34:32Z,2025-05-05T08:44:12Z,fix,fix
820087727,onlook-dev/onlook,TypeScript,21192,2600167226,2231,Human,2025-06-18T00:08:15Z,2025-06-25T22:39:09Z,feat,feat
158653995,mtrojnar/osslsigncode,C,929,2498719778,432,Human,2025-05-05T13:08:50Z,2025-05-06T08:42:54Z,fix,fix
274495425,remotion-dev/remotion,TypeScript,23319,2457637136,5134,Human,2025-04-14T13:13:51Z,2025-04-14T15:06:28Z,feat,feat
136202695,mlflow/mlflow,Python,21402,2344171588,14651,Human,2025-02-19T10:06:19Z,2025-02-20T00:42:22Z,feat,feat
894659403,goat-sdk/goat,TypeScript,798,2349041188,358,Human,2025-02-21T08:27:53Z,2025-02-21T08:31:26Z,feat,feat
820087727,onlook-dev/onlook,TypeScript,21192,2591480120,2189,Human,2025-06-13T22:08:13Z,2025-06-13T22:08:23Z,fix,fix
764723738,Skyvern-AI/skyvern,Python,13976,2278910679,1559,Human,2025-01-15T11:21:14Z,2025-01-15T11:23:15Z,fix,fix
705022737,tegnike/aituber-kit,TypeScript,698,2458479612,350,Human,2025-04-14T19:11:55Z,2025-04-14T19:30:56Z,feat,feat
955904085,antiwork/flexile,Ruby,665,2505257552,277,Human,2025-05-07T19:11:19Z,2025-05-07T19:40:37Z,fix,fix
136202695,mlflow/mlflow,Python,21402,2288857087,14278,Human,2025-01-21T03:06:38Z,2025-01-21T08:44:53Z,fix,fix
839216423,liam-hq/liam,TypeScript,4194,2317163562,676,Human,2025-02-05T09:50:24Z,2025-02-06T07:59:48Z,feat,feat
12974177,OpenHFT/Java-Thread-Affinity,Java,1854,2539572445,180,Human,2025-05-23T11:17:41Z,2025-06-03T10:13:26Z,feat,feat
764723738,Skyvern-AI/skyvern,Python,13976,2525453714,2367,Human,2025-05-16T23:26:23Z,2025-05-16T23:26:36Z,fix,fix
674225653,bruin-data/bruin,Go,962,2583696992,764,Human,2025-06-11T09:54:56Z,2025-06-11T10:49:35Z,feat,feat
95743138,box/box-ui-elements,JavaScript,546,2363518918,3994,Human,2025-02-28T01:39:52Z,2025-02-28T15:42:17Z,fix,fix
400215964,novuhq/novu,TypeScript,37349,2577876946,8478,Human,2025-06-09T09:24:54Z,2025-06-10T19:20:59Z,feat,feat
3618686,katspaugh/wavesurfer.js,TypeScript,9541,2395115054,4061,Human,2025-03-15T06:48:19Z,2025-03-15T06:58:13Z,fix,fix
39321023,prebid/Prebid.js,JavaScript,1467,2480314346,13029,Human,2025-04-24T22:42:42Z,2025-04-27T15:29:50Z,feat,feat
679017521,AgentOps-AI/agentops,Python,4722,2389891260,818,Human,2025-03-13T05:49:39Z,2025-03-13T07:50:10Z,fix,fix
10458362,rsyslog/rsyslog,C,2165,2586564093,5686,Human,2025-06-12T08:51:25Z,2025-06-12T14:20:11Z,refactor,refactor
955904085,antiwork/flexile,Ruby,665,2505359986,278,Human,2025-05-07T20:02:23Z,2025-05-19T21:47:35Z,feat,feat
517126881,lumen-notes/lumen,TypeScript,525,2450134704,479,Human,2025-04-10T05:51:47Z,2025-04-16T08:36:46Z,feat,feat
541269386,ggml-org/whisper.cpp,C++,41914,2408852397,2918,Human,2025-03-21T08:21:00Z,2025-03-21T08:53:26Z,fix,fix
917358773,trycompai/comp,TypeScript,950,2594304617,924,Human,2025-06-16T03:08:49Z,2025-06-16T03:08:55Z,fix,fix
859537060,antiwork/shortest,TypeScript,5179,2564592676,448,Human,2025-06-03T16:35:41Z,2025-06-03T18:04:06Z,feat,feat
5108051,opencv/opencv,C++,83324,2320579589,26881,Human,2025-02-06T18:15:47Z,2025-02-07T07:19:29Z,feat,feat
839216423,liam-hq/liam,TypeScript,4194,2299074101,573,Human,2025-01-27T05:06:49Z,2025-01-28T03:36:36Z,feat,feat
54928587,uxlfoundation/oneDAL,C++,637,2282210055,3046,Human,2025-01-16T15:58:06Z,2025-03-21T22:07:14Z,feat,feat
762304524,ComposioHQ/composio,TypeScript,25592,2617972597,1697,Human,2025-06-25T11:54:38Z,2025-06-26T00:38:12Z,feat,feat
529729250,thirdweb-dev/js,TypeScript,538,2451211089,6689,Human,2025-04-10T13:37:35Z,2025-04-10T17:20:31Z,feat,feat
460609164,writer/writer-framework,Python,1414,2453108245,825,Human,2025-04-11T07:50:30Z,2025-04-17T11:49:48Z,feat,feat
350360184,calcom/cal.com,TypeScript,37399,2281857517,18713,Human,2025-01-16T13:22:36Z,2025-01-17T08:40:16Z,fix,fix
283046497,airbytehq/airbyte,Python,19011,2334947154,53686,Human,2025-02-14T00:01:14Z,2025-02-14T17:47:31Z,feat,feat
41005795,microsoft/GSL,C++,6462,2497450344,1205,Human,2025-05-04T18:57:51Z,2025-05-12T17:02:03Z,fix,fix
41881900,microsoft/vscode,TypeScript,175171,2570124828,250739,Human,2025-06-05T12:14:54Z,2025-06-05T12:26:26Z,fix,fix
283046497,airbytehq/airbyte,Python,19011,2581187045,61502,Human,2025-06-10T12:26:19Z,2025-06-11T09:19:26Z,fix,fix
41881900,microsoft/vscode,TypeScript,175171,2359273736,242056,Human,2025-02-26T11:25:23Z,2025-02-26T12:03:22Z,fix,fix
826170402,elizaOS/eliza,TypeScript,16507,2262896459,1934,Human,2025-01-07T01:35:23Z,2025-01-08T01:43:18Z,feat,feat
917358773,trycompai/comp,TypeScript,950,2404325040,153,Human,2025-03-19T16:13:04Z,2025-03-19T16:17:16Z,feat,feat
254328371,NangoHQ/nango,TypeScript,5463,2365598029,3608,Human,2025-03-01T00:33:26Z,2025-03-03T20:00:59Z,fix,fix
323591830,huggingface/huggingface_hub,Python,2806,2371429921,2906,Human,2025-03-04T17:15:48Z,2025-03-05T07:10:13Z,fix,fix
942771284,github/github-mcp-server,Go,19787,2440379738,106,Human,2025-04-04T20:36:14Z,2025-04-07T14:11:00Z,feat,feat
39321023,prebid/Prebid.js,JavaScript,1467,2389128937,12878,Human,2025-03-12T20:15:47Z,2025-03-13T12:09:00Z,feat,feat
20929025,microsoft/TypeScript,TypeScript,105450,2337875378,61184,Human,2025-02-15T19:00:01Z,2025-02-20T18:48:34Z,fix,fix
136202695,mlflow/mlflow,Python,21402,2424508586,15160,Human,2025-03-28T07:37:47Z,2025-03-28T09:39:35Z,fix,fix
722184017,assistant-ui/assistant-ui,TypeScript,5475,2286029810,1394,Human,2025-01-19T04:41:30Z,2025-01-19T04:43:05Z,feat,feat
81314550,wix/react-native-ui-lib,TypeScript,6892,2500559419,3716,Human,2025-05-06T06:35:46Z,2025-05-06T06:37:45Z,fix,fix
463116412,seasonedcc/remix-forms,TypeScript,517,2260778823,259,Human,2025-01-05T15:04:15Z,2025-01-06T18:45:44Z,refactor,refactor
787076358,mendableai/firecrawl,TypeScript,43970,2479526440,1498,Human,2025-04-24T15:51:08Z,2025-04-24T16:28:30Z,feat,feat
705022737,tegnike/aituber-kit,TypeScript,698,2448748294,337,Human,2025-04-09T14:15:17Z,2025-04-23T18:26:07Z,feat,feat
172703996,spcl/dace,Python,544,2390765352,1975,Human,2025-03-13T12:08:29Z,2025-03-13T13:23:00Z,fix,fix
787076358,mendableai/firecrawl,TypeScript,43970,2474303758,1490,Human,2025-04-22T18:44:46Z,2025-04-22T19:15:32Z,fix,fix
820087727,onlook-dev/onlook,TypeScript,21192,2436004142,1718,Human,2025-04-03T05:43:18Z,2025-04-03T05:43:35Z,fix,fix
781914762,julep-ai/julep,Python,5629,2516516109,1365,Human,2025-05-13T12:42:42Z,2025-05-13T15:37:25Z,fix,fix
617269166,dropseed/plain,Python,619,2467087648,28,Human,2025-04-17T23:17:08Z,2025-04-17T23:18:40Z,refactor,refactor
3618686,katspaugh/wavesurfer.js,TypeScript,9541,2409005271,4067,Human,2025-03-21T09:37:11Z,2025-03-21T09:46:03Z,fix,fix
917974798,sam-goodwin/alchemy,TypeScript,750,2469832951,60,Human,2025-04-20T01:18:52Z,2025-04-21T01:27:31Z,feat,feat
787076358,mendableai/firecrawl,TypeScript,43970,2547396554,1601,Human,2025-05-27T19:17:41Z,2025-05-27T19:33:44Z,feat,feat
826170402,elizaOS/eliza,TypeScript,16507,2587787281,5091,Human,2025-06-12T15:36:43Z,2025-06-12T15:52:43Z,fix,fix
665613753,elie222/inbox-zero,TypeScript,8426,2331477264,334,Human,2025-02-12T14:39:16Z,2025-02-12T14:39:23Z,feat,feat
430749584,OneKeyHQ/app-monorepo,TypeScript,1995,2436097219,7021,Human,2025-04-03T06:44:37Z,2025-04-03T07:19:52Z,fix,fix
41881900,microsoft/vscode,TypeScript,175171,2284117407,238119,Human,2025-01-17T11:26:19Z,2025-01-17T11:43:11Z,fix,fix
48009214,microsoft/react-native-windows,C++,16932,2469470454,14579,Human,2025-04-19T07:58:51Z,2025-04-21T20:56:14Z,feat,feat
710601088,crewAIInc/crewAI,Python,35096,2290763666,1943,Human,2025-01-21T20:12:18Z,2025-01-22T19:24:01Z,fix,fix
349372179,lightdash/lightdash,TypeScript,4935,2463958513,14443,Human,2025-04-16T15:55:30Z,2025-04-17T14:57:24Z,feat,feat
469882687,seasonedcc/composable-functions,TypeScript,718,2316375877,170,Human,2025-02-05T00:12:54Z,2025-02-21T19:11:51Z,feat,feat
955904085,antiwork/flexile,Ruby,665,2494187575,244,Human,2025-05-01T17:20:31Z,2025-05-01T17:54:55Z,refactor,refactor
859537060,antiwork/shortest,TypeScript,5179,2415265124,404,Human,2025-03-25T02:18:55Z,2025-03-25T03:06:19Z,fix,fix
917358773,trycompai/comp,TypeScript,950,2354108884,76,Human,2025-02-24T15:57:55Z,2025-02-24T15:58:02Z,feat,feat
599547518,vllm-project/vllm,Python,53643,2445504297,16256,Human,2025-04-08T10:25:05Z,2025-04-08T13:51:07Z,fix,fix
674225653,bruin-data/bruin,Go,962,2272604615,402,Human,2025-01-12T16:51:58Z,2025-01-12T17:07:48Z,refactor,refactor
587937846,KittyCAD/modeling-app,TypeScript,913,2385436395,5748,Human,2025-03-11T15:01:12Z,2025-03-11T15:01:49Z,fix,fix
275993885,appsmithorg/appsmith,TypeScript,37596,2408839730,39848,Human,2025-03-21T08:13:39Z,2025-03-21T11:17:16Z,feat,feat
48009214,microsoft/react-native-windows,C++,16932,2467978919,14577,Human,2025-04-18T09:52:15Z,2025-04-19T07:08:00Z,feat,feat
48009214,microsoft/react-native-windows,C++,16932,2299985775,14307,Human,2025-01-27T14:00:19Z,2025-01-28T22:04:09Z,fix,fix
430749584,OneKeyHQ/app-monorepo,TypeScript,1995,2351884128,6718,Human,2025-02-23T04:42:07Z,2025-02-24T02:38:42Z,feat,feat
381857226,microsoft/typespec,Java,5285,2457129347,6969,Human,2025-04-14T09:34:01Z,2025-04-15T08:32:53Z,fix,fix
95743138,box/box-ui-elements,JavaScript,546,2420669150,4035,Human,2025-03-26T23:29:50Z,2025-03-28T16:49:24Z,fix,fix
678526156,marimo-team/marimo,Python,14933,2485165438,4700,Human,2025-04-28T08:43:35Z,2025-04-28T14:17:25Z,fix,fix
784742855,PasteBar/PasteBarApp,TypeScript,1583,2593152535,238,Human,2025-06-15T01:36:27Z,2025-06-15T02:18:35Z,feat,feat
771479895,lingodotdev/lingo.dev,TypeScript,2784,2494763522,680,Human,2025-05-02T00:49:15Z,2025-05-02T00:50:20Z,feat,feat
955904085,antiwork/flexile,Ruby,665,2497516453,259,Human,2025-05-04T21:46:32Z,2025-05-05T18:45:03Z,refactor,refactor
894659403,goat-sdk/goat,TypeScript,798,2293447463,274,Human,2025-01-23T02:11:08Z,2025-01-28T11:50:54Z,feat,feat
832879402,Kiln-AI/Kiln,Python,4015,2512329986,308,Human,2025-05-11T21:31:46Z,2025-05-11T22:54:14Z,feat,feat
839216423,liam-hq/liam,TypeScript,4194,2503386477,1597,Human,2025-05-07T06:27:34Z,2025-05-07T06:52:18Z,fix,fix
710601088,crewAIInc/crewAI,Python,35096,2318504207,2042,Human,2025-02-05T20:48:30Z,2025-02-07T19:45:36Z,refactor,refactor
275993885,appsmithorg/appsmith,TypeScript,37596,2273137296,38597,Human,2025-01-13T07:09:37Z,2025-01-13T12:31:04Z,fix,fix
679017521,AgentOps-AI/agentops,Python,4722,2448959577,915,Human,2025-04-09T15:40:34Z,2025-04-11T20:52:11Z,feat,feat
542017915,Kanaries/graphic-walker,TypeScript,2898,2558416409,463,Human,2025-06-01T17:35:12Z,2025-06-09T17:49:01Z,feat,feat
787076358,mendableai/firecrawl,TypeScript,43970,2458738169,1461,Human,2025-04-14T21:24:14Z,2025-04-14T22:07:44Z,feat,feat
820087727,onlook-dev/onlook,TypeScript,21192,2410964662,1661,Human,2025-03-22T04:15:15Z,2025-03-22T04:24:03Z,fix,fix
350360184,calcom/cal.com,TypeScript,37399,2331084068,19258,Human,2025-02-12T11:51:12Z,2025-02-18T13:16:46Z,fix,fix
922423439,jina-ai/node-DeepResearch,TypeScript,4693,2314321315,14,Human,2025-02-04T06:45:43Z,2025-02-05T02:39:08Z,fix,fix
44164233,OHIF/Viewers,TypeScript,3740,2405080716,4871,Human,2025-03-19T21:31:26Z,2025-03-20T16:06:26Z,feat,feat
4127088,Azure/azure-sdk-for-python,Python,5011,2492492371,40820,Human,2025-04-30T20:09:48Z,2025-05-04T21:05:50Z,refactor,refactor
254328371,NangoHQ/nango,TypeScript,5463,2319622722,3468,Human,2025-02-06T10:58:56Z,2025-02-07T09:41:04Z,feat,feat
95743138,box/box-ui-elements,JavaScript,546,2290161023,3858,Human,2025-01-21T14:39:24Z,2025-02-06T16:16:21Z,feat,feat
400215964,novuhq/novu,TypeScript,37349,2479088081,8197,Human,2025-04-24T13:06:25Z,2025-04-24T14:15:21Z,fix,fix
720209383,CapSoftware/Cap,TypeScript,10645,2332826449,313,Human,2025-02-13T04:47:24Z,2025-02-13T05:56:54Z,feat,feat
959682770,antiwork/gumroad,Ruby,6643,2463793656,124,Human,2025-04-16T14:46:53Z,2025-04-16T16:35:12Z,fix,fix
959682770,antiwork/gumroad,Ruby,6643,2466936775,133,Human,2025-04-17T21:06:41Z,2025-04-17T21:06:48Z,fix,fix
820087727,onlook-dev/onlook,TypeScript,21192,2546060944,1936,Human,2025-05-27T10:33:05Z,2025-05-27T17:22:48Z,feat,feat
81314550,wix/react-native-ui-lib,TypeScript,6892,2411785346,3641,Human,2025-03-23T07:45:43Z,2025-03-23T10:09:42Z,refactor,refactor
39321023,prebid/Prebid.js,JavaScript,1467,2552633641,13216,Human,2025-05-29T16:17:12Z,2025-06-03T11:05:50Z,feat,feat
41881900,microsoft/vscode,TypeScript,175171,2408228147,244194,Human,2025-03-20T23:51:11Z,2025-03-21T00:07:55Z,feat,feat
781914762,julep-ai/julep,Python,5629,2341398834,1171,Human,2025-02-18T08:38:19Z,2025-02-18T09:48:16Z,feat,feat
788904329,janbjorge/pgqueuer,Python,1324,2475411025,358,Human,2025-04-23T08:22:10Z,2025-04-23T15:21:39Z,refactor,refactor
643874750,anyproto/anytype-ts,TypeScript,5854,2600855853,1494,Human,2025-06-18T07:51:03Z,2025-06-19T07:10:53Z,fix,fix
526514610,dust-tt/dust,TypeScript,1171,2468379953,12109,Human,2025-04-18T14:09:36Z,2025-04-18T14:26:28Z,feat,feat
781914762,julep-ai/julep,Python,5629,2455759309,1318,Human,2025-04-13T00:50:48Z,2025-04-16T05:15:50Z,feat,feat
39321023,prebid/Prebid.js,JavaScript,1467,2329543118,12751,Human,2025-02-11T19:16:18Z,2025-02-13T16:05:41Z,refactor,refactor
199344833,angular-eslint/angular-eslint,TypeScript,1737,2382948089,2313,Human,2025-03-10T17:59:33Z,2025-03-19T15:42:33Z,fix,fix
41881900,microsoft/vscode,TypeScript,175171,2565225204,250559,Human,2025-06-03T20:49:38Z,2025-06-03T21:31:59Z,fix,fix
595832198,Helicone/helicone,TypeScript,4259,2568173275,3872,Human,2025-06-04T18:51:51Z,2025-06-04T19:20:12Z,fix,fix
254328371,NangoHQ/nango,TypeScript,5463,2397994495,3718,Human,2025-03-17T13:55:55Z,2025-03-18T14:49:15Z,fix,fix
254328371,NangoHQ/nango,TypeScript,5463,2425846006,3804,Human,2025-03-28T17:29:29Z,2025-03-29T18:06:52Z,fix,fix
642497346,langfuse/langfuse,TypeScript,14483,2400045608,6055,Human,2025-03-18T07:53:19Z,2025-03-18T10:58:05Z,feat,feat
274495425,remotion-dev/remotion,TypeScript,23319,2523947863,5295,Human,2025-05-16T08:34:17Z,2025-05-16T14:25:35Z,feat,feat
633927609,promptfoo/promptfoo,TypeScript,7809,2463841750,3721,Human,2025-04-16T15:05:26Z,2025-04-18T15:32:48Z,fix,fix
886899801,vlm-run/vlmrun-hub,Python,528,2262384583,49,Human,2025-01-06T17:47:28Z,2025-01-06T17:49:28Z,fix,fix
946380199,openai/openai-agents-python,Python,13119,2622898187,950,Human,2025-06-27T02:14:39Z,2025-06-27T15:24:10Z,fix,fix
828119367,yamadashy/repomix,TypeScript,18206,2391338644,415,Human,2025-03-13T15:30:27Z,2025-03-13T15:33:18Z,feat,feat
39321023,prebid/Prebid.js,JavaScript,1467,2373925534,12833,Human,2025-03-05T16:03:16Z,2025-04-10T16:22:47Z,fix,fix
10458362,rsyslog/rsyslog,C,2165,2479712134,5626,Human,2025-04-24T17:13:11Z,2025-04-24T18:14:16Z,fix,fix
41881900,microsoft/vscode,TypeScript,175171,2304010722,239072,Human,2025-01-29T09:04:08Z,2025-01-29T09:18:46Z,fix,fix
710601088,crewAIInc/crewAI,Python,35096,2458149257,2604,Human,2025-04-14T16:48:41Z,2025-04-28T14:37:31Z,fix,fix
274495425,remotion-dev/remotion,TypeScript,23319,2300381339,4826,Human,2025-01-27T16:57:56Z,2025-01-27T17:09:57Z,feat,feat
87490037,commaai/panda,C,1608,2410005803,2176,Human,2025-03-21T16:42:47Z,2025-04-10T22:55:54Z,feat,feat
39321023,prebid/Prebid.js,JavaScript,1467,2443491810,12969,Human,2025-04-07T14:26:02Z,2025-04-08T14:07:57Z,feat,feat
381857226,microsoft/typespec,Java,5285,2258464517,5474,Human,2025-01-02T21:52:04Z,2025-01-03T21:36:24Z,fix,fix
23247808,rqlite/rqlite,Go,16816,2447304795,2062,Human,2025-04-09T02:10:10Z,2025-04-09T02:20:15Z,feat,feat
720209383,CapSoftware/Cap,TypeScript,10645,2401612063,371,Human,2025-03-18T17:28:49Z,2025-03-18T17:29:10Z,feat,feat
839216423,liam-hq/liam,TypeScript,4194,2363843773,797,Human,2025-02-28T06:42:12Z,2025-03-03T05:54:18Z,fix,fix
614765452,Significant-Gravitas/AutoGPT,Python,177379,2605125965,10196,Human,2025-06-19T15:11:20Z,2025-06-19T16:20:53Z,feat,feat
95743138,box/box-ui-elements,JavaScript,546,2333934931,3928,Human,2025-02-13T14:25:28Z,2025-02-14T18:14:05Z,feat,feat
680120071,microsoft/autogen,Python,48110,2309714629,5285,Human,2025-01-31T17:30:55Z,2025-01-31T22:25:29Z,feat,feat
955904085,antiwork/flexile,Ruby,665,2461796686,147,Human,2025-04-15T21:13:57Z,2025-04-16T06:32:37Z,fix,fix
597502256,keephq/keep,Python,10563,2260748681,2979,Human,2025-01-05T13:34:52Z,2025-01-05T13:35:52Z,feat,feat
720209383,CapSoftware/Cap,TypeScript,10645,2502017000,514,Human,2025-05-06T15:52:02Z,2025-05-06T15:56:33Z,feat,feat
946380199,openai/openai-agents-python,Python,13119,2461251769,520,Human,2025-04-15T16:49:01Z,2025-04-15T18:37:16Z,feat,feat
136202695,mlflow/mlflow,Python,21402,2456461996,15298,Human,2025-04-14T02:46:12Z,2025-04-15T03:32:00Z,feat,feat
720209383,CapSoftware/Cap,TypeScript,10645,2615209155,684,Human,2025-06-24T14:18:20Z,2025-06-24T14:20:53Z,fix,fix
722184017,assistant-ui/assistant-ui,TypeScript,5475,2282684079,1386,Human,2025-01-16T20:09:17Z,2025-01-16T20:27:53Z,feat,feat
156939672,microsoft/onnxruntime,C++,17361,2422882617,24212,Human,2025-03-27T15:21:04Z,2025-04-03T15:58:41Z,feat,feat
947387660,leonardsellem/n8n-mcp-server,TypeScript,1041,2559832973,17,Human,2025-06-02T08:56:56Z,2025-06-02T12:03:16Z,fix,fix
41881900,microsoft/vscode,TypeScript,175171,2388894884,243379,Human,2025-03-12T18:18:19Z,2025-03-12T19:22:48Z,feat,feat
99262683,RocketChat/Rocket.Chat.ReactNative,TypeScript,2245,2307322429,6118,Human,2025-01-30T16:51:25Z,2025-04-10T21:16:50Z,feat,feat
159556794,go-vikunja/vikunja,Go,2080,2623014713,1036,Human,2025-06-27T03:37:33Z,2025-06-27T06:11:04Z,fix,fix
781914762,julep-ai/julep,Python,5629,2325260235,1145,Human,2025-02-10T07:03:36Z,2025-02-14T09:11:31Z,feat,feat
705022737,tegnike/aituber-kit,TypeScript,698,2364156735,309,Human,2025-02-28T09:47:37Z,2025-02-28T10:02:23Z,feat,feat
839216423,liam-hq/liam,TypeScript,4194,2301609877,603,Human,2025-01-28T08:22:33Z,2025-01-28T09:08:44Z,feat,feat
109200851,microsoft/azuredatastudio,TypeScript,7693,2484918046,26290,Human,2025-04-28T06:54:20Z,2025-04-28T15:55:07Z,feat,feat
678526156,marimo-team/marimo,Python,14933,2609183598,5398,Human,2025-06-21T17:54:35Z,2025-06-21T22:22:15Z,fix,fix
39321023,prebid/Prebid.js,JavaScript,1467,2377040932,12842,Human,2025-03-06T19:13:08Z,2025-03-13T16:28:41Z,feat,feat
283046497,airbytehq/airbyte,Python,19011,2427260363,56863,Human,2025-03-29T21:38:24Z,2025-03-30T06:10:53Z,fix,fix
296373527,pterm/pterm,Go,5194,2448487026,716,Human,2025-04-09T12:34:27Z,2025-06-06T18:35:52Z,fix,fix
806618581,afadil/wealthfolio,TypeScript,5304,2585890376,283,Human,2025-06-12T03:05:00Z,2025-06-12T21:16:34Z,fix,fix
430749584,OneKeyHQ/app-monorepo,TypeScript,1995,2416138735,6941,Human,2025-03-25T09:53:44Z,2025-03-26T02:16:49Z,fix,fix
826170402,elizaOS/eliza,TypeScript,16507,2338137923,3525,Human,2025-02-16T09:38:27Z,2025-02-21T03:45:44Z,fix,fix
820087727,onlook-dev/onlook,TypeScript,21192,2599776648,2227,Human,2025-06-17T19:46:18Z,2025-06-17T22:05:57Z,feat,feat
41881900,microsoft/vscode,TypeScript,175171,2407597276,244141,Human,2025-03-20T17:25:16Z,2025-03-20T21:48:38Z,feat,feat
945671748,openops-cloud/openops,TypeScript,908,2504365011,557,Human,2025-05-07T13:14:22Z,2025-05-07T13:32:07Z,feat,feat
130741783,netket/netket,Python,620,2364987713,2012,Human,2025-02-28T16:42:25Z,2025-04-18T14:50:31Z,feat,feat
644499668,SimonHalvdansson/Harmonic-HN,Java,746,2527529501,210,Human,2025-05-19T04:48:03Z,2025-05-21T19:44:32Z,feat,feat
955904085,antiwork/flexile,Ruby,665,2469153447,160,Human,2025-04-18T23:07:42Z,2025-04-21T22:28:23Z,feat,feat
13696235,effekseer/Effekseer,C++,1567,2547160591,1055,Human,2025-05-27T17:36:25Z,2025-05-27T18:06:02Z,feat,feat
955904085,antiwork/flexile,Ruby,665,2480004639,179,Human,2025-04-24T19:26:45Z,2025-04-25T02:09:38Z,fix,fix
764723738,Skyvern-AI/skyvern,Python,13976,2484533924,2231,Human,2025-04-28T01:18:23Z,2025-04-28T01:49:45Z,feat,feat
781914762,julep-ai/julep,Python,5629,2324261949,1144,Human,2025-02-09T01:38:39Z,2025-02-09T02:12:11Z,feat,feat
350360184,calcom/cal.com,TypeScript,37399,2272442565,18607,Human,2025-01-12T09:21:13Z,2025-01-14T05:25:23Z,feat,feat
400215964,novuhq/novu,TypeScript,37349,2302830391,7605,Human,2025-01-28T17:13:08Z,2025-01-29T10:18:54Z,fix,fix
771479895,lingodotdev/lingo.dev,TypeScript,2784,2568959025,840,Human,2025-06-05T02:56:41Z,2025-06-05T03:11:34Z,feat,feat
400215964,novuhq/novu,TypeScript,37349,2360037115,7792,Human,2025-02-26T15:55:37Z,2025-02-27T10:42:20Z,fix,fix
781914762,julep-ai/julep,Python,5629,2597594281,1488,Human,2025-06-17T05:26:41Z,2025-06-17T05:31:06Z,feat,feat
775743011,valkey-io/valkey,C,22399,2611071063,2258,Human,2025-06-23T09:49:37Z,2025-06-25T12:18:57Z,fix,fix
917358773,trycompai/comp,TypeScript,950,2430091602,233,Human,2025-03-31T23:12:54Z,2025-03-31T23:14:21Z,feat,feat
689765175,different-ai/note-companion,TypeScript,696,2381336121,357,Human,2025-03-10T06:28:13Z,2025-03-10T23:17:40Z,fix,fix
350360184,calcom/cal.com,TypeScript,37399,2406612160,20249,Human,2025-03-20T11:14:30Z,2025-03-20T13:02:32Z,fix,fix
350360184,calcom/cal.com,TypeScript,37399,2378492115,19834,Human,2025-03-07T12:17:55Z,2025-03-07T13:11:07Z,fix,fix
595832198,Helicone/helicone,TypeScript,4259,2515367164,3746,Human,2025-05-13T03:24:09Z,2025-05-13T03:27:24Z,feat,feat
39321023,prebid/Prebid.js,JavaScript,1467,2483312044,13035,Human,2025-04-26T15:10:53Z,2025-04-28T12:58:22Z,fix,fix
839216423,liam-hq/liam,TypeScript,4194,2430464925,1061,Human,2025-04-01T04:28:34Z,2025-04-01T06:34:14Z,feat,feat
945551361,cameroncooke/XcodeBuildMCP,TypeScript,2164,2578163660,62,Human,2025-06-09T11:33:37Z,2025-06-09T14:22:20Z,feat,feat
781914762,julep-ai/julep,Python,5629,2513299472,1362,Human,2025-05-12T09:39:12Z,2025-05-13T09:48:18Z,fix,fix
781914762,julep-ai/julep,Python,5629,2330651068,1151,Human,2025-02-12T08:31:57Z,2025-02-12T09:09:00Z,feat,feat
832879402,Kiln-AI/Kiln,Python,4015,2609550717,384,Human,2025-06-22T07:32:54Z,2025-06-23T19:04:42Z,refactor,refactor
647427819,langchain-ai/langsmith-sdk,Python,606,2482170552,1694,Human,2025-04-25T18:11:00Z,2025-04-25T18:41:21Z,feat,feat
894659403,goat-sdk/goat,TypeScript,798,2347860275,356,Human,2025-02-20T18:47:35Z,2025-02-20T18:48:11Z,refactor,refactor
771479895,lingodotdev/lingo.dev,TypeScript,2784,2299489393,426,Human,2025-01-27T09:57:59Z,2025-01-27T10:03:26Z,feat,feat
254328371,NangoHQ/nango,TypeScript,5463,2566915668,4156,Human,2025-06-04T10:47:09Z,2025-06-04T14:45:29Z,fix,fix
95743138,box/box-ui-elements,JavaScript,546,2555073679,4121,Human,2025-05-30T15:39:50Z,2025-05-30T18:34:46Z,fix,fix
39321023,prebid/Prebid.js,JavaScript,1467,2331904140,12756,Human,2025-02-12T17:22:21Z,2025-02-14T19:58:34Z,feat,feat
839216423,liam-hq/liam,TypeScript,4194,2470284233,1412,Human,2025-04-21T00:11:12Z,2025-04-21T03:17:17Z,fix,fix
430749584,OneKeyHQ/app-monorepo,TypeScript,1995,2344015270,6704,Human,2025-02-19T08:58:17Z,2025-02-20T07:41:02Z,refactor,refactor
710601088,crewAIInc/crewAI,Python,35096,2300966476,1987,Human,2025-01-27T22:38:01Z,2025-01-27T22:41:26Z,fix,fix
803014189,better-auth/better-auth,TypeScript,18111,2273136421,1202,Human,2025-01-13T07:08:57Z,2025-02-14T09:25:36Z,feat,feat
178976529,bentoml/BentoML,Python,7934,2383761721,5268,Human,2025-03-11T03:31:17Z,2025-03-11T16:34:08Z,feat,feat
710601088,crewAIInc/crewAI,Python,35096,2315788773,2029,Human,2025-02-04T17:41:27Z,2025-02-04T21:46:49Z,feat,feat
430749584,OneKeyHQ/app-monorepo,TypeScript,1995,2367887564,6770,Human,2025-03-03T11:24:07Z,2025-03-03T13:20:29Z,fix,fix
764642350,stack-auth/stack-auth,TypeScript,6033,2334756466,437,Human,2025-02-13T21:16:21Z,2025-02-14T01:02:25Z,fix,fix
781914762,julep-ai/julep,Python,5629,2483429223,1340,Human,2025-04-26T17:31:56Z,2025-04-28T10:38:02Z,fix,fix
710601088,crewAIInc/crewAI,Python,35096,2532696552,2869,Human,2025-05-20T21:52:07Z,2025-05-21T17:47:41Z,feat,feat
460609164,writer/writer-framework,Python,1414,2551797459,898,Human,2025-05-29T10:32:11Z,2025-05-29T11:26:22Z,feat,feat
959682770,antiwork/gumroad,Ruby,6643,2482835507,170,Human,2025-04-26T04:14:17Z,2025-04-27T18:24:49Z,feat,feat
28928522,wolfSSL/wolfssl,C,2562,2271531853,8351,Human,2025-01-10T22:28:02Z,2025-01-21T18:56:13Z,fix,fix
710601088,crewAIInc/crewAI,Python,35096,2543469021,2905,Human,2025-05-26T09:10:26Z,2025-06-23T17:58:16Z,feat,feat
826170402,elizaOS/eliza,TypeScript,16507,2321077543,3345,Human,2025-02-06T23:04:09Z,2025-02-06T23:04:29Z,fix,fix
275993885,appsmithorg/appsmith,TypeScript,37596,2408802527,39847,Human,2025-03-21T07:53:45Z,2025-03-21T12:00:53Z,feat,feat
784546140,jina-ai/reader,TypeScript,9021,2356229289,1152,Human,2025-02-25T10:06:40Z,2025-02-25T10:11:08Z,fix,fix
820087727,onlook-dev/onlook,TypeScript,21192,2285521556,1059,Human,2025-01-18T07:00:02Z,2025-01-18T08:07:28Z,feat,feat
136202695,mlflow/mlflow,Python,21402,2530634034,15809,Human,2025-05-20T07:29:32Z,2025-05-20T08:44:16Z,fix,fix
29301872,OpenHFT/Chronicle-Wire,Java,557,2554887063,1092,Human,2025-05-30T14:17:26Z,2025-05-30T14:18:14Z,refactor,refactor
274495425,remotion-dev/remotion,TypeScript,23319,2427494322,5072,Human,2025-03-30T10:49:15Z,2025-03-30T12:02:07Z,feat,feat
820087727,onlook-dev/onlook,TypeScript,21192,2285783462,1062,Human,2025-01-18T18:43:11Z,2025-01-19T07:39:43Z,fix,fix
820087727,onlook-dev/onlook,TypeScript,21192,2578221138,2118,Human,2025-06-09T12:01:31Z,2025-06-11T16:59:18Z,feat,feat
7741856,pixijs/pixijs,TypeScript,45473,2284373942,11209,Human,2025-01-17T13:53:19Z,2025-01-23T12:47:31Z,fix,fix
781914762,julep-ai/julep,Python,5629,2436920877,1305,Human,2025-04-03T12:36:31Z,2025-04-09T05:13:40Z,feat,feat
265001214,tokens-studio/figma-plugin,TypeScript,1469,2470198455,3326,Human,2025-04-20T19:49:10Z,2025-04-29T18:31:55Z,feat,feat
87490037,commaai/panda,C,1608,2352002275,2162,Human,2025-02-23T09:59:30Z,2025-02-23T19:39:36Z,feat,feat
955904085,antiwork/flexile,Ruby,665,2499995598,267,Human,2025-05-05T23:08:13Z,2025-05-08T00:04:02Z,feat,feat
756594023,bruin-data/ingestr,Python,3047,2367863021,140,Human,2025-03-03T11:12:45Z,2025-03-03T11:22:32Z,feat,feat
873328,getsentry/sentry,Python,41579,2374801945,86438,Human,2025-03-05T22:39:12Z,2025-03-06T16:57:20Z,fix,fix
679017521,AgentOps-AI/agentops,Python,4722,2389875437,817,Human,2025-03-13T05:35:38Z,2025-03-13T05:37:06Z,feat,feat
963547829,Shopify/roast,Ruby,754,2608978890,294,Human,2025-06-21T11:53:37Z,2025-06-23T17:13:30Z,fix,fix
430749584,OneKeyHQ/app-monorepo,TypeScript,1995,2478411367,7208,Human,2025-04-24T08:31:57Z,2025-04-27T00:36:14Z,fix,fix
959682770,antiwork/gumroad,Ruby,6643,2510590533,229,Human,2025-05-09T21:27:06Z,2025-05-09T21:42:28Z,fix,fix
338529997,gridaco/grida,TypeScript,2138,2472725500,307,Human,2025-04-22T06:55:24Z,2025-04-22T07:04:10Z,feat,feat
167828165,ArthurSonzogni/FTXUI,C++,8551,2417932411,1015,Human,2025-03-25T22:52:58Z,2025-06-04T13:02:20Z,feat,feat
32944298,Z3Prover/z3,C++,11228,2333515420,7553,Human,2025-02-13T11:11:45Z,2025-02-13T16:46:08Z,fix,fix
23247808,rqlite/rqlite,Go,16816,2622856944,2126,Human,2025-06-27T01:48:01Z,2025-06-27T11:57:15Z,feat,feat
463116412,seasonedcc/remix-forms,TypeScript,517,2259551217,257,Human,2025-01-03T17:10:38Z,2025-01-05T14:01:33Z,feat,feat
23247808,rqlite/rqlite,Go,16816,2294687128,2034,Human,2025-01-23T14:54:21Z,2025-01-23T15:02:56Z,fix,fix
955904085,antiwork/flexile,Ruby,665,2461949788,151,Human,2025-04-15T22:48:44Z,2025-04-15T22:57:25Z,fix,fix
860100131,microsoft/typescript-go,Go,21439,2323195205,296,Human,2025-02-07T22:00:35Z,2025-02-12T04:30:05Z,feat,feat
614765452,Significant-Gravitas/AutoGPT,Python,177379,2506495465,9921,Human,2025-05-08T09:05:32Z,2025-05-09T07:09:38Z,fix,fix
70107786,vercel/next.js,JavaScript,133524,2470275158,78358,Human,2025-04-20T23:44:10Z,2025-04-25T18:35:54Z,feat,feat
959682770,antiwork/gumroad,Ruby,6643,2624049871,475,Human,2025-06-27T11:13:27Z,2025-06-27T11:46:37Z,refactor,refactor
853101072,satmihir/fair,Go,761,2260010165,13,Human,2025-01-04T05:00:57Z,2025-01-04T05:47:08Z,refactor,refactor
4127088,Azure/azure-sdk-for-python,Python,5011,2520384434,41102,Human,2025-05-14T21:27:40Z,2025-05-14T22:15:10Z,fix,fix
917974798,sam-goodwin/alchemy,TypeScript,750,2509409023,159,Human,2025-05-09T11:42:09Z,2025-05-09T12:01:07Z,fix,fix
826170402,elizaOS/eliza,TypeScript,16507,2338146242,3526,Human,2025-02-16T10:02:07Z,2025-02-18T00:04:10Z,refactor,refactor
400215964,novuhq/novu,TypeScript,37349,2501448047,8249,Human,2025-05-06T12:21:03Z,2025-05-07T07:31:51Z,feat,feat
886912514,ag2ai/ag2,Python,3135,2304936326,703,Human,2025-01-29T16:09:42Z,2025-01-31T08:15:29Z,fix,fix
839216423,liam-hq/liam,TypeScript,4194,2435895059,1096,Human,2025-04-03T04:15:59Z,2025-04-03T05:11:10Z,feat,feat
710601088,crewAIInc/crewAI,Python,35096,2499368647,2758,Human,2025-05-05T17:38:29Z,2025-05-05T19:22:32Z,feat,feat
408858330,raycast/extensions,TypeScript,6499,2543693911,19418,Human,2025-05-26T10:45:48Z,2025-05-27T06:29:14Z,feat,feat
597502256,keephq/keep,Python,10563,2595735918,5037,Human,2025-06-16T13:23:12Z,2025-06-17T07:17:27Z,fix,fix
859537060,antiwork/shortest,TypeScript,5179,2269358739,267,Human,2025-01-09T22:49:26Z,2025-01-09T22:54:03Z,fix,fix
826170402,elizaOS/eliza,TypeScript,16507,2302011032,2905,Human,2025-01-28T11:34:57Z,2025-01-28T13:03:29Z,fix,fix
764642350,stack-auth/stack-auth,TypeScript,6033,2408303211,566,Human,2025-03-21T01:08:16Z,2025-03-21T01:24:19Z,feat,feat
4127088,Azure/azure-sdk-for-python,Python,5011,2449032917,40443,Human,2025-04-09T16:15:25Z,2025-04-09T17:40:42Z,feat,feat
710601088,crewAIInc/crewAI,Python,35096,2315421154,2027,Human,2025-02-04T14:48:15Z,2025-02-19T11:52:31Z,feat,feat
839216423,liam-hq/liam,TypeScript,4194,2610399896,2139,Human,2025-06-23T04:52:08Z,2025-06-23T07:12:29Z,feat,feat
710601088,crewAIInc/crewAI,Python,35096,2374803772,2291,Human,2025-03-05T22:40:15Z,2025-03-20T16:48:03Z,fix,fix
820087727,onlook-dev/onlook,TypeScript,21192,2550794181,1950,Human,2025-05-28T23:16:31Z,2025-05-29T01:40:51Z,feat,feat
10458362,rsyslog/rsyslog,C,2165,2578855898,5676,Human,2025-06-09T16:28:47Z,2025-06-10T06:13:37Z,fix,fix
945671748,openops-cloud/openops,TypeScript,908,2404761084,268,Human,2025-03-19T19:13:30Z,2025-03-19T19:16:40Z,fix,fix
771479895,lingodotdev/lingo.dev,TypeScript,2784,2349971986,487,Human,2025-02-21T15:49:28Z,2025-02-24T13:41:36Z,feat,feat
172703996,spcl/dace,Python,544,2364953101,1958,Human,2025-02-28T16:23:21Z,2025-03-04T13:22:25Z,fix,fix
820087727,onlook-dev/onlook,TypeScript,21192,2275295938,1042,Human,2025-01-13T22:00:03Z,2025-01-13T22:17:56Z,fix,fix
820087727,onlook-dev/onlook,TypeScript,21192,2576301351,2108,Human,2025-06-08T04:49:22Z,2025-06-08T17:51:39Z,fix,fix
832879402,Kiln-AI/Kiln,Python,4015,2340845626,205,Human,2025-02-18T01:26:25Z,2025-02-18T01:31:51Z,refactor,refactor
781914762,julep-ai/julep,Python,5629,2496866596,1352,Human,2025-05-03T13:40:02Z,2025-05-03T15:55:20Z,feat,feat
39321023,prebid/Prebid.js,JavaScript,1467,2259390052,12615,Human,2025-01-03T15:06:14Z,2025-01-08T16:27:10Z,fix,fix
839216423,liam-hq/liam,TypeScript,4194,2470705622,1422,Human,2025-04-21T07:27:51Z,2025-04-24T03:43:17Z,fix,fix
463116412,seasonedcc/remix-forms,TypeScript,517,2292882220,287,Human,2025-01-22T18:42:42Z,2025-01-22T18:47:46Z,fix,fix
955904085,antiwork/flexile,Ruby,665,2455507507,115,Human,2025-04-12T17:14:35Z,2025-04-13T12:34:18Z,refactor,refactor
764723738,Skyvern-AI/skyvern,Python,13976,2334155600,1767,Human,2025-02-13T15:50:37Z,2025-02-13T16:00:19Z,feat,feat
879473096,bespokelabsai/curator,Python,1465,2466713034,645,Human,2025-04-17T18:35:11Z,2025-04-22T06:00:32Z,feat,feat
955904085,antiwork/flexile,Ruby,665,2461752403,145,Human,2025-04-15T20:56:24Z,2025-04-15T21:12:20Z,fix,fix
283046497,airbytehq/airbyte,Python,19011,2426982512,56600,Human,2025-03-29T15:29:44Z,2025-03-29T18:11:57Z,fix,fix
526514610,dust-tt/dust,TypeScript,1171,2451114272,11897,Human,2025-04-10T13:07:38Z,2025-04-11T07:42:30Z,fix,fix
41881900,microsoft/vscode,TypeScript,175171,2390573528,243441,Human,2025-03-13T10:53:15Z,2025-03-13T11:07:49Z,feat,feat
689765175,different-ai/note-companion,TypeScript,696,2395358807,367,Human,2025-03-15T14:13:30Z,2025-03-22T19:06:57Z,feat,feat
710601088,crewAIInc/crewAI,Python,35096,2317866012,2035,Human,2025-02-05T15:10:17Z,2025-02-05T15:55:10Z,fix,fix
274495425,remotion-dev/remotion,TypeScript,23319,2393881129,5014,Human,2025-03-14T14:57:51Z,2025-03-14T16:37:15Z,refactor,refactor
762304524,ComposioHQ/composio,TypeScript,25592,2619396018,1700,Human,2025-06-25T21:24:42Z,2025-06-25T22:32:23Z,fix,fix
29301872,OpenHFT/Chronicle-Wire,Java,557,2554736552,1063,Human,2025-05-30T13:09:50Z,2025-05-30T13:10:04Z,refactor,refactor
136202695,mlflow/mlflow,Python,21402,2478962352,15481,Human,2025-04-24T12:23:41Z,2025-04-25T01:36:38Z,refactor,refactor
839216423,liam-hq/liam,TypeScript,4194,2397097396,918,Human,2025-03-17T08:40:30Z,2025-03-18T07:19:35Z,feat,feat
338529997,gridaco/grida,TypeScript,2138,2533327793,349,Human,2025-05-21T06:00:10Z,2025-05-21T16:11:29Z,feat,feat
764642350,stack-auth/stack-auth,TypeScript,6033,2487105413,658,Human,2025-04-28T22:04:34Z,2025-04-30T22:31:16Z,refactor,refactor
368236463,syntasso/kratix,Go,623,2590810979,529,Human,2025-06-13T17:01:14Z,2025-06-16T11:11:01Z,fix,fix
958026130,featureform/enrichmcp,Python,583,2474912280,22,Human,2025-04-23T02:53:20Z,2025-04-23T13:41:14Z,fix,fix
430749584,OneKeyHQ/app-monorepo,TypeScript,1995,2358966316,6743,Human,2025-02-26T09:36:34Z,2025-02-27T03:03:54Z,feat,feat
839216423,liam-hq/liam,TypeScript,4194,2535711553,1733,Human,2025-05-22T00:18:51Z,2025-05-22T08:52:32Z,feat,feat
95743138,box/box-ui-elements,JavaScript,546,2275106173,3840,Human,2025-01-13T20:39:06Z,2025-01-13T20:57:04Z,fix,fix
234231371,gofiber/fiber,Go,37269,2522491150,3457,Human,2025-05-15T15:35:41Z,2025-05-18T13:08:03Z,fix,fix
29933948,fluent/fluent-bit,C,7110,2550767144,10397,Human,2025-05-28T22:53:51Z,2025-05-28T23:32:56Z,feat,feat
955904085,antiwork/flexile,Ruby,665,2510652202,290,Human,2025-05-09T22:19:33Z,2025-05-09T23:55:49Z,feat,feat
953558104,badtuxx/girus-cli,Go,2054,2435240172,36,Human,2025-04-02T21:05:06Z,2025-04-05T11:31:57Z,feat,feat
529729250,thirdweb-dev/js,TypeScript,538,2568280362,7273,Human,2025-06-04T19:39:05Z,2025-06-04T20:23:29Z,feat,feat
689765175,different-ai/note-companion,TypeScript,696,2477679801,394,Human,2025-04-24T01:46:55Z,2025-04-24T01:47:13Z,feat,feat
314197645,zenml-io/zenml,Python,4768,2370988347,3389,Human,2025-03-04T14:15:07Z,2025-03-04T14:17:06Z,fix,fix
519859998,toeverything/AFFiNE,TypeScript,53813,2491128535,12095,Human,2025-04-30T10:38:33Z,2025-05-06T08:13:20Z,feat,feat
839216423,liam-hq/liam,TypeScript,4194,2470509379,1418,Human,2025-04-21T05:05:33Z,2025-04-21T09:33:33Z,feat,feat
3084583,mattiasw/ExifReader,JavaScript,892,2367903236,479,Human,2025-03-03T11:31:38Z,2025-03-03T11:44:42Z,fix,fix
275993885,appsmithorg/appsmith,TypeScript,37596,2428619670,39982,Human,2025-03-31T10:34:20Z,2025-04-02T06:18:36Z,fix,fix
839216423,liam-hq/liam,TypeScript,4194,2438773745,1141,Human,2025-04-04T07:24:15Z,2025-04-04T07:40:21Z,fix,fix
440485399,Igalia/wolvic,Java,898,2393313048,1808,Human,2025-03-14T10:33:23Z,2025-03-21T09:48:21Z,feat,feat
945671748,openops-cloud/openops,TypeScript,908,2539969138,682,Human,2025-05-23T14:02:08Z,2025-05-23T15:45:45Z,fix,fix
274495425,remotion-dev/remotion,TypeScript,23319,2380115741,4985,Human,2025-03-08T10:06:28Z,2025-03-08T10:06:38Z,feat,feat
275993885,appsmithorg/appsmith,TypeScript,37596,2400197506,39764,Human,2025-03-18T08:59:31Z,2025-03-24T13:08:50Z,feat,feat
265001214,tokens-studio/figma-plugin,TypeScript,1469,2376096398,3283,Human,2025-03-06T11:36:03Z,2025-03-07T09:37:42Z,fix,fix
859537060,antiwork/shortest,TypeScript,5179,2357562642,365,Human,2025-02-25T19:23:48Z,2025-02-25T19:31:38Z,fix,fix
939984036,syedazharmbnr1/claude-chatgpt-mcp,JavaScript,709,2427144857,3,Human,2025-03-29T18:22:11Z,2025-05-20T09:00:32Z,feat,feat
955904085,antiwork/flexile,Ruby,665,2437828803,60,Human,2025-04-03T19:10:09Z,2025-04-03T19:31:45Z,fix,fix
400215964,novuhq/novu,TypeScript,37349,2445814938,8093,Human,2025-04-08T12:42:55Z,2025-04-08T17:14:20Z,fix,fix
959063625,ibelick/zola,TypeScript,960,2451037034,49,Human,2025-04-10T12:41:57Z,2025-04-10T12:42:06Z,feat,feat
13696235,effekseer/Effekseer,C++,1567,2504403825,1042,Human,2025-05-07T13:28:12Z,2025-05-07T13:28:18Z,feat,feat
472313202,cornerstonejs/cornerstone3D,TypeScript,773,2385053787,1892,Human,2025-03-11T12:55:17Z,2025-03-11T15:29:56Z,fix,fix
781914762,julep-ai/julep,Python,5629,2361949938,1190,Human,2025-02-27T11:28:09Z,2025-02-27T12:12:58Z,fix,fix
720209383,CapSoftware/Cap,TypeScript,10645,2259135596,233,Human,2025-01-03T11:48:30Z,2025-01-03T11:59:55Z,fix,fix
39321023,prebid/Prebid.js,JavaScript,1467,2266669110,12630,Human,2025-01-08T17:17:42Z,2025-01-13T20:47:54Z,feat,feat
114798676,Azure/azure-storage-azcopy,Go,647,2466653361,3025,Human,2025-04-17T17:55:51Z,2025-04-17T17:56:00Z,feat,feat
95743138,box/box-ui-elements,JavaScript,546,2618547837,4161,Human,2025-06-25T15:08:42Z,2025-06-27T17:24:18Z,feat,feat
955904085,antiwork/flexile,Ruby,665,2459738243,137,Human,2025-04-15T06:51:48Z,2025-04-16T12:10:35Z,refactor,refactor
771479895,lingodotdev/lingo.dev,TypeScript,2784,2444428655,610,Human,2025-04-07T22:05:31Z,2025-04-07T22:53:49Z,fix,fix
482225540,busser/tfautomv,Go,839,2573546322,113,Human,2025-06-06T13:49:08Z,2025-06-06T13:58:41Z,feat,feat
820087727,onlook-dev/onlook,TypeScript,21192,2617130104,2276,Human,2025-06-25T06:36:14Z,2025-06-25T06:36:35Z,fix,fix
955904085,antiwork/flexile,Ruby,665,2435215429,55,Human,2025-04-02T20:51:29Z,2025-04-02T22:01:45Z,fix,fix
820087727,onlook-dev/onlook,TypeScript,21192,2597381928,2223,Human,2025-06-17T02:48:02Z,2025-06-17T17:18:07Z,fix,fix
959682770,antiwork/gumroad,Ruby,6643,2492206264,192,Human,2025-04-30T18:04:00Z,2025-04-30T18:18:03Z,fix,fix
463116412,seasonedcc/remix-forms,TypeScript,517,2292235540,286,Human,2025-01-22T13:19:28Z,2025-01-22T13:25:41Z,fix,fix
48009214,microsoft/react-native-windows,C++,16932,2535646824,14695,Human,2025-05-21T23:16:45Z,2025-05-23T16:48:27Z,fix,fix
39321023,prebid/Prebid.js,JavaScript,1467,2352938514,12801,Human,2025-02-24T08:14:04Z,2025-02-27T13:43:29Z,fix,fix
172811550,cartography-cncf/cartography,Python,3491,2437191001,1513,Human,2025-04-03T14:13:07Z,2025-04-03T19:17:09Z,fix,fix
710601088,crewAIInc/crewAI,Python,35096,2461866602,2615,Human,2025-04-15T21:54:12Z,2025-04-16T13:18:26Z,feat,feat
275993885,appsmithorg/appsmith,TypeScript,37596,2339003810,39307,Human,2025-02-17T07:33:29Z,2025-02-21T13:22:36Z,feat,feat
492128644,whitphx/stlite,TypeScript,1446,2270388507,1243,Human,2025-01-10T12:24:16Z,2025-01-10T13:26:12Z,fix,fix
710601088,crewAIInc/crewAI,Python,35096,2377969663,2304,Human,2025-03-07T07:51:38Z,2025-03-21T18:48:26Z,feat,feat
350360184,calcom/cal.com,TypeScript,37399,2349856962,19445,Human,2025-02-21T14:58:19Z,2025-02-24T16:11:41Z,fix,fix
460609164,writer/writer-framework,Python,1414,2449472145,817,Human,2025-04-09T20:00:43Z,2025-04-09T20:17:40Z,fix,fix
32944298,Z3Prover/z3,C++,11228,2304798540,7537,Human,2025-01-29T15:08:23Z,2025-01-29T17:43:57Z,fix,fix
839216423,liam-hq/liam,TypeScript,4194,2572985494,1920,Human,2025-06-06T09:34:31Z,2025-06-10T06:14:11Z,refactor,refactor
710601088,crewAIInc/crewAI,Python,35096,2419596001,2479,Human,2025-03-26T14:18:58Z,2025-03-26T14:35:12Z,feat,feat
41881900,microsoft/vscode,TypeScript,175171,2418784872,244717,Human,2025-03-26T09:24:52Z,2025-03-26T09:44:40Z,fix,fix
29301872,OpenHFT/Chronicle-Wire,Java,557,2559854048,1139,Human,2025-06-02T09:04:21Z,2025-06-02T09:04:32Z,fix,fix
13696235,effekseer/Effekseer,C++,1567,2497426154,1041,Human,2025-05-04T17:55:43Z,2025-05-07T13:26:55Z,feat,feat
63476337,TheAlgorithms/Python,Python,203424,2467788242,12676,Human,2025-04-18T08:26:45Z,2025-05-21T18:33:29Z,feat,feat
860100131,microsoft/typescript-go,Go,21439,2597008529,1204,Human,2025-06-16T21:53:19Z,2025-06-16T22:24:05Z,fix,fix
873328,getsentry/sentry,Python,41579,2438086945,88748,Human,2025-04-03T21:36:59Z,2025-04-04T15:10:57Z,fix,fix
633927609,promptfoo/promptfoo,TypeScript,7809,2439009094,3593,Human,2025-04-04T09:25:41Z,2025-04-04T14:53:45Z,fix,fix
274495425,remotion-dev/remotion,TypeScript,23319,2495170138,5222,Human,2025-05-02T08:14:20Z,2025-05-02T08:36:26Z,feat,feat
678526156,marimo-team/marimo,Python,14933,2489510452,4733,Human,2025-04-29T17:28:00Z,2025-04-29T17:53:17Z,feat,feat
917974798,sam-goodwin/alchemy,TypeScript,750,2578019772,330,Human,2025-06-09T10:25:57Z,2025-06-10T21:06:45Z,feat,feat
896296825,jlowin/fastmcp,Python,15491,2576026392,748,Human,2025-06-07T22:40:09Z,2025-06-11T00:47:43Z,feat,feat
705022737,tegnike/aituber-kit,TypeScript,698,2469761206,360,Human,2025-04-19T20:35:32Z,2025-04-23T10:36:37Z,feat,feat
828119367,yamadashy/repomix,TypeScript,18206,2501146285,534,Human,2025-05-06T10:18:54Z,2025-05-10T10:38:23Z,feat,feat
381857226,microsoft/typespec,Java,5285,2478537850,7115,Human,2025-04-24T09:26:19Z,2025-05-06T16:47:13Z,feat,feat
820087727,onlook-dev/onlook,TypeScript,21192,2568682026,2042,Human,2025-06-04T23:21:56Z,2025-06-05T01:09:11Z,feat,feat
839216423,liam-hq/liam,TypeScript,4194,2610638983,2148,Human,2025-06-23T07:05:54Z,2025-06-24T03:46:55Z,feat,feat
952688112,microsoft/playwright-mcp,TypeScript,15934,2537364405,461,Human,2025-05-22T14:19:48Z,2025-05-23T22:13:34Z,fix,fix
13050340,OpenHFT/Java-Runtime-Compiler,Java,690,2369891473,148,Human,2025-03-04T07:13:08Z,2025-03-12T09:00:48Z,feat,feat
832879402,Kiln-AI/Kiln,Python,4015,2315875250,155,Human,2025-02-04T18:25:44Z,2025-02-04T20:52:33Z,feat,feat
305144746,tinygrad/tinygrad,Python,29760,2538594489,10476,Human,2025-05-23T02:05:46Z,2025-05-23T03:22:07Z,fix,fix
275993885,appsmithorg/appsmith,TypeScript,37596,2328702914,39171,Human,2025-02-11T13:06:42Z,2025-02-25T11:50:11Z,feat,feat
39321023,prebid/Prebid.js,JavaScript,1467,2443896859,12972,Human,2025-04-07T17:16:23Z,2025-04-08T13:32:51Z,feat,feat
839216423,liam-hq/liam,TypeScript,4194,2389886924,881,Human,2025-03-13T05:45:55Z,2025-03-13T06:18:37Z,feat,feat
781914762,julep-ai/julep,Python,5629,2481519847,1335,Human,2025-04-25T12:51:29Z,2025-04-26T05:14:26Z,fix,fix
542017915,Kanaries/graphic-walker,TypeScript,2898,2542856266,453,Human,2025-05-26T02:36:53Z,2025-05-30T05:00:33Z,fix,fix
31625029,zeroc-ice/ice,C++,2124,2410702934,3760,Human,2025-03-21T23:09:05Z,2025-03-22T15:29:26Z,fix,fix
820087727,onlook-dev/onlook,TypeScript,21192,2600573974,2234,Human,2025-06-18T05:39:57Z,2025-06-18T05:41:06Z,fix,fix
826170402,elizaOS/eliza,TypeScript,16507,2466104282,4310,Human,2025-04-17T13:29:15Z,2025-04-18T00:57:45Z,feat,feat
114798676,Azure/azure-storage-azcopy,Go,647,2612742406,3100,Human,2025-06-23T20:40:16Z,2025-06-23T20:41:02Z,feat,feat
839216423,liam-hq/liam,TypeScript,4194,2389485618,877,Human,2025-03-13T00:37:34Z,2025-03-13T03:16:07Z,feat,feat
509436902,PriorLabs/TabPFN,Python,4181,2609727053,332,Human,2025-06-22T13:20:47Z,2025-06-22T20:00:35Z,fix,fix
820087727,onlook-dev/onlook,TypeScript,21192,2591490604,2190,Human,2025-06-13T22:13:48Z,2025-06-13T22:14:03Z,feat,feat
39321023,prebid/Prebid.js,JavaScript,1467,2419055321,12924,Human,2025-03-26T11:06:49Z,2025-03-31T13:38:18Z,feat,feat
526514610,dust-tt/dust,TypeScript,1171,2516588693,12584,Human,2025-05-13T13:07:28Z,2025-05-13T13:40:43Z,feat,feat
254328371,NangoHQ/nango,TypeScript,5463,2494441699,3987,Human,2025-05-01T20:01:28Z,2025-05-02T16:58:35Z,feat,feat
710601088,crewAIInc/crewAI,Python,35096,2565281191,2948,Human,2025-06-03T21:16:29Z,2025-06-04T13:47:15Z,fix,fix
722184017,assistant-ui/assistant-ui,TypeScript,5475,2323438273,1553,Human,2025-02-08T03:15:40Z,2025-02-08T03:15:47Z,fix,fix
254328371,NangoHQ/nango,TypeScript,5463,2499016179,3997,Human,2025-05-05T14:57:11Z,2025-05-08T14:40:08Z,feat,feat
764642350,stack-auth/stack-auth,TypeScript,6033,2412240940,571,Human,2025-03-23T21:20:03Z,2025-06-23T21:55:38Z,feat,feat
642497346,langfuse/langfuse,TypeScript,14483,2518452739,6817,Human,2025-05-14T07:39:07Z,2025-05-14T07:54:08Z,fix,fix
136202695,mlflow/mlflow,Python,21402,2539193736,15859,Human,2025-05-23T08:26:44Z,2025-05-26T07:54:16Z,fix,fix
710601088,crewAIInc/crewAI,Python,35096,2343048840,2159,Human,2025-02-18T20:10:47Z,2025-02-18T21:10:12Z,fix,fix
156939672,microsoft/onnxruntime,C++,17361,2424549019,24229,Human,2025-03-28T07:59:26Z,2025-04-07T20:13:21Z,fix,fix
167828165,ArthurSonzogni/FTXUI,C++,8551,2327275375,999,Human,2025-02-10T21:51:25Z,2025-02-10T21:51:31Z,fix,fix
542017915,Kanaries/graphic-walker,TypeScript,2898,2542857486,454,Human,2025-05-26T02:38:06Z,2025-05-26T04:38:20Z,feat,feat
587050620,stanfordnlp/dspy,Python,26818,2363562560,7877,Human,2025-02-28T02:25:21Z,2025-02-28T02:29:17Z,fix,fix
535751429,wizarrrr/wizarr,Python,2081,2582195311,614,Human,2025-06-10T18:31:35Z,2025-06-10T19:07:37Z,feat,feat
50724711,catatsuy/private-isu,JavaScript,528,2484129541,616,Human,2025-04-27T09:45:47Z,2025-04-27T11:02:10Z,feat,feat
13696235,effekseer/Effekseer,C++,1567,2542348118,1050,Human,2025-05-25T10:30:20Z,2025-05-25T12:08:17Z,fix,fix
720267554,dotenvx/dotenvx,JavaScript,4114,2608199324,613,Human,2025-06-20T18:40:11Z,2025-06-20T18:43:27Z,feat,feat
771479895,lingodotdev/lingo.dev,TypeScript,2784,2274270963,372,Human,2025-01-13T15:59:28Z,2025-01-13T15:59:44Z,fix,fix
839216423,liam-hq/liam,TypeScript,4194,2439248961,1157,Human,2025-04-04T11:10:46Z,2025-04-04T11:50:25Z,fix,fix
859537060,antiwork/shortest,TypeScript,5179,2280600678,274,Human,2025-01-16T00:52:00Z,2025-01-16T01:21:06Z,fix,fix
381857226,microsoft/typespec,Java,5285,2414812043,6652,Human,2025-03-24T21:02:41Z,2025-03-25T20:05:36Z,fix,fix
839216423,liam-hq/liam,TypeScript,4194,2540315683,1759,Human,2025-05-23T16:14:54Z,2025-05-27T04:49:23Z,fix,fix
781914762,julep-ai/julep,Python,5629,2402507335,1268,Human,2025-03-19T02:54:32Z,2025-03-19T09:14:34Z,feat,feat
266445736,owncast/owncast,Go,10375,2283326543,4125,Human,2025-01-17T03:07:21Z,2025-01-17T05:11:00Z,fix,fix
41881900,microsoft/vscode,TypeScript,175171,2298482475,238788,Human,2025-01-26T08:32:43Z,2025-01-27T10:10:43Z,fix,fix
120650407,operator-framework/operator-sdk,Go,7471,2517155372,6935,Human,2025-05-13T16:45:15Z,2025-05-13T16:57:28Z,fix,fix
828119367,yamadashy/repomix,TypeScript,18206,2414027326,434,Human,2025-03-24T15:07:39Z,2025-03-24T15:25:07Z,feat,feat
917974798,sam-goodwin/alchemy,TypeScript,750,2600162783,410,Human,2025-06-18T00:04:03Z,2025-06-20T08:49:19Z,feat,feat
710601088,crewAIInc/crewAI,Python,35096,2343359978,2161,Human,2025-02-18T23:44:56Z,2025-02-19T15:12:52Z,feat,feat
92912604,commaai/opendbc,Python,2457,2396233901,2010,Human,2025-03-16T17:16:10Z,2025-03-25T19:36:18Z,feat,feat
274495425,remotion-dev/remotion,TypeScript,23319,2563879374,5349,Human,2025-06-03T12:59:48Z,2025-06-03T13:05:04Z,feat,feat
39321023,prebid/Prebid.js,JavaScript,1467,2376571152,12839,Human,2025-03-06T15:13:16Z,2025-04-11T19:52:21Z,feat,feat
614765452,Significant-Gravitas/AutoGPT,Python,177379,2387062321,9620,Human,2025-03-12T05:37:40Z,2025-03-14T17:36:06Z,feat,feat
781914762,julep-ai/julep,Python,5629,2355805138,1185,Human,2025-02-25T07:35:41Z,2025-02-25T07:46:12Z,feat,feat
839216423,liam-hq/liam,TypeScript,4194,2598350832,2050,Human,2025-06-17T10:26:09Z,2025-06-17T12:53:24Z,fix,fix
781914762,julep-ai/julep,Python,5629,2610958081,1500,Human,2025-06-23T09:08:57Z,2025-06-26T11:31:40Z,feat,feat
839216423,liam-hq/liam,TypeScript,4194,2548674313,1802,Human,2025-05-28T07:44:35Z,2025-05-29T02:46:45Z,fix,fix
10458362,rsyslog/rsyslog,C,2165,2299613217,5544,Human,2025-01-27T10:59:42Z,2025-01-28T07:37:38Z,fix,fix
572984571,twentyhq/twenty,TypeScript,34726,2432097538,11330,Human,2025-04-01T16:56:19Z,2025-04-03T11:44:32Z,feat,feat
787462297,Blaizzy/mlx-vlm,Python,1551,2272274981,179,Human,2025-01-11T21:48:06Z,2025-01-11T22:28:56Z,fix,fix
886899801,vlm-run/vlmrun-hub,Python,528,2262409494,50,Human,2025-01-06T18:05:27Z,2025-01-06T18:06:34Z,fix,fix
839216423,liam-hq/liam,TypeScript,4194,2469920799,1408,Human,2025-04-20T06:54:23Z,2025-05-02T01:54:17Z,feat,feat
781914762,julep-ai/julep,Python,5629,2344813558,1175,Human,2025-02-19T14:41:36Z,2025-02-20T10:04:06Z,fix,fix
18068542,xtermjs/xterm.js,TypeScript,18898,2264105494,5282,Human,2025-01-07T15:10:08Z,2025-01-08T17:34:04Z,fix,fix
764642350,stack-auth/stack-auth,TypeScript,6033,2348194449,454,Human,2025-02-20T22:06:50Z,2025-02-20T23:11:07Z,feat,feat
828119367,yamadashy/repomix,TypeScript,18206,2270707038,280,Human,2025-01-10T15:18:26Z,2025-01-10T15:24:46Z,feat,feat
28928522,wolfSSL/wolfssl,C,2562,2454490669,8661,Human,2025-04-11T18:20:03Z,2025-04-11T18:21:34Z,fix,fix
832879402,Kiln-AI/Kiln,Python,4015,2494991805,299,Human,2025-05-02T05:54:17Z,2025-05-02T15:59:41Z,fix,fix
137814779,getsentry/sentry-python,Python,2043,2327061220,4034,Human,2025-02-10T20:17:16Z,2025-02-11T15:36:00Z,fix,fix
41881900,microsoft/vscode,TypeScript,175171,2303799539,239061,Human,2025-01-29T06:40:35Z,2025-01-29T17:36:36Z,fix,fix
463116412,seasonedcc/remix-forms,TypeScript,517,2261630215,262,Human,2025-01-06T10:02:55Z,2025-01-07T20:00:00Z,feat,feat
39321023,prebid/Prebid.js,JavaScript,1467,2334051357,12761,Human,2025-02-13T15:08:33Z,2025-02-18T16:38:08Z,feat,feat
41881900,microsoft/vscode,TypeScript,175171,2624173152,252628,Human,2025-06-27T11:58:27Z,2025-06-27T12:14:44Z,refactor,refactor
881506708,RooCodeInc/Roo-Code,TypeScript,17756,2517835700,3582,Human,2025-05-13T23:29:09Z,2025-05-14T20:44:01Z,feat,feat
955904085,antiwork/flexile,Ruby,665,2508132568,283,Human,2025-05-08T21:38:09Z,2025-05-08T21:49:04Z,feat,feat
958026130,featureform/enrichmcp,Python,583,2489869522,30,Human,2025-04-29T20:25:29Z,2025-04-30T22:09:19Z,feat,feat
764642350,stack-auth/stack-auth,TypeScript,6033,2303486732,408,Human,2025-01-29T01:12:09Z,2025-02-08T01:31:04Z,feat,feat
694848632,joshyattridge/smart-money-concepts,Python,810,2369044945,73,Human,2025-03-03T20:30:40Z,2025-03-03T20:30:47Z,fix,fix
839216423,liam-hq/liam,TypeScript,4194,2508713269,1626,Human,2025-05-09T06:01:18Z,2025-05-09T08:40:57Z,refactor,refactor
602987603,tact-lang/tact,TypeScript,633,2539734895,3225,Human,2025-05-23T12:32:05Z,2025-05-23T12:51:13Z,feat,feat
614765452,Significant-Gravitas/AutoGPT,Python,177379,2279176635,9272,Human,2025-01-15T13:13:25Z,2025-01-17T11:58:28Z,feat,feat
820087727,onlook-dev/onlook,TypeScript,21192,2327100050,1331,Human,2025-02-10T20:39:48Z,2025-02-10T21:20:31Z,fix,fix
39321023,prebid/Prebid.js,JavaScript,1467,2274027926,12648,Human,2025-01-13T14:39:30Z,2025-02-24T19:49:04Z,feat,feat
121814210,primer/react,TypeScript,3613,2326481615,5679,Human,2025-02-10T15:57:34Z,2025-02-11T16:51:51Z,feat,feat
881506708,RooCodeInc/Roo-Code,TypeScript,17756,2452743881,2483,Human,2025-04-11T03:18:36Z,2025-04-15T20:51:52Z,feat,feat
673010778,roboflow/inference,Python,1824,2499298823,1236,Human,2025-05-05T17:07:41Z,2025-05-05T19:06:39Z,feat,feat
136202695,mlflow/mlflow,Python,21402,2566068573,16059,Human,2025-06-04T04:36:51Z,2025-06-04T07:47:38Z,feat,feat
959682770,antiwork/gumroad,Ruby,6643,2441256021,44,Human,2025-04-05T17:07:50Z,2025-04-12T14:03:22Z,fix,fix
917974798,sam-goodwin/alchemy,TypeScript,750,2471569510,73,Human,2025-04-21T16:04:23Z,2025-04-21T18:33:39Z,feat,feat
839216423,liam-hq/liam,TypeScript,4194,2490288026,1551,Human,2025-04-30T02:15:33Z,2025-04-30T02:33:05Z,feat,feat
400215964,novuhq/novu,TypeScript,37349,2328138753,7702,Human,2025-02-11T08:59:43Z,2025-02-12T12:21:19Z,feat,feat
638794799,pingdotgg/uploadthing,TypeScript,4846,2329360113,1146,Human,2025-02-11T17:46:33Z,2025-02-11T18:12:03Z,feat,feat
597502256,keephq/keep,Python,10563,2308425047,3245,Human,2025-01-31T07:00:10Z,2025-01-31T07:03:07Z,feat,feat
587050620,stanfordnlp/dspy,Python,26818,2523726246,8231,Human,2025-05-16T06:36:36Z,2025-05-19T02:37:48Z,feat,feat
400215964,novuhq/novu,TypeScript,37349,2504680709,8262,Human,2025-05-07T15:02:04Z,2025-05-16T09:10:13Z,feat,feat
820087727,onlook-dev/onlook,TypeScript,21192,2311342022,1220,Human,2025-02-02T17:45:13Z,2025-02-02T20:52:58Z,feat,feat
917358773,trycompai/comp,TypeScript,950,2494089419,492,Human,2025-05-01T16:21:51Z,2025-05-01T18:12:59Z,fix,fix
395140743,skypilot-org/skypilot,Python,8435,2540997654,5715,Human,2025-05-23T22:01:13Z,2025-05-23T22:18:38Z,fix,fix
314197645,zenml-io/zenml,Python,4768,2498593834,3636,Human,2025-05-05T12:15:43Z,2025-05-05T17:02:30Z,fix,fix
149765850,mvisonneau/gitlab-ci-pipelines-exporter,Go,1419,2403396065,995,Human,2025-03-19T10:53:07Z,2025-06-11T09:47:43Z,feat,feat
894659403,goat-sdk/goat,TypeScript,798,2289442731,255,Human,2025-01-21T09:39:05Z,2025-01-21T09:42:48Z,feat,feat
764642350,stack-auth/stack-auth,TypeScript,6033,2407568102,562,Human,2025-03-20T17:11:01Z,2025-04-24T01:19:40Z,fix,fix
764642350,stack-auth/stack-auth,TypeScript,6033,2388858042,533,Human,2025-03-12T18:02:25Z,2025-03-13T01:43:48Z,feat,feat
234231371,gofiber/fiber,Go,37269,2359797929,3331,Human,2025-02-26T14:26:40Z,2025-03-01T17:14:51Z,fix,fix
274495425,remotion-dev/remotion,TypeScript,23319,2271876464,4722,Human,2025-01-11T08:20:55Z,2025-01-13T10:33:17Z,feat,feat
710601088,crewAIInc/crewAI,Python,35096,2266347131,1864,Human,2025-01-08T14:34:37Z,2025-01-08T15:14:16Z,feat,feat
430749584,OneKeyHQ/app-monorepo,TypeScript,1995,2551575689,7444,Human,2025-05-29T08:52:18Z,2025-05-29T09:52:49Z,feat,feat
710601088,crewAIInc/crewAI,Python,35096,2287830791,1929,Human,2025-01-20T14:46:28Z,2025-01-21T05:55:27Z,fix,fix
787076358,mendableai/firecrawl,TypeScript,43970,2345558913,1206,Human,2025-02-19T21:07:54Z,2025-02-20T14:48:10Z,feat,feat
430749584,OneKeyHQ/app-monorepo,TypeScript,1995,2273644782,6502,Human,2025-01-13T11:52:43Z,2025-01-14T02:43:03Z,fix,fix
917974798,sam-goodwin/alchemy,TypeScript,750,2518037766,180,Human,2025-05-14T03:01:11Z,2025-05-14T04:39:32Z,feat,feat
23247808,rqlite/rqlite,Go,16816,2453843095,2064,Human,2025-04-11T13:28:13Z,2025-04-20T16:47:52Z,feat,feat
839216423,liam-hq/liam,TypeScript,4194,2572896050,1918,Human,2025-06-06T08:55:03Z,2025-06-09T02:19:08Z,refactor,refactor
95743138,box/box-ui-elements,JavaScript,546,2340107725,3936,Human,2025-02-17T16:02:31Z,2025-02-17T16:15:58Z,fix,fix
408858330,raycast/extensions,TypeScript,6499,2379518102,17659,Human,2025-03-07T21:53:21Z,2025-03-10T08:54:19Z,feat,feat
839216423,liam-hq/liam,TypeScript,4194,2477903510,1470,Human,2025-04-24T04:05:01Z,2025-04-25T05:49:38Z,fix,fix
959682770,antiwork/gumroad,Ruby,6643,2454485245,103,Human,2025-04-11T18:17:40Z,2025-04-14T14:07:51Z,refactor,refactor
26785339,SchemaStore/schemastore,JavaScript,3439,2403694659,4580,Human,2025-03-19T12:49:16Z,2025-03-19T16:11:20Z,feat,feat
947387660,leonardsellem/n8n-mcp-server,TypeScript,1041,2561501651,20,Human,2025-06-02T18:09:00Z,2025-06-02T18:11:51Z,fix,fix
860100131,microsoft/typescript-go,Go,21439,2345630359,370,Human,2025-02-19T21:58:16Z,2025-02-19T23:55:53Z,fix,fix
430749584,OneKeyHQ/app-monorepo,TypeScript,1995,2330479463,6653,Human,2025-02-12T06:46:19Z,2025-02-13T03:56:51Z,feat,feat
771479895,lingodotdev/lingo.dev,TypeScript,2784,2433633567,598,Human,2025-04-02T09:15:44Z,2025-04-02T09:46:46Z,feat,feat
839216423,liam-hq/liam,TypeScript,4194,2408867024,957,Human,2025-03-21T08:29:24Z,2025-03-24T05:50:44Z,fix,fix
159556794,go-vikunja/vikunja,Go,2080,2458843592,670,Human,2025-04-14T22:14:14Z,2025-04-15T07:40:05Z,fix,fix
820087727,onlook-dev/onlook,TypeScript,21192,2297853267,1099,Human,2025-01-25T00:26:35Z,2025-01-25T00:34:54Z,fix,fix
158653995,mtrojnar/osslsigncode,C,929,2428652261,424,Human,2025-03-31T10:52:44Z,2025-03-31T11:19:35Z,fix,fix
969089225,unibeck/solstatus,TypeScript,756,2481889222,35,Human,2025-04-25T15:33:41Z,2025-04-25T15:44:22Z,feat,feat
209120637,Netflix/metaflow,Python,9330,2272586142,2207,Human,2025-01-12T16:04:34Z,2025-01-16T22:35:24Z,feat,feat
880940273,stair-lab/kg-gen,Python,550,2483801280,28,Human,2025-04-27T02:13:07Z,2025-05-21T19:55:35Z,fix,fix
542017915,Kanaries/graphic-walker,TypeScript,2898,2542859516,455,Human,2025-05-26T02:40:06Z,2025-05-26T04:40:58Z,fix,fix
221931137,celestiaorg/celestia-core,Go,531,2611896881,2054,Human,2025-06-23T14:37:52Z,2025-06-24T11:30:02Z,fix,fix
275993885,appsmithorg/appsmith,TypeScript,37596,2447704730,40186,Human,2025-04-09T07:13:36Z,2025-04-09T07:40:06Z,feat,feat
959682770,antiwork/gumroad,Ruby,6643,2541019371,259,Human,2025-05-23T22:22:13Z,2025-05-23T23:26:21Z,fix,fix
826170402,elizaOS/eliza,TypeScript,16507,2267536574,2049,Human,2025-01-09T05:38:47Z,2025-01-09T05:38:59Z,fix,fix
939311749,alexpfau/calendar-card-pro,TypeScript,855,2403838526,80,Human,2025-03-19T13:39:49Z,2025-03-19T21:19:29Z,feat,feat
463116412,seasonedcc/remix-forms,TypeScript,517,2499459830,301,Human,2025-05-05T18:21:18Z,2025-05-05T18:26:26Z,fix,fix
199344833,angular-eslint/angular-eslint,TypeScript,1737,2293945287,2213,Human,2025-01-23T08:53:14Z,2025-01-24T11:50:58Z,fix,fix
41881900,microsoft/vscode,TypeScript,175171,2456932484,246467,Human,2025-04-14T08:13:16Z,2025-04-14T08:24:56Z,feat,feat
969089225,unibeck/solstatus,TypeScript,756,2609927659,91,Human,2025-06-22T19:34:16Z,2025-06-22T22:22:16Z,feat,feat
127246132,reown-com/appkit,TypeScript,5202,2463366494,4227,Human,2025-04-16T11:57:06Z,2025-04-18T11:00:16Z,feat,feat
4127088,Azure/azure-sdk-for-python,Python,5011,2564638186,41403,Human,2025-06-03T16:54:03Z,2025-06-04T22:59:36Z,fix,fix
710601088,crewAIInc/crewAI,Python,35096,2427394493,2498,Human,2025-03-30T05:28:47Z,2025-04-02T04:54:35Z,fix,fix
136202695,mlflow/mlflow,Python,21402,2530772992,15810,Human,2025-05-20T08:24:35Z,2025-05-21T00:21:29Z,fix,fix
917974798,sam-goodwin/alchemy,TypeScript,750,2507450238,154,Human,2025-05-08T15:34:13Z,2025-05-08T16:25:38Z,feat,feat
14268809,FastLED/FastLED,C++,7005,2317346284,1883,Human,2025-02-05T11:17:16Z,2025-02-06T20:19:55Z,fix,fix
948174507,jnsahaj/tweakcn,TypeScript,6266,2483809627,48,Human,2025-04-27T02:34:36Z,2025-04-28T19:27:12Z,fix,fix
894659403,goat-sdk/goat,TypeScript,798,2365072919,370,Human,2025-02-28T17:26:48Z,2025-02-28T19:45:32Z,feat,feat
430749584,OneKeyHQ/app-monorepo,TypeScript,1995,2318742990,6610,Human,2025-02-06T00:00:02Z,2025-02-06T03:46:41Z,feat,feat
20929025,microsoft/TypeScript,TypeScript,105450,2345670198,61227,Human,2025-02-19T22:29:36Z,2025-02-20T01:28:50Z,fix,fix
958026130,featureform/enrichmcp,Python,583,2471902595,19,Human,2025-04-21T19:29:18Z,2025-04-21T19:30:57Z,fix,fix
839216423,liam-hq/liam,TypeScript,4194,2518248768,1676,Human,2025-05-14T06:01:41Z,2025-05-22T05:03:20Z,fix,fix
275993885,appsmithorg/appsmith,TypeScript,37596,2280976588,38686,Human,2025-01-16T06:13:29Z,2025-01-31T07:06:42Z,feat,feat
228538361,yytypescript/book,TypeScript,1048,2541264579,990,Human,2025-05-24T02:49:08Z,2025-05-24T03:49:01Z,feat,feat
859537060,antiwork/shortest,TypeScript,5179,2396325966,398,Human,2025-03-16T21:08:54Z,2025-03-18T01:10:25Z,feat,feat
95743138,box/box-ui-elements,JavaScript,546,2481901070,4072,Human,2025-04-25T15:39:32Z,2025-04-25T16:49:05Z,fix,fix
430749584,OneKeyHQ/app-monorepo,TypeScript,1995,2606273932,7601,Human,2025-06-20T05:40:29Z,2025-06-20T05:52:28Z,fix,fix
28928522,wolfSSL/wolfssl,C,2562,2457287760,8668,Human,2025-04-14T10:40:00Z,2025-05-06T21:51:12Z,fix,fix
676672661,langchain-ai/langgraph,Python,16579,2542040727,4819,Human,2025-05-24T22:39:38Z,2025-05-28T21:04:08Z,feat,feat
41881900,microsoft/vscode,TypeScript,175171,2496474177,248049,Human,2025-05-02T22:30:14Z,2025-05-02T22:50:30Z,fix,fix
20929025,microsoft/TypeScript,TypeScript,105450,2613009440,61928,Human,2025-06-23T23:14:25Z,2025-06-25T22:37:21Z,fix,fix
29301872,OpenHFT/Chronicle-Wire,Java,557,2554864825,1088,Human,2025-05-30T14:08:24Z,2025-05-30T14:27:48Z,feat,feat
958026130,featureform/enrichmcp,Python,583,2481648107,29,Human,2025-04-25T13:47:10Z,2025-04-29T17:00:34Z,fix,fix
820087727,onlook-dev/onlook,TypeScript,21192,2540586847,1915,Human,2025-05-23T18:15:12Z,2025-05-23T18:48:13Z,feat,feat
265001214,tokens-studio/figma-plugin,TypeScript,1469,2385253990,3288,Human,2025-03-11T14:04:37Z,2025-03-11T14:09:35Z,fix,fix
705022737,tegnike/aituber-kit,TypeScript,698,2552593175,404,Human,2025-05-29T15:58:41Z,2025-05-29T16:09:30Z,feat,feat
710601088,crewAIInc/crewAI,Python,35096,2451443553,2570,Human,2025-04-10T14:59:01Z,2025-04-11T16:56:37Z,fix,fix
710601088,crewAIInc/crewAI,Python,35096,2455434480,2595,Human,2025-04-12T14:01:16Z,2025-05-08T17:25:10Z,feat,feat
127246132,reown-com/appkit,TypeScript,5202,2463626970,4230,Human,2025-04-16T13:42:31Z,2025-04-16T17:35:44Z,feat,feat
108311273,Azure/azure-sdk-for-js,TypeScript,2222,2270744039,32501,Human,2025-01-10T15:39:14Z,2025-01-10T16:58:16Z,refactor,refactor
946178371,OpenPipe/ART,Python,4108,2505213298,111,Human,2025-05-07T18:47:10Z,2025-05-07T18:49:56Z,fix,fix
993521808,openai/openai-agents-js,TypeScript,925,2577193771,58,Human,2025-06-09T02:31:07Z,2025-06-09T02:44:01Z,fix,fix
614765452,Significant-Gravitas/AutoGPT,Python,177379,2579991903,10139,Human,2025-06-10T04:07:00Z,2025-06-10T06:05:08Z,fix,fix
28589709,sakaiproject/sakai,Java,1161,2499602021,13692,Human,2025-05-05T19:26:49Z,2025-05-07T16:49:59Z,fix,fix
643874750,anyproto/anytype-ts,TypeScript,5854,2547500895,1419,Human,2025-05-27T20:02:17Z,2025-05-28T17:49:10Z,feat,feat
136202695,mlflow/mlflow,Python,21402,2558927034,16001,Human,2025-06-02T01:29:02Z,2025-06-02T04:12:39Z,fix,fix
959682770,antiwork/gumroad,Ruby,6643,2469215667,138,Human,2025-04-19T00:24:05Z,2025-04-19T02:21:45Z,feat,feat
350360184,calcom/cal.com,TypeScript,37399,2312687496,19058,Human,2025-02-03T13:02:54Z,2025-02-03T13:52:07Z,fix,fix
2750721,ckan/ckan,Python,4775,2401031824,8726,Human,2025-03-18T14:04:34Z,2025-03-26T15:15:14Z,fix,fix
955904085,antiwork/flexile,Ruby,665,2477236827,172,Human,2025-04-23T20:09:34Z,2025-04-23T22:01:08Z,feat,feat
820087727,onlook-dev/onlook,TypeScript,21192,2535664448,1901,Human,2025-05-21T23:33:54Z,2025-05-21T23:34:15Z,fix,fix
820087727,onlook-dev/onlook,TypeScript,21192,2530239124,1882,Human,2025-05-20T03:50:54Z,2025-05-20T06:29:59Z,feat,feat
338529997,gridaco/grida,TypeScript,2138,2309219428,241,Human,2025-01-31T13:28:33Z,2025-02-16T10:45:40Z,feat,feat
720209383,CapSoftware/Cap,TypeScript,10645,2309533660,286,Human,2025-01-31T15:47:05Z,2025-01-31T16:00:28Z,feat,feat
678526156,marimo-team/marimo,Python,14933,2624876929,5476,Human,2025-06-27T16:27:18Z,2025-06-27T20:30:27Z,fix,fix
41881900,microsoft/vscode,TypeScript,175171,2499562168,248158,Human,2025-05-05T19:09:20Z,2025-05-05T19:23:28Z,fix,fix
618514446,gptme/gptme,Python,3941,2476004130,511,Human,2025-04-23T12:02:45Z,2025-04-23T12:29:24Z,feat,feat
274495425,remotion-dev/remotion,TypeScript,23319,2397453972,5022,Human,2025-03-17T10:35:58Z,2025-03-17T11:03:35Z,feat,feat
50724711,catatsuy/private-isu,JavaScript,528,2616408048,681,Human,2025-06-24T23:11:00Z,2025-06-27T22:16:35Z,fix,fix
955904085,antiwork/flexile,Ruby,665,2484387561,225,Human,2025-04-27T19:46:50Z,2025-04-27T19:51:59Z,refactor,refactor
894659403,goat-sdk/goat,TypeScript,798,2291906802,266,Human,2025-01-22T10:33:45Z,2025-01-22T13:07:01Z,fix,fix
839216423,liam-hq/liam,TypeScript,4194,2426965457,1037,Human,2025-03-29T14:56:36Z,2025-04-01T02:49:43Z,feat,feat
41881900,microsoft/vscode,TypeScript,175171,2345282461,241236,Human,2025-02-19T18:21:31Z,2025-02-19T18:45:39Z,fix,fix
81314550,wix/react-native-ui-lib,TypeScript,6892,2256962768,3478,Human,2025-01-01T09:48:55Z,2025-01-01T13:06:47Z,fix,fix
254328371,NangoHQ/nango,TypeScript,5463,2384531736,3659,Human,2025-03-11T09:48:27Z,2025-03-11T15:49:29Z,feat,feat
689765175,different-ai/note-companion,TypeScript,696,2423549474,378,Human,2025-03-27T19:15:55Z,2025-03-27T19:59:35Z,fix,fix
61973853,microsoft/vscode-mssql,TypeScript,1718,2389217151,18928,Human,2025-03-12T21:07:45Z,2025-03-13T17:38:45Z,fix,fix
678526156,marimo-team/marimo,Python,14933,2609204234,5399,Human,2025-06-21T18:24:34Z,2025-06-23T23:45:21Z,fix,fix
381857226,microsoft/typespec,Java,5285,2330446588,5971,Human,2025-02-12T06:21:43Z,2025-02-12T17:17:15Z,fix,fix
820087727,onlook-dev/onlook,TypeScript,21192,2321553715,1284,Human,2025-02-07T06:22:40Z,2025-02-07T06:24:03Z,fix,fix
873328,getsentry/sentry,Python,41579,2265431531,83085,Human,2025-01-08T07:47:13Z,2025-01-08T08:49:40Z,fix,fix
832879402,Kiln-AI/Kiln,Python,4015,2402337662,258,Human,2025-03-19T00:28:34Z,2025-03-19T00:31:06Z,feat,feat
234231371,gofiber/fiber,Go,37269,2351395795,3320,Human,2025-02-22T16:57:59Z,2025-02-24T07:12:06Z,refactor,refactor
678526156,marimo-team/marimo,Python,14933,2514803422,4890,Human,2025-05-12T20:15:52Z,2025-05-12T21:59:02Z,feat,feat
984965707,analogdotnow/Analog,TypeScript,1079,2611882222,147,Human,2025-06-23T14:32:47Z,2025-06-25T14:09:21Z,feat,feat
946676136,PrunaAI/pruna,Python,793,2567130351,174,Human,2025-06-04T12:10:00Z,2025-06-05T10:29:48Z,fix,fix
722184017,assistant-ui/assistant-ui,TypeScript,5475,2286092227,1398,Human,2025-01-19T08:00:28Z,2025-01-19T08:00:52Z,feat,feat
824433284,irsyadadl/intentui,TypeScript,1633,2455477383,389,Human,2025-04-12T15:56:54Z,2025-04-12T19:40:03Z,fix,fix
955904085,antiwork/flexile,Ruby,665,2481461889,184,Human,2025-04-25T12:22:46Z,2025-04-25T15:50:55Z,fix,fix
172811550,cartography-cncf/cartography,Python,3491,2527047579,1571,Human,2025-05-18T16:21:21Z,2025-05-22T22:26:43Z,feat,feat
136202695,mlflow/mlflow,Python,21402,2301884134,14364,Human,2025-01-28T10:32:34Z,2025-02-06T03:43:25Z,fix,fix
710601088,crewAIInc/crewAI,Python,35096,2489035088,2720,Human,2025-04-29T14:12:08Z,2025-04-29T14:21:41Z,fix,fix
710601088,crewAIInc/crewAI,Python,35096,2564186622,2940,Human,2025-06-03T14:25:42Z,2025-06-04T13:53:25Z,feat,feat
254328371,NangoHQ/nango,TypeScript,5463,2615438276,4244,Human,2025-06-24T15:35:48Z,2025-06-25T10:14:50Z,feat,feat
542017915,Kanaries/graphic-walker,TypeScript,2898,2538980518,450,Human,2025-05-23T06:52:32Z,2025-05-23T13:18:37Z,fix,fix
806618581,afadil/wealthfolio,TypeScript,5304,2529538486,244,Human,2025-05-19T18:56:19Z,2025-05-19T18:57:11Z,feat,feat
577492459,a16z/halmos,Python,917,2423298921,486,Human,2025-03-27T17:35:07Z,2025-03-27T17:51:43Z,fix,fix
136202695,mlflow/mlflow,Python,21402,2555850827,15985,Human,2025-05-30T23:18:07Z,2025-06-03T02:14:50Z,feat,feat
633927609,promptfoo/promptfoo,TypeScript,7809,2588154590,4459,Human,2025-06-12T18:06:14Z,2025-06-13T17:03:23Z,fix,fix
955904085,antiwork/flexile,Ruby,665,2504630537,273,Human,2025-05-07T14:48:01Z,2025-05-07T14:59:03Z,fix,fix
945671748,openops-cloud/openops,TypeScript,908,2414192133,286,Human,2025-03-24T16:07:58Z,2025-03-25T08:27:34Z,fix,fix
350360184,calcom/cal.com,TypeScript,37399,2275186692,18635,Human,2025-01-13T21:13:06Z,2025-01-15T15:25:14Z,fix,fix
139199684,PrefectHQ/prefect,Python,19894,2625387387,18386,Human,2025-06-27T20:33:39Z,2025-06-27T20:46:01Z,feat,feat
737550719,Codehagen/Badget,TypeScript,2579,2618750948,290,Human,2025-06-25T16:26:11Z,2025-06-25T16:27:10Z,feat,feat
742063678,crewAIInc/crewAI-tools,Python,1177,2618367092,345,Human,2025-06-25T14:10:27Z,2025-06-25T16:32:23Z,feat,feat
867337374,modelcontextprotocol/inspector,TypeScript,5353,2532381468,425,Human,2025-05-20T18:55:50Z,2025-05-21T20:17:27Z,fix,fix
710601088,crewAIInc/crewAI,Python,35096,2392695159,2370,Human,2025-03-14T05:12:57Z,2025-03-14T06:02:38Z,fix,fix
95743138,box/box-ui-elements,JavaScript,546,2420723267,4036,Human,2025-03-27T00:30:16Z,2025-04-01T23:08:23Z,feat,feat
274495425,remotion-dev/remotion,TypeScript,23319,2413910275,5051,Human,2025-03-24T14:25:09Z,2025-03-24T16:24:01Z,fix,fix
776908852,browserbase/stagehand,TypeScript,14879,2470029531,690,Human,2025-04-20T12:06:14Z,2025-05-09T17:31:15Z,feat,feat
215654064,temporalio/temporal,Go,15103,2283224488,7103,Human,2025-01-17T02:01:39Z,2025-01-21T20:08:05Z,feat,feat
136202695,mlflow/mlflow,Python,21402,2574405759,16125,Human,2025-06-06T20:28:54Z,2025-06-06T22:33:51Z,feat,feat
894659403,goat-sdk/goat,TypeScript,798,2299409872,287,Human,2025-01-27T09:17:13Z,2025-01-27T09:17:20Z,refactor,refactor
673010778,roboflow/inference,Python,1824,2570876716,1331,Human,2025-06-05T16:46:37Z,2025-06-06T11:21:58Z,fix,fix
678526156,marimo-team/marimo,Python,14933,2481003061,4666,Human,2025-04-25T08:43:57Z,2025-04-25T13:07:15Z,fix,fix
959682770,antiwork/gumroad,Ruby,6643,2564818586,291,Human,2025-06-03T18:05:35Z,2025-06-03T18:55:33Z,fix,fix
54585666,devitocodes/devito,Python,612,2397352966,2555,Human,2025-03-17T10:04:52Z,2025-03-18T10:18:02Z,feat,feat
788904329,janbjorge/pgqueuer,Python,1324,2576549202,401,Human,2025-06-08T10:35:57Z,2025-06-08T11:10:54Z,fix,fix
787076358,mendableai/firecrawl,TypeScript,43970,2621999169,1719,Human,2025-06-26T18:49:56Z,2025-06-27T14:28:58Z,fix,fix
839216423,liam-hq/liam,TypeScript,4194,2384432881,854,Human,2025-03-11T09:14:38Z,2025-03-12T08:38:29Z,feat,feat
671269505,BerriAI/litellm,Python,26663,2525424596,10903,Human,2025-05-16T22:47:35Z,2025-05-16T23:53:52Z,feat,feat
820087727,onlook-dev/onlook,TypeScript,21192,2307598743,1179,Human,2025-01-30T19:30:42Z,2025-01-30T19:32:13Z,fix,fix
839216423,liam-hq/liam,TypeScript,4194,2616605346,2189,Human,2025-06-25T01:57:21Z,2025-06-25T05:54:15Z,fix,fix
381857226,microsoft/typespec,Java,5285,2522426480,7362,Human,2025-05-15T15:12:23Z,2025-05-15T17:20:07Z,fix,fix
158653995,mtrojnar/osslsigncode,C,929,2485441229,429,Human,2025-04-28T10:31:03Z,2025-05-01T09:21:29Z,fix,fix
955904085,antiwork/flexile,Ruby,665,2456296949,125,Human,2025-04-13T22:42:04Z,2025-04-16T22:02:30Z,feat,feat
839216423,liam-hq/liam,TypeScript,4194,2617183376,2200,Human,2025-06-25T06:58:17Z,2025-06-26T05:46:18Z,feat,feat
955904085,antiwork/flexile,Ruby,665,2468616103,157,Human,2025-04-18T16:24:22Z,2025-04-18T16:50:15Z,feat,feat
657626792,arikchakma/maily.to,TypeScript,3247,2377700185,148,Human,2025-03-07T04:23:46Z,2025-03-07T09:38:48Z,fix,fix
577492459,a16z/halmos,Python,917,2332197870,456,Human,2025-02-12T20:01:02Z,2025-02-13T22:07:35Z,feat,feat
275993885,appsmithorg/appsmith,TypeScript,37596,2419064833,39939,Human,2025-03-26T11:11:20Z,2025-04-01T12:49:50Z,feat,feat
881506708,RooCodeInc/Roo-Code,TypeScript,17756,2552972768,4115,Human,2025-05-29T18:48:21Z,2025-05-29T18:55:26Z,refactor,refactor
529729250,thirdweb-dev/js,TypeScript,538,2624694383,7459,Human,2025-06-27T15:09:15Z,2025-06-27T16:52:33Z,feat,feat
787076358,mendableai/firecrawl,TypeScript,43970,2341794508,1196,Human,2025-02-18T11:34:10Z,2025-02-18T17:03:10Z,feat,feat
665613753,elie222/inbox-zero,TypeScript,8426,2270242390,303,Human,2025-01-10T11:01:31Z,2025-01-10T11:02:50Z,fix,fix
349372179,lightdash/lightdash,TypeScript,4935,2281465291,13306,Human,2025-01-16T10:36:39Z,2025-01-16T10:38:11Z,fix,fix
926709003,bytebot-ai/bytebot,TypeScript,931,2603356220,33,Human,2025-06-19T02:21:47Z,2025-06-27T14:53:32Z,feat,feat
81314550,wix/react-native-ui-lib,TypeScript,6892,2331364117,3502,Human,2025-02-12T13:56:59Z,2025-02-12T14:53:00Z,refactor,refactor
917974798,sam-goodwin/alchemy,TypeScript,750,2507530456,155,Human,2025-05-08T16:06:33Z,2025-05-08T22:59:21Z,feat,feat
947387660,leonardsellem/n8n-mcp-server,TypeScript,1041,2576019481,41,Human,2025-06-07T22:26:41Z,2025-06-09T09:54:44Z,feat,feat
917974798,sam-goodwin/alchemy,TypeScript,750,2475201432,84,Human,2025-04-23T06:44:54Z,2025-04-23T07:04:44Z,fix,fix
710601088,crewAIInc/crewAI,Python,35096,2406710118,2424,Human,2025-03-20T11:51:10Z,2025-03-20T13:59:17Z,feat,feat
787076358,mendableai/firecrawl,TypeScript,43970,2614681957,1707,Human,2025-06-24T11:21:24Z,2025-06-24T13:36:05Z,feat,feat
839216423,liam-hq/liam,TypeScript,4194,2299189849,577,Human,2025-01-27T06:54:53Z,2025-01-27T08:44:04Z,feat,feat
839216423,liam-hq/liam,TypeScript,4194,2619835480,2216,Human,2025-06-26T02:35:52Z,2025-06-26T02:45:11Z,fix,fix
1002552148,amantus-ai/vibetunnel,TypeScript,1691,2606867877,33,Human,2025-06-20T09:51:55Z,2025-06-20T09:52:31Z,feat,feat
398753576,pdfme/pdfme,TypeScript,3389,2443856047,920,Human,2025-04-07T16:55:20Z,2025-04-08T00:44:57Z,fix,fix
879473096,bespokelabsai/curator,Python,1465,2358893378,540,Human,2025-02-26T09:11:45Z,2025-02-26T17:23:28Z,fix,fix
839216423,liam-hq/liam,TypeScript,4194,2475254791,1453,Human,2025-04-23T07:13:31Z,2025-04-23T11:41:01Z,refactor,refactor
839216423,liam-hq/liam,TypeScript,4194,2562537868,1859,Human,2025-06-03T04:26:31Z,2025-06-04T04:21:25Z,feat,feat
240583093,buildbuddy-io/buildbuddy,Go,671,2371701503,8537,Human,2025-03-04T19:37:09Z,2025-03-04T20:29:49Z,feat,feat
781914762,julep-ai/julep,Python,5629,2331266758,1153,Human,2025-02-12T13:16:27Z,2025-02-14T04:45:41Z,feat,feat
839216423,liam-hq/liam,TypeScript,4194,2293576342,548,Human,2025-01-23T04:29:12Z,2025-01-24T08:07:06Z,fix,fix
781914762,julep-ai/julep,Python,5629,2519061854,1367,Human,2025-05-14T11:40:59Z,2025-05-30T15:46:27Z,feat,feat
756293439,kubetail-org/kubetail,Go,1355,2509315930,267,Human,2025-05-09T10:54:21Z,2025-05-09T10:54:47Z,feat,feat
820087727,onlook-dev/onlook,TypeScript,21192,2456499867,1779,Human,2025-04-14T03:16:59Z,2025-04-14T03:44:19Z,fix,fix
178976529,bentoml/BentoML,Python,7934,2291282775,5190,Human,2025-01-22T04:01:08Z,2025-01-22T04:10:42Z,fix,fix
102692863,onnx/onnx,Python,19360,2562222163,7023,Human,2025-06-02T23:53:50Z,2025-06-03T01:24:29Z,fix,fix
597502256,keephq/keep,Python,10563,2367371119,3797,Human,2025-03-03T07:20:31Z,2025-03-03T07:57:01Z,fix,fix
95743138,box/box-ui-elements,JavaScript,546,2501251796,4090,Human,2025-05-06T10:55:31Z,2025-05-07T20:58:51Z,fix,fix
41881900,microsoft/vscode,TypeScript,175171,2444341415,245908,Human,2025-04-07T21:06:59Z,2025-04-07T21:20:57Z,fix,fix
839216423,liam-hq/liam,TypeScript,4194,2477711038,1464,Human,2025-04-24T02:07:31Z,2025-04-24T04:02:36Z,feat,feat
595526110,akto-api-security/akto,Java,1358,2542559887,2566,Human,2025-05-25T17:54:30Z,2025-05-25T17:55:24Z,fix,fix
955904085,antiwork/flexile,Ruby,665,2486200563,226,Human,2025-04-28T15:28:16Z,2025-04-28T15:29:04Z,feat,feat
879473096,bespokelabsai/curator,Python,1465,2272183023,345,Human,2025-01-11T18:17:06Z,2025-01-13T20:08:58Z,refactor,refactor
955904085,antiwork/flexile,Ruby,665,2482352186,199,Human,2025-04-25T19:52:56Z,2025-04-25T20:41:43Z,fix,fix
39321023,prebid/Prebid.js,JavaScript,1467,2580610337,13339,Human,2025-06-10T09:07:16Z,2025-06-10T14:03:29Z,feat,feat
39321023,prebid/Prebid.js,JavaScript,1467,2294465832,12688,Human,2025-01-23T13:11:18Z,2025-01-23T21:58:32Z,feat,feat
959682770,antiwork/gumroad,Ruby,6643,2449113652,89,Human,2025-04-09T16:55:54Z,2025-04-14T14:07:32Z,feat,feat
820087727,onlook-dev/onlook,TypeScript,21192,2405068386,1645,Human,2025-03-19T21:23:53Z,2025-03-19T22:03:24Z,feat,feat
639824542,lunary-ai/lunary,TypeScript,1373,2519480153,962,Human,2025-05-14T14:15:46Z,2025-05-14T14:42:41Z,feat,feat
839216423,liam-hq/liam,TypeScript,4194,2267412012,428,Human,2025-01-09T03:10:03Z,2025-01-09T06:06:09Z,fix,fix
234231371,gofiber/fiber,Go,37269,2417219216,3373,Human,2025-03-25T16:41:53Z,2025-05-14T13:56:39Z,feat,feat
839216423,liam-hq/liam,TypeScript,4194,2533765515,1730,Human,2025-05-21T09:14:17Z,2025-05-22T07:55:20Z,feat,feat
22887404,artsy/force,TypeScript,619,2528635071,15591,Human,2025-05-19T12:47:45Z,2025-05-19T13:00:10Z,feat,feat
820087727,onlook-dev/onlook,TypeScript,21192,2337013513,1377,Human,2025-02-14T20:37:33Z,2025-02-14T20:39:18Z,refactor,refactor
735090310,allenai/reward-bench,Python,620,2571668210,242,Human,2025-06-05T21:41:53Z,2025-06-06T17:38:08Z,feat,feat
787076358,mendableai/firecrawl,TypeScript,43970,2539918989,1595,Human,2025-05-23T13:44:45Z,2025-05-23T14:50:14Z,feat,feat
460609164,writer/writer-framework,Python,1414,2388385142,773,Human,2025-03-12T14:45:13Z,2025-03-20T12:20:47Z,fix,fix
955904085,antiwork/flexile,Ruby,665,2453255068,98,Human,2025-04-11T08:58:57Z,2025-04-11T20:20:05Z,refactor,refactor
742063678,crewAIInc/crewAI-tools,Python,1177,2553400368,316,Human,2025-05-29T23:13:06Z,2025-05-30T12:13:11Z,feat,feat
894659403,goat-sdk/goat,TypeScript,798,2417452941,450,Human,2025-03-25T18:19:19Z,2025-03-26T00:16:43Z,feat,feat
959682770,antiwork/gumroad,Ruby,6643,2551756960,275,Human,2025-05-29T10:15:11Z,2025-05-29T11:11:36Z,feat,feat
540527604,TobikoData/sqlmesh,Python,2499,2522826360,4427,Human,2025-05-15T18:15:00Z,2025-05-26T18:14:58Z,feat,feat
81314550,wix/react-native-ui-lib,TypeScript,6892,2339611458,3512,Human,2025-02-17T12:21:23Z,2025-02-18T10:05:33Z,fix,fix
400215964,novuhq/novu,TypeScript,37349,2457374711,8128,Human,2025-04-14T11:18:04Z,2025-04-16T12:59:43Z,refactor,refactor
955904085,antiwork/flexile,Ruby,665,2502202409,269,Human,2025-05-06T17:09:14Z,2025-05-06T17:15:32Z,fix,fix
10458362,rsyslog/rsyslog,C,2165,2365106128,5589,Human,2025-02-28T17:46:25Z,2025-03-01T11:45:00Z,fix,fix
95743138,box/box-ui-elements,JavaScript,546,2445865948,4052,Human,2025-04-08T13:03:39Z,2025-04-10T09:04:39Z,fix,fix
95743138,box/box-ui-elements,JavaScript,546,2383137945,4016,Human,2025-03-10T19:39:12Z,2025-03-11T19:23:02Z,fix,fix
95743138,box/box-ui-elements,JavaScript,546,2598702068,4144,Human,2025-06-17T12:41:54Z,2025-06-20T08:39:42Z,feat,feat
350360184,calcom/cal.com,TypeScript,37399,2396150644,20114,Human,2025-03-16T14:00:52Z,2025-03-16T14:20:20Z,feat,feat
136202695,mlflow/mlflow,Python,21402,2546517998,15902,Human,2025-05-27T13:30:54Z,2025-05-28T05:01:26Z,feat,feat
136202695,mlflow/mlflow,Python,21402,2526305378,15786,Human,2025-05-17T20:12:58Z,2025-05-20T15:11:24Z,fix,fix
839216423,liam-hq/liam,TypeScript,4194,2306806341,629,Human,2025-01-30T12:51:34Z,2025-01-31T02:02:17Z,feat,feat
178976529,bentoml/BentoML,Python,7934,2356042683,5249,Human,2025-02-25T09:02:40Z,2025-02-25T18:33:46Z,fix,fix
67680905,DataDog/dd-trace-go,Go,778,2305166022,3128,Human,2025-01-29T18:11:24Z,2025-01-31T19:50:20Z,fix,fix
720209383,CapSoftware/Cap,TypeScript,10645,2522743052,548,Human,2025-05-15T17:34:09Z,2025-05-15T17:37:59Z,feat,feat
633927609,promptfoo/promptfoo,TypeScript,7809,2278244725,2664,Human,2025-01-15T04:08:35Z,2025-01-16T00:45:57Z,fix,fix
710601088,crewAIInc/crewAI,Python,35096,2345381566,2170,Human,2025-02-19T19:20:40Z,2025-02-25T20:39:26Z,feat,feat
127246132,reown-com/appkit,TypeScript,5202,2376182408,3961,Human,2025-03-06T12:19:08Z,2025-03-10T18:13:22Z,feat,feat
764723738,Skyvern-AI/skyvern,Python,13976,2275685120,1543,Human,2025-01-14T01:47:50Z,2025-01-14T03:28:14Z,feat,feat
820087727,onlook-dev/onlook,TypeScript,21192,2313369452,1232,Human,2025-02-03T18:26:00Z,2025-02-03T18:30:39Z,feat,feat
839216423,liam-hq/liam,TypeScript,4194,2301566111,602,Human,2025-01-28T07:57:09Z,2025-01-28T08:19:42Z,feat,feat
535751429,wizarrrr/wizarr,Python,2081,2579953738,605,Human,2025-06-10T03:31:37Z,2025-06-10T15:39:43Z,refactor,refactor
39321023,prebid/Prebid.js,JavaScript,1467,2551497414,13205,Human,2025-05-29T08:14:22Z,2025-05-29T15:14:59Z,feat,feat
820087727,onlook-dev/onlook,TypeScript,21192,2365158528,1489,Human,2025-02-28T18:21:30Z,2025-03-03T06:10:47Z,feat,feat
820087727,onlook-dev/onlook,TypeScript,21192,2321183811,1279,Human,2025-02-07T00:20:04Z,2025-02-07T00:35:32Z,feat,feat
275993885,appsmithorg/appsmith,TypeScript,37596,2408581018,39841,Human,2025-03-21T05:30:43Z,2025-03-21T07:53:44Z,feat,feat
595526110,akto-api-security/akto,Java,1358,2393621573,2203,Human,2025-03-14T13:05:34Z,2025-03-14T13:05:41Z,fix,fix
720209383,CapSoftware/Cap,TypeScript,10645,2398244216,367,Human,2025-03-17T15:13:45Z,2025-03-17T15:14:35Z,feat,feat
781914762,julep-ai/julep,Python,5629,2257823162,1007,Human,2025-01-02T12:38:42Z,2025-01-02T12:41:36Z,fix,fix
894659403,goat-sdk/goat,TypeScript,798,2397559227,426,Human,2025-03-17T11:20:38Z,2025-03-17T11:35:03Z,fix,fix
274495425,remotion-dev/remotion,TypeScript,23319,2476449844,5179,Human,2025-04-23T14:37:28Z,2025-04-23T14:52:37Z,feat,feat
839216423,liam-hq/liam,TypeScript,4194,2438323962,1136,Human,2025-04-04T00:38:26Z,2025-04-04T07:07:36Z,fix,fix
820087727,onlook-dev/onlook,TypeScript,21192,2535685079,1902,Human,2025-05-21T23:54:33Z,2025-05-22T00:28:36Z,fix,fix
859537060,antiwork/shortest,TypeScript,5179,2418329819,407,Human,2025-03-26T04:50:48Z,2025-03-27T05:36:17Z,feat,feat
839216423,liam-hq/liam,TypeScript,4194,2585851873,1986,Human,2025-06-12T02:40:00Z,2025-06-17T03:03:48Z,refactor,refactor
824874689,cline/cline,TypeScript,48455,2358007940,1967,Human,2025-02-26T00:39:54Z,2025-02-26T00:51:38Z,feat,feat
710601088,crewAIInc/crewAI,Python,35096,2404580117,2408,Human,2025-03-19T17:53:17Z,2025-04-28T18:04:32Z,fix,fix
839216423,liam-hq/liam,TypeScript,4194,2433810197,1087,Human,2025-04-02T10:31:42Z,2025-04-03T06:18:55Z,fix,fix
828119367,yamadashy/repomix,TypeScript,18206,2316032183,336,Human,2025-02-04T19:59:33Z,2025-02-16T02:36:31Z,feat,feat
679017521,AgentOps-AI/agentops,Python,4722,2520130599,981,Human,2025-05-14T19:06:44Z,2025-05-15T19:47:53Z,fix,fix
400215964,novuhq/novu,TypeScript,37349,2300145783,7595,Human,2025-01-27T15:12:30Z,2025-01-28T11:01:20Z,fix,fix
430749584,OneKeyHQ/app-monorepo,TypeScript,1995,2450621366,7073,Human,2025-04-10T09:39:36Z,2025-04-10T11:19:26Z,feat,feat
595832198,Helicone/helicone,TypeScript,4259,2502384558,3711,Human,2025-05-06T18:38:01Z,2025-05-06T22:06:58Z,feat,feat
633927609,promptfoo/promptfoo,TypeScript,7809,2280856023,2707,Human,2025-01-16T04:24:01Z,2025-01-16T04:29:48Z,fix,fix
463116412,seasonedcc/remix-forms,TypeScript,517,2546163516,360,Human,2025-05-27T11:16:13Z,2025-05-27T11:24:11Z,fix,fix
958026130,featureform/enrichmcp,Python,583,2492797998,32,Human,2025-04-30T22:56:09Z,2025-05-01T21:14:22Z,feat,feat
895029087,mark3labs/mcp-go,Go,6650,2268158877,13,Human,2025-01-09T11:31:21Z,2025-01-26T18:58:33Z,fix,fix
61973853,microsoft/vscode-mssql,TypeScript,1718,2350448952,18821,Human,2025-02-21T20:17:47Z,2025-02-21T20:23:06Z,fix,fix
350360184,calcom/cal.com,TypeScript,37399,2412701629,20331,Human,2025-03-24T05:51:48Z,2025-03-24T19:50:55Z,fix,fix
896296825,jlowin/fastmcp,Python,15491,2579634046,769,Human,2025-06-09T22:43:15Z,2025-06-10T00:31:09Z,fix,fix
350360184,calcom/cal.com,TypeScript,37399,2337873116,19304,Human,2025-02-15T18:53:36Z,2025-02-21T07:55:33Z,fix,fix
597502256,keephq/keep,Python,10563,2355823480,3665,Human,2025-02-25T07:41:59Z,2025-02-25T09:21:21Z,fix,fix
710601088,crewAIInc/crewAI,Python,35096,2451571902,2573,Human,2025-04-10T15:51:32Z,2025-04-11T13:14:05Z,fix,fix
572984571,twentyhq/twenty,TypeScript,34726,2352309307,10415,Human,2025-02-23T20:18:49Z,2025-02-23T20:20:15Z,feat,feat
41881900,microsoft/vscode,TypeScript,175171,2363068042,242228,Human,2025-02-27T19:50:59Z,2025-02-27T20:14:47Z,fix,fix
710601088,crewAIInc/crewAI,Python,35096,2348026203,2182,Human,2025-02-20T20:22:30Z,2025-02-24T19:51:59Z,fix,fix
966653795,AmoyLab/Unla,TypeScript,1497,2521730005,84,Human,2025-05-15T10:54:44Z,2025-05-15T14:07:41Z,feat,feat
839216423,liam-hq/liam,TypeScript,4194,2392513138,892,Human,2025-03-14T03:21:53Z,2025-03-14T03:52:22Z,fix,fix
764723738,Skyvern-AI/skyvern,Python,13976,2603520463,2750,Human,2025-06-19T04:17:35Z,2025-06-22T03:27:07Z,feat,feat
350360184,calcom/cal.com,TypeScript,37399,2392896969,20081,Human,2025-03-14T07:26:17Z,2025-03-14T13:49:04Z,fix,fix
764723738,Skyvern-AI/skyvern,Python,13976,2502348618,2300,Human,2025-05-06T18:21:32Z,2025-05-06T19:21:43Z,refactor,refactor
114798676,Azure/azure-storage-azcopy,Go,647,2445397083,3010,Human,2025-04-08T09:41:22Z,2025-06-11T19:08:39Z,feat,feat
430749584,OneKeyHQ/app-monorepo,TypeScript,1995,2484084399,7229,Human,2025-04-27T08:14:37Z,2025-04-27T08:51:30Z,fix,fix
1002552148,amantus-ai/vibetunnel,TypeScript,1691,2602215850,18,Human,2025-06-18T15:53:42Z,2025-06-18T21:38:11Z,feat,feat
48009214,microsoft/react-native-windows,C++,16932,2392838218,14428,Human,2025-03-14T06:53:41Z,2025-03-14T23:50:57Z,feat,feat
820087727,onlook-dev/onlook,TypeScript,21192,2551608908,1963,Human,2025-05-29T09:07:23Z,2025-05-29T19:13:39Z,feat,feat
350360184,calcom/cal.com,TypeScript,37399,2431110675,20476,Human,2025-04-01T09:51:25Z,2025-04-07T19:43:01Z,fix,fix
764642350,stack-auth/stack-auth,TypeScript,6033,2515283145,670,Human,2025-05-13T02:04:14Z,2025-05-13T19:55:37Z,fix,fix
922423439,jina-ai/node-DeepResearch,TypeScript,4693,2319709147,31,Human,2025-02-06T11:43:04Z,2025-02-06T13:40:06Z,fix,fix
10458362,rsyslog/rsyslog,C,2165,2374030792,5595,Human,2025-03-05T16:52:57Z,2025-03-06T16:18:17Z,fix,fix
828119367,yamadashy/repomix,TypeScript,18206,2298027795,313,Human,2025-01-25T08:04:24Z,2025-01-25T13:55:54Z,feat,feat
134777298,microsoft/vscode-pull-request-github,TypeScript,2421,2261690711,6582,Human,2025-01-06T10:39:45Z,2025-01-06T11:15:23Z,fix,fix
350360184,calcom/cal.com,TypeScript,37399,2503823885,21147,Human,2025-05-07T09:25:38Z,2025-05-07T09:54:36Z,feat,feat
159556794,go-vikunja/vikunja,Go,2080,2458844354,671,Human,2025-04-14T22:14:23Z,2025-04-15T07:39:47Z,fix,fix
296373527,pterm/pterm,Go,5194,2304691626,709,Human,2025-01-29T14:23:46Z,2025-06-06T18:38:07Z,feat,feat
828119367,yamadashy/repomix,TypeScript,18206,2333997264,353,Human,2025-02-13T14:50:40Z,2025-02-21T15:27:05Z,feat,feat
158653995,mtrojnar/osslsigncode,C,929,2425134209,423,Human,2025-03-28T12:04:31Z,2025-03-28T13:05:12Z,feat,feat
679017521,AgentOps-AI/agentops,Python,4722,2389334004,811,Human,2025-03-12T22:26:29Z,2025-03-12T23:56:37Z,feat,feat
323591830,huggingface/huggingface_hub,Python,2806,2460147666,3005,Human,2025-04-15T09:38:43Z,2025-04-29T14:59:32Z,feat,feat
3328572,getsentry/sentry-javascript,TypeScript,8353,2258009014,14887,Human,2025-01-02T15:00:27Z,2025-01-03T08:07:49Z,feat,feat
894659403,goat-sdk/goat,TypeScript,798,2444052038,470,Human,2025-04-07T18:37:24Z,2025-04-08T06:53:58Z,fix,fix
771479895,lingodotdev/lingo.dev,TypeScript,2784,2397938001,543,Human,2025-03-17T13:37:06Z,2025-03-17T13:44:30Z,fix,fix
787076358,mendableai/firecrawl,TypeScript,43970,2437485464,1409,Human,2025-04-03T16:03:13Z,2025-04-03T17:29:00Z,feat,feat
633262635,onyx-dot-app/onyx,Python,13231,2625000241,4956,Human,2025-06-27T17:23:46Z,2025-06-27T20:20:42Z,fix,fix
710601088,crewAIInc/crewAI,Python,35096,2279883299,1903,Human,2025-01-15T18:55:20Z,2025-01-15T19:25:48Z,fix,fix
839216423,liam-hq/liam,TypeScript,4194,2616632247,2190,Human,2025-06-25T02:14:57Z,2025-06-25T03:45:35Z,refactor,refactor
274495425,remotion-dev/remotion,TypeScript,23319,2433553292,5093,Human,2025-04-02T08:49:00Z,2025-04-02T09:26:05Z,fix,fix
894659403,goat-sdk/goat,TypeScript,798,2434746882,461,Human,2025-04-02T16:41:49Z,2025-04-02T19:54:27Z,fix,fix
633927609,promptfoo/promptfoo,TypeScript,7809,2257382623,2526,Human,2025-01-02T05:26:01Z,2025-01-02T05:36:57Z,fix,fix
542017915,Kanaries/graphic-walker,TypeScript,2898,2523648264,437,Human,2025-05-16T05:41:29Z,2025-05-16T05:46:32Z,fix,fix
41881900,microsoft/vscode,TypeScript,175171,2335191605,240745,Human,2025-02-14T04:17:40Z,2025-03-17T17:06:26Z,feat,feat
95743138,box/box-ui-elements,JavaScript,546,2417984506,4034,Human,2025-03-25T23:41:53Z,2025-03-26T00:03:37Z,feat,feat
894659403,goat-sdk/goat,TypeScript,798,2390738512,417,Human,2025-03-13T11:56:47Z,2025-03-13T12:01:35Z,fix,fix
839216423,liam-hq/liam,TypeScript,4194,2291568278,539,Human,2025-01-22T07:40:59Z,2025-01-23T08:37:32Z,fix,fix
136202695,mlflow/mlflow,Python,21402,2445222209,15250,Human,2025-04-08T08:26:18Z,2025-04-09T00:54:09Z,feat,feat
41881900,microsoft/vscode,TypeScript,175171,2305404059,239134,Human,2025-01-29T20:10:39Z,2025-02-03T18:54:19Z,fix,fix
839216423,liam-hq/liam,TypeScript,4194,2541877375,1763,Human,2025-05-24T18:01:54Z,2025-05-27T03:39:00Z,fix,fix
92912604,commaai/opendbc,Python,2457,2360919003,1857,Human,2025-02-26T23:52:09Z,2025-02-27T20:50:48Z,refactor,refactor
39321023,prebid/Prebid.js,JavaScript,1467,2398817362,12889,Human,2025-03-17T19:06:09Z,2025-03-27T16:37:33Z,feat,feat
955904085,antiwork/flexile,Ruby,665,2446577394,81,Human,2025-04-08T17:47:45Z,2025-04-08T18:52:27Z,fix,fix
103307180,Azure/azure-storage-fuse,Go,763,2539166844,1785,Human,2025-05-23T08:15:40Z,2025-05-23T09:32:31Z,fix,fix
860100131,microsoft/typescript-go,Go,21439,2502071049,848,Human,2025-05-06T16:13:18Z,2025-05-06T19:05:16Z,fix,fix
41881900,microsoft/vscode,TypeScript,175171,2552694313,250057,Human,2025-05-29T16:42:56Z,2025-05-29T18:09:19Z,fix,fix
955904085,antiwork/flexile,Ruby,665,2492073342,234,Human,2025-04-30T17:06:51Z,2025-04-30T17:21:28Z,fix,fix
926709003,bytebot-ai/bytebot,TypeScript,931,2541261925,18,Human,2025-05-24T02:42:06Z,2025-05-26T16:41:11Z,feat,feat
463116412,seasonedcc/remix-forms,TypeScript,517,2288408735,283,Human,2025-01-20T18:36:27Z,2025-01-20T18:41:26Z,fix,fix
486525050,microsoft/HydraLab,Java,1003,2583791477,698,Human,2025-06-11T10:32:16Z,2025-06-12T02:11:21Z,feat,feat
136202695,mlflow/mlflow,Python,21402,2341061114,14632,Human,2025-02-18T04:46:49Z,2025-02-18T06:37:25Z,feat,feat
10458362,rsyslog/rsyslog,C,2165,2479699007,5625,Human,2025-04-24T17:07:29Z,2025-04-24T18:14:03Z,fix,fix
917437058,openai/openai-realtime-agents,TypeScript,6099,2595330279,69,Human,2025-06-16T10:56:48Z,2025-06-16T14:47:04Z,refactor,refactor
156939672,microsoft/onnxruntime,C++,17361,2496975074,24627,Human,2025-05-03T18:48:34Z,2025-05-03T21:33:57Z,refactor,refactor
274495425,remotion-dev/remotion,TypeScript,23319,2439722397,5109,Human,2025-04-04T14:36:49Z,2025-04-06T07:22:16Z,fix,fix
81314550,wix/react-native-ui-lib,TypeScript,6892,2373301033,3554,Human,2025-03-05T11:24:20Z,2025-03-06T07:48:32Z,fix,fix
839216423,liam-hq/liam,TypeScript,4194,2381770824,838,Human,2025-03-10T10:01:34Z,2025-03-11T04:41:45Z,feat,feat
955904085,antiwork/flexile,Ruby,665,2477444485,176,Human,2025-04-23T22:27:05Z,2025-04-23T22:42:12Z,refactor,refactor
881506708,RooCodeInc/Roo-Code,TypeScript,17756,2398850480,1751,Human,2025-03-17T19:25:19Z,2025-03-17T20:09:07Z,feat,feat
234231371,gofiber/fiber,Go,37269,2401640246,3359,Human,2025-03-18T17:40:00Z,2025-03-21T15:13:22Z,feat,feat
350360184,calcom/cal.com,TypeScript,37399,2342740153,19343,Human,2025-02-18T17:55:04Z,2025-02-18T18:19:44Z,fix,fix
617269166,dropseed/plain,Python,619,2612105218,47,Human,2025-06-23T15:52:56Z,2025-06-23T16:15:54Z,refactor,refactor
839216423,liam-hq/liam,TypeScript,4194,2620341799,2231,Human,2025-06-26T07:28:11Z,2025-06-27T06:20:26Z,feat,feat
514553345,SoftFever/OrcaSlicer,C++,10280,2523130576,9643,Human,2025-05-15T21:17:41Z,2025-05-16T15:48:59Z,fix,fix
430749584,OneKeyHQ/app-monorepo,TypeScript,1995,2327882540,6645,Human,2025-02-11T07:02:12Z,2025-02-11T13:59:47Z,fix,fix
859537060,antiwork/shortest,TypeScript,5179,2329646256,336,Human,2025-02-11T20:06:46Z,2025-02-11T20:31:37Z,fix,fix
162690887,strawberry-graphql/strawberry,Python,4345,2592586534,3907,Human,2025-06-14T13:39:36Z,2025-06-15T00:17:35Z,refactor,refactor
633927609,promptfoo/promptfoo,TypeScript,7809,2535276030,4113,Human,2025-05-21T19:24:01Z,2025-05-22T03:18:45Z,fix,fix
764723738,Skyvern-AI/skyvern,Python,13976,2274425518,1542,Human,2025-01-13T16:52:53Z,2025-01-13T17:03:31Z,refactor,refactor
265001214,tokens-studio/figma-plugin,TypeScript,1469,2457719196,3320,Human,2025-04-14T13:46:36Z,2025-04-14T14:02:22Z,fix,fix
679017521,AgentOps-AI/agentops,Python,4722,2390024977,819,Human,2025-03-13T07:12:47Z,2025-03-13T07:26:35Z,feat,feat
492128644,whitphx/stlite,TypeScript,1446,2265444099,1213,Human,2025-01-08T07:52:58Z,2025-01-10T18:03:21Z,feat,feat
955904085,antiwork/flexile,Ruby,665,2612531872,403,Human,2025-06-23T18:55:23Z,2025-06-23T19:45:41Z,refactor,refactor
710601088,crewAIInc/crewAI,Python,35096,2452209048,2582,Human,2025-04-10T20:43:51Z,2025-04-17T15:58:53Z,feat,feat
638951438,comet-ml/opik,Python,11956,2341428728,1311,Human,2025-02-18T08:53:14Z,2025-02-18T19:21:53Z,feat,feat
73056727,objectionary/eo,Java,1239,2615242706,4325,Human,2025-06-24T14:29:42Z,2025-06-24T17:54:53Z,fix,fix
10286641,razimantv/mazegenerator,C++,1072,2579414807,12,Human,2025-06-09T20:32:29Z,2025-06-27T17:46:57Z,feat,feat
820087727,onlook-dev/onlook,TypeScript,21192,2547273074,1938,Human,2025-05-27T18:28:29Z,2025-05-27T18:50:50Z,feat,feat
27185284,opengisch/QField,C++,1002,2566098018,6349,Human,2025-06-04T04:58:45Z,2025-06-04T06:20:23Z,fix,fix
710601088,crewAIInc/crewAI,Python,35096,2615575502,3058,Human,2025-06-24T16:33:15Z,2025-06-24T19:15:00Z,feat,feat
136202695,mlflow/mlflow,Python,21402,2348777785,14689,Human,2025-02-21T05:39:43Z,2025-02-23T14:25:01Z,fix,fix
984965707,analogdotnow/Analog,TypeScript,1079,2596356090,119,Human,2025-06-16T17:11:07Z,2025-06-17T18:12:28Z,fix,fix
10458362,rsyslog/rsyslog,C,2165,2598657941,5720,Human,2025-06-17T12:25:00Z,2025-06-18T07:21:38Z,fix,fix
955904085,antiwork/flexile,Ruby,665,2534810519,317,Human,2025-05-21T15:41:14Z,2025-05-21T15:51:14Z,refactor,refactor
671269505,BerriAI/litellm,Python,26663,2493138598,10456,Human,2025-05-01T04:13:18Z,2025-05-01T04:42:16Z,feat,feat
839216423,liam-hq/liam,TypeScript,4194,2589379033,1997,Human,2025-06-13T07:29:52Z,2025-06-13T07:52:24Z,fix,fix
771479895,lingodotdev/lingo.dev,TypeScript,2784,2574979460,866,Human,2025-06-07T04:28:33Z,2025-06-07T04:35:25Z,fix,fix
946380199,openai/openai-agents-python,Python,13119,2426401975,386,Human,2025-03-28T22:34:56Z,2025-04-01T15:51:59Z,fix,fix
892165167,blorm-network/ZerePy,Python,587,2265140449,62,Human,2025-01-08T04:01:51Z,2025-01-08T05:37:42Z,feat,feat
846729675,sourcebot-dev/sourcebot,TypeScript,2036,2566240535,331,Human,2025-06-04T06:21:57Z,2025-06-04T23:42:52Z,feat,feat
221931137,celestiaorg/celestia-core,Go,531,2586529676,1997,Human,2025-06-12T08:37:30Z,2025-06-12T11:52:36Z,fix,fix
647427819,langchain-ai/langsmith-sdk,Python,606,2443706665,1641,Human,2025-04-07T15:47:19Z,2025-04-07T15:53:17Z,fix,fix
955904085,antiwork/flexile,Ruby,665,2432358013,51,Human,2025-04-01T18:49:23Z,2025-04-01T22:07:58Z,fix,fix
673010778,roboflow/inference,Python,1824,2428382467,1129,Human,2025-03-31T08:47:32Z,2025-04-01T07:25:48Z,fix,fix
44164233,OHIF/Viewers,TypeScript,3740,2341907949,4791,Human,2025-02-18T12:16:43Z,2025-02-18T16:36:26Z,fix,fix
782539945,miurla/morphic,TypeScript,7858,2316450191,421,Human,2025-02-05T01:35:47Z,2025-02-05T01:36:23Z,feat,feat
922423439,jina-ai/node-DeepResearch,TypeScript,4693,2332812290,61,Human,2025-02-13T04:32:19Z,2025-02-13T04:33:37Z,fix,fix
305144746,tinygrad/tinygrad,Python,29760,2484321042,10074,Human,2025-04-27T17:04:18Z,2025-04-27T17:17:22Z,fix,fix
108311273,Azure/azure-sdk-for-js,TypeScript,2222,2485479790,34088,Human,2025-04-28T10:48:04Z,2025-05-09T02:19:57Z,fix,fix
679017521,AgentOps-AI/agentops,Python,4722,2552315306,1018,Human,2025-05-29T14:05:38Z,2025-06-12T20:38:56Z,feat,feat
97145011,microsoft/roosterjs,TypeScript,1266,2454363318,2994,Human,2025-04-11T17:21:27Z,2025-04-11T17:26:04Z,fix,fix
678526156,marimo-team/marimo,Python,14933,2616153484,5436,Human,2025-06-24T20:56:57Z,2025-06-24T21:58:30Z,feat,feat
41881900,microsoft/vscode,TypeScript,175171,2410275605,244285,Human,2025-03-21T18:50:28Z,2025-03-21T22:36:34Z,fix,fix
839216423,liam-hq/liam,TypeScript,4194,2592583988,2008,Human,2025-06-14T13:34:24Z,2025-06-17T05:11:03Z,fix,fix
820087727,onlook-dev/onlook,TypeScript,21192,2535336610,1897,Human,2025-05-21T19:56:17Z,2025-05-21T21:39:02Z,fix,fix
820087727,onlook-dev/onlook,TypeScript,21192,2440266110,1731,Human,2025-04-04T19:23:30Z,2025-04-04T19:23:45Z,fix,fix
894659403,goat-sdk/goat,TypeScript,798,2385807793,409,Human,2025-03-11T17:16:10Z,2025-03-11T17:26:20Z,fix,fix
509436902,PriorLabs/TabPFN,Python,4181,2267854135,103,Human,2025-01-09T09:04:48Z,2025-01-09T09:14:15Z,fix,fix
710601088,crewAIInc/crewAI,Python,35096,2307862531,2009,Human,2025-01-30T22:36:14Z,2025-01-30T23:16:10Z,refactor,refactor
674225653,bruin-data/bruin,Go,962,2452338664,585,Human,2025-04-10T21:58:15Z,2025-04-11T09:58:19Z,feat,feat
39321023,prebid/Prebid.js,JavaScript,1467,2513475786,13093,Human,2025-05-12T10:47:33Z,2025-05-12T13:23:30Z,feat,feat
678526156,marimo-team/marimo,Python,14933,2422893059,4279,Human,2025-03-27T15:23:51Z,2025-03-27T23:18:14Z,feat,feat
832180352,microsoft/generative-ai-with-javascript,JavaScript,839,2599921751,145,Human,2025-06-17T20:58:59Z,2025-06-25T11:38:00Z,fix,fix
787076358,mendableai/firecrawl,TypeScript,43970,2587604734,1662,Human,2025-06-12T14:36:19Z,2025-06-12T14:51:40Z,feat,feat
855528273,voideditor/void,TypeScript,26276,2453465333,389,Human,2025-04-11T10:32:45Z,2025-04-11T10:34:29Z,fix,fix
872748942,adaline/gateway,TypeScript,528,2612746808,95,Human,2025-06-23T20:42:13Z,2025-06-23T20:42:19Z,fix,fix
166018537,elixir-lsp/vscode-elixir-ls,TypeScript,571,2352020703,452,Human,2025-02-23T10:42:40Z,2025-02-23T16:25:37Z,feat,feat
430749584,OneKeyHQ/app-monorepo,TypeScript,1995,2538590495,7384,Human,2025-05-23T02:01:25Z,2025-05-23T02:50:30Z,feat,feat
265001214,tokens-studio/figma-plugin,TypeScript,1469,2264202697,3241,Human,2025-01-07T15:58:25Z,2025-01-09T17:36:07Z,fix,fix
710601088,crewAIInc/crewAI,Python,35096,2513949410,2816,Human,2025-05-12T13:51:15Z,2025-05-12T20:08:57Z,feat,feat
10458362,rsyslog/rsyslog,C,2165,2299301589,5540,Human,2025-01-27T08:15:03Z,2025-01-27T11:02:35Z,refactor,refactor
742063678,crewAIInc/crewAI-tools,Python,1177,2615181588,341,Human,2025-06-24T14:08:20Z,2025-06-24T18:47:39Z,feat,feat
820087727,onlook-dev/onlook,TypeScript,21192,2444419388,1746,Human,2025-04-07T21:58:51Z,2025-04-07T22:04:45Z,refactor,refactor
350360184,calcom/cal.com,TypeScript,37399,2486220984,21011,Human,2025-04-28T15:35:27Z,2025-04-28T16:34:32Z,fix,fix
644499668,SimonHalvdansson/Harmonic-HN,Java,746,2493047120,204,Human,2025-05-01T02:21:21Z,2025-05-01T14:06:18Z,feat,feat
946178371,OpenPipe/ART,Python,4108,2496892442,104,Human,2025-05-03T14:52:55Z,2025-05-07T06:09:45Z,feat,feat
839216423,liam-hq/liam,TypeScript,4194,2553387252,1821,Human,2025-05-29T22:59:39Z,2025-06-02T02:19:45Z,fix,fix
705022737,tegnike/aituber-kit,TypeScript,698,2260767976,284,Human,2025-01-05T14:31:16Z,2025-01-05T14:35:02Z,feat,feat
121814210,primer/react,TypeScript,3613,2385351640,5760,Human,2025-03-11T14:33:33Z,2025-03-14T13:44:34Z,refactor,refactor
688141049,mangiucugna/json_repair,Python,2533,2329041793,96,Human,2025-02-11T15:29:56Z,2025-02-11T18:09:38Z,fix,fix
879473096,bespokelabsai/curator,Python,1465,2358916441,541,Human,2025-02-26T09:19:21Z,2025-02-26T09:30:47Z,refactor,refactor
710601088,crewAIInc/crewAI,Python,35096,2609948334,3047,Human,2025-06-22T20:05:08Z,2025-06-27T13:54:12Z,fix,fix
839216423,liam-hq/liam,TypeScript,4194,2412480421,966,Human,2025-03-24T02:50:40Z,2025-03-24T07:21:41Z,feat,feat
894659403,goat-sdk/goat,TypeScript,798,2264079820,193,Human,2025-01-07T14:57:41Z,2025-01-07T14:59:09Z,refactor,refactor
108311273,Azure/azure-sdk-for-js,TypeScript,2222,2449233440,33756,Human,2025-04-09T18:04:02Z,2025-04-14T16:07:38Z,feat,feat
365739812,tldraw/tldraw,TypeScript,41090,2488922621,5975,Human,2025-04-29T13:38:02Z,2025-05-01T09:18:25Z,fix,fix
650377372,wandb/weave,Python,950,2405425459,3916,Human,2025-03-20T01:13:27Z,2025-03-20T19:30:36Z,fix,fix
678526156,marimo-team/marimo,Python,14933,2383223609,4048,Human,2025-03-10T20:26:22Z,2025-03-10T20:43:14Z,refactor,refactor
839216423,liam-hq/liam,TypeScript,4194,2512635099,1650,Human,2025-05-12T04:26:16Z,2025-05-12T05:43:46Z,refactor,refactor
463116412,seasonedcc/remix-forms,TypeScript,517,2494478839,299,Human,2025-05-01T20:23:32Z,2025-05-01T20:29:47Z,fix,fix
787462297,Blaizzy/mlx-vlm,Python,1551,2442916529,290,Human,2025-04-07T10:38:33Z,2025-04-12T14:55:14Z,fix,fix
79856983,microsoft/git,C,852,2584190791,764,Human,2025-06-11T13:06:32Z,2025-06-11T14:33:29Z,fix,fix
283868135,subzeroid/instagrapi,Python,5299,2466844273,2183,Human,2025-04-17T20:04:18Z,2025-04-18T18:33:43Z,fix,fix
788904329,janbjorge/pgqueuer,Python,1324,2272633617,283,Human,2025-01-12T18:16:35Z,2025-01-12T20:29:42Z,fix,fix
275993885,appsmithorg/appsmith,TypeScript,37596,2324014920,39140,Human,2025-02-08T15:32:08Z,2025-02-10T08:59:55Z,fix,fix
839216423,liam-hq/liam,TypeScript,4194,2465883448,1386,Human,2025-04-17T11:46:36Z,2025-04-18T08:52:37Z,feat,feat
787462297,Blaizzy/mlx-vlm,Python,1551,2353410328,215,Human,2025-02-24T11:40:06Z,2025-02-24T11:46:20Z,feat,feat
127246132,reown-com/appkit,TypeScript,5202,2398108675,4030,Human,2025-03-17T14:34:37Z,2025-03-18T12:20:37Z,feat,feat
529729250,thirdweb-dev/js,TypeScript,538,2358069163,6346,Human,2025-02-26T01:43:51Z,2025-02-26T01:53:00Z,refactor,refactor
710601088,crewAIInc/crewAI,Python,35096,2596069069,3014,Human,2025-06-16T15:10:54Z,2025-06-16T15:34:04Z,fix,fix
787462297,Blaizzy/mlx-vlm,Python,1551,2399463135,249,Human,2025-03-18T01:54:23Z,2025-03-18T02:00:36Z,feat,feat
958026130,featureform/enrichmcp,Python,583,2438259044,13,Human,2025-04-03T23:41:40Z,2025-04-04T02:18:28Z,fix,fix
771479895,lingodotdev/lingo.dev,TypeScript,2784,2359697211,505,Human,2025-02-26T13:55:40Z,2025-02-26T13:59:07Z,feat,feat
955904085,antiwork/flexile,Ruby,665,2422555707,27,Human,2025-03-27T13:48:25Z,2025-03-31T19:56:53Z,fix,fix
4127088,Azure/azure-sdk-for-python,Python,5011,2440441097,40382,Human,2025-04-04T21:21:01Z,2025-04-04T22:18:38Z,feat,feat
993521808,openai/openai-agents-js,TypeScript,925,2579736859,68,Human,2025-06-10T00:03:57Z,2025-06-10T03:24:02Z,fix,fix
828119367,yamadashy/repomix,TypeScript,18206,2498855712,527,Human,2025-05-05T14:01:32Z,2025-05-05T14:23:33Z,feat,feat
350360184,calcom/cal.com,TypeScript,37399,2426552480,20440,Human,2025-03-29T00:35:10Z,2025-04-03T08:27:13Z,feat,feat
955904085,antiwork/flexile,Ruby,665,2529686187,310,Human,2025-05-19T20:13:56Z,2025-05-19T20:25:18Z,fix,fix
195619075,vdaas/vald,Go,1629,2450176761,2937,Human,2025-04-10T06:20:14Z,2025-05-16T11:49:49Z,feat,feat
108311273,Azure/azure-sdk-for-js,TypeScript,2222,2281459728,32578,Human,2025-01-16T10:34:13Z,2025-01-29T16:37:56Z,feat,feat
894659403,goat-sdk/goat,TypeScript,798,2399445785,429,Human,2025-03-18T01:36:05Z,2025-03-19T11:09:37Z,refactor,refactor
642497346,langfuse/langfuse,TypeScript,14483,2388649158,5986,Human,2025-03-12T16:27:02Z,2025-03-12T16:55:40Z,fix,fix
679017521,AgentOps-AI/agentops,Python,4722,2391540821,823,Human,2025-03-13T16:44:36Z,2025-03-13T16:45:58Z,fix,fix
39321023,prebid/Prebid.js,JavaScript,1467,2408093036,12910,Human,2025-03-20T21:57:00Z,2025-03-21T15:28:02Z,feat,feat
653589102,567-labs/instructor,Python,11095,2562167965,1575,Human,2025-06-02T23:15:45Z,2025-06-02T23:27:24Z,feat,feat
679017521,AgentOps-AI/agentops,Python,4722,2368306114,714,Human,2025-03-03T14:33:56Z,2025-03-03T15:24:34Z,refactor,refactor
314197645,zenml-io/zenml,Python,4768,2340233222,3363,Human,2025-02-17T17:03:58Z,2025-02-18T08:13:18Z,fix,fix
39321023,prebid/Prebid.js,JavaScript,1467,2384986323,12860,Human,2025-03-11T12:34:23Z,2025-03-13T15:05:58Z,fix,fix
294546561,microsoft/vscode-jupyter,TypeScript,1397,2565527638,16696,Human,2025-06-03T23:40:11Z,2025-06-04T00:08:57Z,fix,fix
839216423,liam-hq/liam,TypeScript,4194,2301394522,600,Human,2025-01-28T05:47:11Z,2025-01-28T05:54:44Z,fix,fix
398753576,pdfme/pdfme,TypeScript,3389,2508459470,989,Human,2025-05-09T02:18:34Z,2025-05-09T04:53:38Z,fix,fix
87490037,commaai/panda,C,1608,2565257900,2222,Human,2025-06-03T21:03:20Z,2025-06-04T01:37:28Z,feat,feat
859537060,antiwork/shortest,TypeScript,5179,2323645507,328,Human,2025-02-08T07:15:31Z,2025-02-08T07:46:30Z,refactor,refactor
781914762,julep-ai/julep,Python,5629,2257939947,1008,Human,2025-01-02T14:10:07Z,2025-01-02T14:15:40Z,fix,fix
338529997,gridaco/grida,TypeScript,2138,2495956871,317,Human,2025-05-02T15:53:19Z,2025-05-02T21:34:55Z,feat,feat
204027578,estruyf/vscode-front-matter,TypeScript,2257,2361911239,924,Human,2025-02-27T11:08:51Z,2025-02-27T11:09:01Z,feat,feat
121814210,primer/react,TypeScript,3613,2327427526,5686,Human,2025-02-10T23:14:21Z,2025-02-13T17:57:59Z,feat,feat
764723738,Skyvern-AI/skyvern,Python,13976,2397977071,1951,Human,2025-03-17T13:50:11Z,2025-03-17T14:03:02Z,feat,feat
172703996,spcl/dace,Python,544,2292256358,1896,Human,2025-01-22T13:29:43Z,2025-01-22T21:30:37Z,fix,fix
820087727,onlook-dev/onlook,TypeScript,21192,2341621246,1431,Human,2025-02-18T10:21:16Z,2025-02-18T23:27:41Z,feat,feat
958026130,featureform/enrichmcp,Python,583,2491706379,31,Human,2025-04-30T14:46:53Z,2025-04-30T22:10:53Z,feat,feat
820087727,onlook-dev/onlook,TypeScript,21192,2386818820,1583,Human,2025-03-12T02:48:25Z,2025-03-12T02:51:06Z,feat,feat
39321023,prebid/Prebid.js,JavaScript,1467,2582940000,13356,Human,2025-06-11T03:25:16Z,2025-06-11T03:25:26Z,fix,fix
781914762,julep-ai/julep,Python,5629,2543172477,1454,Human,2025-05-26T06:36:54Z,2025-05-26T06:51:44Z,refactor,refactor
317639685,johnlindquist/kit,TypeScript,4075,2366156282,1572,Human,2025-03-01T14:08:45Z,2025-03-03T19:39:42Z,feat,feat
720209383,CapSoftware/Cap,TypeScript,10645,2480201376,475,Human,2025-04-24T21:15:24Z,2025-04-24T21:18:22Z,fix,fix
18068542,xtermjs/xterm.js,TypeScript,18898,2601712444,5358,Human,2025-06-18T13:11:25Z,2025-06-18T13:17:47Z,fix,fix
283046497,airbytehq/airbyte,Python,19011,2585070902,61530,Human,2025-06-11T18:18:22Z,2025-06-11T18:58:01Z,feat,feat
400215964,novuhq/novu,TypeScript,37349,2615622364,8582,Human,2025-06-24T16:55:44Z,2025-06-25T12:51:00Z,feat,feat
839216423,liam-hq/liam,TypeScript,4194,2392809855,895,Human,2025-03-14T06:27:52Z,2025-03-14T09:12:51Z,feat,feat
4038949,traccar/traccar,Java,6182,2301110022,5502,Human,2025-01-28T00:41:58Z,2025-02-06T01:29:15Z,feat,feat
859956307,aipotheosis-labs/aci,Python,4464,2510382808,345,Human,2025-05-09T19:15:04Z,2025-05-09T20:10:32Z,fix,fix
106462765,microsoft/vscode-python,TypeScript,4457,2290532647,24731,Human,2025-01-21T17:45:51Z,2025-01-21T18:36:36Z,feat,feat
95743138,box/box-ui-elements,JavaScript,546,2439891139,4051,Human,2025-04-04T15:40:04Z,2025-04-04T17:18:40Z,fix,fix
860100131,microsoft/typescript-go,Go,21439,2267335798,215,Human,2025-01-09T01:10:25Z,2025-01-15T20:49:43Z,feat,feat
742063678,crewAIInc/crewAI-tools,Python,1177,2497413147,297,Human,2025-05-04T17:22:16Z,2025-05-04T17:41:55Z,feat,feat
1590986,theturtle32/WebSocket-Node,JavaScript,3779,2588957838,468,Human,2025-06-13T03:01:11Z,2025-06-13T22:51:22Z,refactor,refactor
338529997,gridaco/grida,TypeScript,2138,2540272739,351,Human,2025-05-23T15:56:07Z,2025-05-26T10:08:53Z,feat,feat
430749584,OneKeyHQ/app-monorepo,TypeScript,1995,2267986096,6478,Human,2025-01-09T10:04:48Z,2025-01-10T02:54:13Z,fix,fix
79856983,microsoft/git,C,852,2334550542,727,Human,2025-02-13T19:11:09Z,2025-02-16T20:12:51Z,fix,fix
947387660,leonardsellem/n8n-mcp-server,TypeScript,1041,2542640929,16,Human,2025-05-25T20:56:59Z,2025-06-02T13:53:04Z,fix,fix
839216423,liam-hq/liam,TypeScript,4194,2436364208,1109,Human,2025-04-03T08:56:19Z,2025-04-03T09:44:20Z,fix,fix
131619646,dagster-io/dagster,Python,13669,2365534722,28149,Human,2025-02-28T23:24:45Z,2025-03-10T22:01:40Z,feat,feat
957479421,plexguide/Huntarr.io,Python,2033,2505788580,366,Human,2025-05-08T01:03:50Z,2025-05-08T01:03:59Z,fix,fix
772283421,unsend-dev/unsend,TypeScript,1787,2422113911,135,Human,2025-03-27T11:19:23Z,2025-03-27T11:20:46Z,feat,feat
350360184,calcom/cal.com,TypeScript,37399,2270358612,18583,Human,2025-01-10T12:07:40Z,2025-01-10T12:46:48Z,fix,fix
308444913,ray-project/kuberay,Go,1925,2318671253,2928,Human,2025-02-05T22:52:27Z,2025-02-05T23:24:45Z,refactor,refactor
705022737,tegnike/aituber-kit,TypeScript,698,2276307682,288,Human,2025-01-14T09:23:44Z,2025-01-14T09:36:05Z,feat,feat
820087727,onlook-dev/onlook,TypeScript,21192,2285313969,1056,Human,2025-01-18T02:06:17Z,2025-01-18T02:06:34Z,feat,feat
350360184,calcom/cal.com,TypeScript,37399,2360162010,19580,Human,2025-02-26T16:51:13Z,2025-02-27T16:58:13Z,fix,fix
121522380,kiwicom/orbit,TypeScript,1422,2257694237,4565,Human,2025-01-02T10:52:49Z,2025-01-02T11:41:20Z,feat,feat
215654064,temporalio/temporal,Go,15103,2402331812,7486,Human,2025-03-19T00:21:35Z,2025-03-24T16:39:37Z,feat,feat
365739812,tldraw/tldraw,TypeScript,41090,2586695856,6242,Human,2025-06-12T09:39:08Z,2025-06-12T10:50:08Z,feat,feat
781914762,julep-ai/julep,Python,5629,2376425978,1217,Human,2025-03-06T14:11:00Z,2025-03-19T07:22:15Z,feat,feat
839216423,liam-hq/liam,TypeScript,4194,2478701689,1488,Human,2025-04-24T10:32:03Z,2025-04-25T03:29:36Z,fix,fix
41881900,microsoft/vscode,TypeScript,175171,2509954130,248525,Human,2025-05-09T15:22:30Z,2025-05-09T15:37:45Z,feat,feat
400215964,novuhq/novu,TypeScript,37349,2479017385,8196,Human,2025-04-24T12:42:27Z,2025-04-24T13:07:08Z,fix,fix
463116412,seasonedcc/remix-forms,TypeScript,517,2268949233,269,Human,2025-01-09T17:53:57Z,2025-01-09T19:54:02Z,refactor,refactor
764642350,stack-auth/stack-auth,TypeScript,6033,2449946956,616,Human,2025-04-10T03:06:50Z,2025-04-10T17:49:43Z,refactor,refactor
820087727,onlook-dev/onlook,TypeScript,21192,2323186361,1290,Human,2025-02-07T21:53:07Z,2025-02-07T21:53:51Z,fix,fix
167828165,ArthurSonzogni/FTXUI,C++,8551,2604239927,1064,Human,2025-06-19T09:43:00Z,2025-06-20T13:59:36Z,fix,fix
839216423,liam-hq/liam,TypeScript,4194,2311691455,643,Human,2025-02-03T04:09:11Z,2025-02-03T06:27:23Z,feat,feat
859956307,aipotheosis-labs/aci,Python,4464,2338301511,32,Human,2025-02-16T16:28:04Z,2025-02-16T19:08:54Z,feat,feat
381857226,microsoft/typespec,Java,5285,2497482111,7222,Human,2025-05-04T20:19:24Z,2025-05-05T03:44:19Z,fix,fix
955904085,antiwork/flexile,Ruby,665,2458857195,133,Human,2025-04-14T22:20:47Z,2025-04-14T22:48:32Z,fix,fix
689765175,different-ai/note-companion,TypeScript,696,2300522053,318,Human,2025-01-27T18:06:00Z,2025-01-29T17:48:12Z,feat,feat
39321023,prebid/Prebid.js,JavaScript,1467,2540061741,13147,Human,2025-05-23T14:36:43Z,2025-05-27T12:56:54Z,feat,feat
349372179,lightdash/lightdash,TypeScript,4935,2545533774,15008,Human,2025-05-27T07:06:42Z,2025-05-27T15:24:02Z,feat,feat
95743138,box/box-ui-elements,JavaScript,546,2356064739,3972,Human,2025-02-25T09:12:23Z,2025-03-03T17:39:22Z,feat,feat
839216423,liam-hq/liam,TypeScript,4194,2459535058,1356,Human,2025-04-15T05:05:54Z,2025-04-15T05:15:58Z,fix,fix
839216423,liam-hq/liam,TypeScript,4194,2455756605,1326,Human,2025-04-13T00:48:34Z,2025-04-14T03:41:59Z,refactor,refactor
698517452,ObservedObserver/streamlit-shadcn-ui,TypeScript,978,2272661584,38,Human,2025-01-12T19:29:03Z,2025-02-09T03:04:20Z,feat,feat
223700078,lostintangent/gistpad,TypeScript,1009,2286067335,375,Human,2025-01-19T06:25:22Z,2025-03-19T14:07:46Z,feat,feat
633927609,promptfoo/promptfoo,TypeScript,7809,2423304960,3517,Human,2025-03-27T17:37:30Z,2025-03-28T02:53:23Z,feat,feat
501095512,odigos-io/odigos,Go,3493,2514159122,2861,Human,2025-05-12T15:04:44Z,2025-05-15T10:34:29Z,fix,fix
826170402,elizaOS/eliza,TypeScript,16507,2621907187,5297,Human,2025-06-26T18:12:34Z,2025-06-27T04:54:40Z,fix,fix
820087727,onlook-dev/onlook,TypeScript,21192,2335332277,1366,Human,2025-02-14T06:25:17Z,2025-02-14T07:24:33Z,fix,fix
22855240,Azure/azure-sdk-for-go,Go,1739,2271725608,23933,Human,2025-01-11T02:10:43Z,2025-01-13T18:58:27Z,refactor,refactor
217654199,microsoft/msquic,C,4416,2494627212,5064,Human,2025-05-01T22:13:15Z,2025-05-01T22:20:33Z,feat,feat
787076358,mendableai/firecrawl,TypeScript,43970,2608229883,1690,Human,2025-06-20T18:56:56Z,2025-06-20T19:15:14Z,fix,fix
572984571,twentyhq/twenty,TypeScript,34726,2270690275,9542,Human,2025-01-10T15:08:58Z,2025-01-10T15:20:11Z,refactor,refactor
839216423,liam-hq/liam,TypeScript,4194,2408751062,952,Human,2025-03-21T07:22:34Z,2025-03-21T07:49:03Z,feat,feat
860100131,microsoft/typescript-go,Go,21439,2405024383,677,Human,2025-03-19T20:59:59Z,2025-03-19T21:44:46Z,feat,feat
828119367,yamadashy/repomix,TypeScript,18206,2262178803,272,Human,2025-01-06T15:37:31Z,2025-01-06T15:37:40Z,feat,feat
375389266,chhoumann/quickadd,TypeScript,1836,2554422043,823,Human,2025-05-30T10:42:01Z,2025-06-10T16:40:44Z,fix,fix
350360184,calcom/cal.com,TypeScript,37399,2473096104,20810,Human,2025-04-22T09:23:40Z,2025-04-22T10:03:19Z,refactor,refactor
764723738,Skyvern-AI/skyvern,Python,13976,2577602321,2640,Human,2025-06-09T07:15:55Z,2025-06-10T17:19:24Z,fix,fix
463116412,seasonedcc/remix-forms,TypeScript,517,2269139750,271,Human,2025-01-09T19:59:50Z,2025-01-09T20:09:02Z,refactor,refactor
221931137,celestiaorg/celestia-core,Go,531,2375306873,1657,Human,2025-03-06T04:02:03Z,2025-03-24T14:43:42Z,fix,fix
710601088,crewAIInc/crewAI,Python,35096,2357793364,2231,Human,2025-02-25T21:30:55Z,2025-02-26T18:42:18Z,feat,feat
265001214,tokens-studio/figma-plugin,TypeScript,1469,2345306578,3272,Human,2025-02-19T18:35:26Z,2025-02-21T11:17:40Z,fix,fix
305144746,tinygrad/tinygrad,Python,29760,2604565970,10879,Human,2025-06-19T11:52:30Z,2025-06-19T13:13:31Z,fix,fix
368236463,syntasso/kratix,Go,623,2387709300,417,Human,2025-03-12T10:24:13Z,2025-03-12T10:44:23Z,fix,fix
826170402,elizaOS/eliza,TypeScript,16507,2517434352,4575,Human,2025-05-13T19:08:31Z,2025-05-18T12:23:51Z,feat,feat
678526156,marimo-team/marimo,Python,14933,2375014471,3993,Human,2025-03-06T00:38:08Z,2025-03-06T16:14:38Z,fix,fix
509436902,PriorLabs/TabPFN,Python,4181,2333329270,184,Human,2025-02-13T09:47:16Z,2025-02-16T09:42:39Z,feat,feat
297803332,wei/socialify,TypeScript,2091,2576972245,574,Human,2025-06-08T20:57:52Z,2025-06-08T20:58:06Z,fix,fix
381857226,microsoft/typespec,Java,5285,2429861894,6796,Human,2025-03-31T20:32:40Z,2025-04-08T20:44:09Z,feat,feat
859537060,antiwork/shortest,TypeScript,5179,2389879736,393,Human,2025-03-13T05:39:22Z,2025-03-13T05:44:55Z,refactor,refactor
95743138,box/box-ui-elements,JavaScript,546,2515060312,4101,Human,2025-05-12T22:36:45Z,2025-05-12T23:04:24Z,feat,feat
381857226,microsoft/typespec,Java,5285,2597986199,7669,Human,2025-06-17T08:27:18Z,2025-06-17T09:51:02Z,fix,fix
967377293,Veloera/Veloera,Go,929,2577087520,85,Human,2025-06-09T00:44:40Z,2025-06-09T00:49:28Z,fix,fix
718314761,microsoft/onnxruntime-genai,C++,772,2345763476,1264,Human,2025-02-19T23:51:38Z,2025-03-04T22:42:56Z,feat,feat
62117812,apache/pulsar,Java,14760,2260295346,23811,Human,2025-01-04T09:51:57Z,2025-01-28T16:03:11Z,fix,fix
52980493,spring-projects/spring-kafka,Java,2372,2350018470,3760,Human,2025-02-21T16:09:43Z,2025-02-21T16:23:23Z,fix,fix
839216423,liam-hq/liam,TypeScript,4194,2554539951,1831,Human,2025-05-30T11:41:57Z,2025-06-03T00:38:26Z,feat,feat
350360184,calcom/cal.com,TypeScript,37399,2308777391,19026,Human,2025-01-31T10:36:58Z,2025-01-31T15:09:59Z,fix,fix
710601088,crewAIInc/crewAI,Python,35096,2400073348,2398,Human,2025-03-18T08:05:57Z,2025-03-20T19:44:44Z,fix,fix
221981891,microsoft/playwright,TypeScript,75427,2318290892,34637,Human,2025-02-05T18:41:43Z,2025-02-07T20:05:04Z,feat,feat
958026130,featureform/enrichmcp,Python,583,2479920857,27,Human,2025-04-24T18:44:02Z,2025-04-30T23:03:48Z,feat,feat
265001214,tokens-studio/figma-plugin,TypeScript,1469,2604758480,3432,Human,2025-06-19T12:57:14Z,2025-06-23T11:02:41Z,fix,fix
839216423,liam-hq/liam,TypeScript,4194,2498004615,1588,Human,2025-05-05T07:23:53Z,2025-05-12T07:36:48Z,feat,feat
689765175,different-ai/note-companion,TypeScript,696,2423785291,379,Human,2025-03-27T21:26:40Z,2025-03-27T21:27:09Z,fix,fix
967377293,Veloera/Veloera,Go,929,2557897384,67,Human,2025-06-01T09:04:23Z,2025-06-01T09:28:20Z,fix,fix
95743138,box/box-ui-elements,JavaScript,546,2334584789,3930,Human,2025-02-13T19:32:04Z,2025-03-25T18:35:39Z,feat,feat
67680905,DataDog/dd-trace-go,Go,778,2331879601,3177,Human,2025-02-12T17:10:15Z,2025-02-13T16:37:06Z,feat,feat
967377293,Veloera/Veloera,Go,929,2565880248,73,Human,2025-06-04T02:55:48Z,2025-06-04T11:35:18Z,fix,fix
597502256,keephq/keep,Python,10563,2340411739,3532,Human,2025-02-17T18:48:37Z,2025-02-17T19:36:07Z,fix,fix
839216423,liam-hq/liam,TypeScript,4194,2288891195,521,Human,2025-01-21T03:42:49Z,2025-01-21T10:06:57Z,feat,feat
764642350,stack-auth/stack-auth,TypeScript,6033,2522830012,680,Human,2025-05-15T18:17:03Z,2025-05-23T16:42:03Z,fix,fix
710601088,crewAIInc/crewAI,Python,35096,2579412972,2983,Human,2025-06-09T20:31:33Z,2025-06-10T16:17:06Z,feat,feat
400215964,novuhq/novu,TypeScript,37349,2460333618,8134,Human,2025-04-15T10:54:40Z,2025-04-22T12:46:54Z,feat,feat
11110385,cvxpy/cvxpy,C++,5857,2338814541,2716,Human,2025-02-17T05:26:46Z,2025-02-20T22:22:01Z,fix,fix
955904085,antiwork/flexile,Ruby,665,2502146728,268,Human,2025-05-06T16:40:02Z,2025-05-06T16:56:27Z,fix,fix
398753576,pdfme/pdfme,TypeScript,3389,2382772078,831,Human,2025-03-10T16:32:02Z,2025-03-11T00:21:50Z,fix,fix
633262635,onyx-dot-app/onyx,Python,13231,2464811084,4547,Human,2025-04-17T00:07:06Z,2025-04-17T03:14:48Z,feat,feat
136202695,mlflow/mlflow,Python,21402,2383765749,14938,Human,2025-03-11T03:35:11Z,2025-03-17T02:21:04Z,feat,feat
274495425,remotion-dev/remotion,TypeScript,23319,2271021556,4719,Human,2025-01-10T18:02:25Z,2025-01-10T18:11:03Z,fix,fix
945605057,smtg-ai/claude-squad,Go,3822,2430271869,33,Human,2025-04-01T01:55:30Z,2025-04-01T02:03:16Z,fix,fix
95743138,box/box-ui-elements,JavaScript,546,2486762465,4079,Human,2025-04-28T19:38:57Z,2025-04-28T21:04:29Z,fix,fix
710601088,crewAIInc/crewAI,Python,35096,2340415841,2155,Human,2025-02-17T18:51:41Z,2025-02-25T17:29:33Z,fix,fix
614765452,Significant-Gravitas/AutoGPT,Python,177379,2290337879,9308,Human,2025-01-21T16:01:04Z,2025-02-03T15:05:15Z,feat,feat
922423439,jina-ai/node-DeepResearch,TypeScript,4693,2386782218,82,Human,2025-03-12T02:22:20Z,2025-03-12T02:54:38Z,fix,fix
958026130,featureform/enrichmcp,Python,583,2494241727,33,Human,2025-05-01T17:58:01Z,2025-05-05T16:19:12Z,fix,fix
371644903,formancehq/ledger,Go,997,2536544590,941,Human,2025-05-22T09:12:43Z,2025-05-22T09:14:16Z,fix,fix
294546561,microsoft/vscode-jupyter,TypeScript,1397,2584827739,16730,Human,2025-06-11T16:34:35Z,2025-06-11T21:13:36Z,refactor,refactor
959682770,antiwork/gumroad,Ruby,6643,2479783868,161,Human,2025-04-24T17:42:48Z,2025-04-25T15:15:13Z,feat,feat
728625849,optiscaler/OptiScaler,C++,4298,2588611363,520,Human,2025-06-12T22:20:42Z,2025-06-15T12:13:29Z,feat,feat
642497346,langfuse/langfuse,TypeScript,14483,2623753154,7541,Human,2025-06-27T09:24:33Z,2025-06-27T11:23:38Z,feat,feat
72477752,pulumi/pulumi,Go,23536,2347004601,18656,Human,2025-02-20T12:37:07Z,2025-02-20T14:41:54Z,fix,fix
338529997,gridaco/grida,TypeScript,2138,2384650880,274,Human,2025-03-11T10:31:19Z,2025-03-11T11:31:57Z,feat,feat
820087727,onlook-dev/onlook,TypeScript,21192,2272445401,1033,Human,2025-01-12T09:30:11Z,2025-01-12T10:49:08Z,feat,feat
886966165,morphik-org/morphik-core,Python,3016,2592731731,199,Human,2025-06-14T16:43:35Z,2025-06-19T21:48:14Z,fix,fix
657204276,goniszewski/grimoire,TypeScript,2503,2361944739,173,Human,2025-02-27T11:25:31Z,2025-02-27T11:26:05Z,fix,fix
274495425,remotion-dev/remotion,TypeScript,23319,2484970660,5203,Human,2025-04-28T07:20:54Z,2025-04-28T11:01:04Z,fix,fix
839216423,liam-hq/liam,TypeScript,4194,2536529812,1747,Human,2025-05-22T09:06:41Z,2025-05-28T08:53:18Z,feat,feat
23247808,rqlite/rqlite,Go,16816,2386598200,2052,Human,2025-03-12T00:16:59Z,2025-03-12T00:54:39Z,feat,feat
212382406,apache/ozone,Java,951,2351363778,7952,Human,2025-02-22T16:33:31Z,2025-02-24T14:18:12Z,refactor,refactor
678526156,marimo-team/marimo,Python,14933,2507985366,4853,Human,2025-05-08T20:08:55Z,2025-05-08T20:40:18Z,fix,fix
984965707,analogdotnow/Analog,TypeScript,1079,2540735052,34,Human,2025-05-23T19:28:22Z,2025-05-23T19:31:14Z,feat,feat
894659403,goat-sdk/goat,TypeScript,798,2316428195,312,Human,2025-02-05T01:10:17Z,2025-02-05T01:16:04Z,feat,feat
275993885,appsmithorg/appsmith,TypeScript,37596,2335306609,39266,Human,2025-02-14T06:04:20Z,2025-02-14T06:14:28Z,feat,feat
131619646,dagster-io/dagster,Python,13669,2391963504,28479,Human,2025-03-13T20:16:08Z,2025-03-13T21:08:02Z,feat,feat
496005961,stanford-crfm/levanter,Python,628,2381104965,902,Human,2025-03-10T03:12:39Z,2025-03-10T06:02:07Z,fix,fix
221981891,microsoft/playwright,TypeScript,75427,2568191623,36202,Human,2025-06-04T19:00:17Z,2025-06-05T13:26:04Z,fix,fix
936395722,AgentDock/AgentDock,TypeScript,1472,2396969059,59,Human,2025-03-17T07:41:05Z,2025-03-18T02:23:28Z,feat,feat
172703996,spcl/dace,Python,544,2309595403,1917,Human,2025-01-31T16:18:51Z,2025-02-02T18:47:28Z,fix,fix
839216423,liam-hq/liam,TypeScript,4194,2462699992,1367,Human,2025-04-16T07:00:34Z,2025-04-17T05:48:19Z,feat,feat
772283421,unsend-dev/unsend,TypeScript,1787,2497277018,157,Human,2025-05-04T11:50:45Z,2025-05-06T12:00:50Z,feat,feat
894659403,goat-sdk/goat,TypeScript,798,2435186853,462,Human,2025-04-02T20:36:30Z,2025-04-08T10:11:45Z,fix,fix
136202695,mlflow/mlflow,Python,21402,2572033204,16103,Human,2025-06-06T00:20:40Z,2025-06-06T09:34:02Z,fix,fix
215654064,temporalio/temporal,Go,15103,2318423419,7251,Human,2025-02-05T19:57:30Z,2025-02-05T20:49:32Z,fix,fix
95743138,box/box-ui-elements,JavaScript,546,2517291512,4103,Human,2025-05-13T17:52:27Z,2025-05-13T21:53:09Z,feat,feat
820087727,onlook-dev/onlook,TypeScript,21192,2551153036,1957,Human,2025-05-29T04:55:09Z,2025-05-29T06:09:13Z,fix,fix
137811219,nrwl/nx-console,TypeScript,1370,2390661465,2439,Human,2025-03-13T11:27:01Z,2025-04-28T17:41:09Z,fix,fix
720209383,CapSoftware/Cap,TypeScript,10645,2487386742,485,Human,2025-04-29T00:54:38Z,2025-04-29T00:57:03Z,fix,fix
839216423,liam-hq/liam,TypeScript,4194,2506398763,1617,Human,2025-05-08T08:22:45Z,2025-05-08T13:12:01Z,fix,fix
274495425,remotion-dev/remotion,TypeScript,23319,2559953155,5338,Human,2025-06-02T09:37:19Z,2025-06-02T12:28:28Z,feat,feat
275993885,appsmithorg/appsmith,TypeScript,37596,2563668066,40849,Human,2025-06-03T11:48:03Z,2025-06-06T10:21:36Z,fix,fix
839216423,liam-hq/liam,TypeScript,4194,2580137342,1961,Human,2025-06-10T05:56:42Z,2025-06-10T07:33:05Z,feat,feat
41881900,microsoft/vscode,TypeScript,175171,2513951133,248726,Human,2025-05-12T13:51:52Z,2025-05-12T14:17:51Z,refactor,refactor
167828165,ArthurSonzogni/FTXUI,C++,8551,2489002783,1037,Human,2025-04-29T14:02:27Z,2025-04-29T14:05:11Z,feat,feat
633927609,promptfoo/promptfoo,TypeScript,7809,2402692034,3425,Human,2025-03-19T05:40:02Z,2025-03-19T06:12:29Z,refactor,refactor
208918651,microsoft/etl2pcapng,C,685,2555717990,79,Human,2025-05-30T21:17:14Z,2025-06-04T22:36:42Z,feat,feat
762304524,ComposioHQ/composio,TypeScript,25592,2328335930,1327,Human,2025-02-11T10:18:48Z,2025-02-11T10:41:14Z,feat,feat
945671748,openops-cloud/openops,TypeScript,908,2521508003,612,Human,2025-05-15T09:30:52Z,2025-05-15T09:42:01Z,fix,fix
95743138,box/box-ui-elements,JavaScript,546,2279253003,3849,Human,2025-01-15T13:50:05Z,2025-01-17T09:57:49Z,feat,feat
710601088,crewAIInc/crewAI,Python,35096,2571727880,2967,Human,2025-06-05T22:08:32Z,2025-06-06T16:43:39Z,feat,feat
48009214,microsoft/react-native-windows,C++,16932,2561969103,14726,Human,2025-06-02T21:21:03Z,2025-06-03T18:22:11Z,fix,fix
95743138,box/box-ui-elements,JavaScript,546,2322680938,3911,Human,2025-02-07T16:40:01Z,2025-02-07T18:54:39Z,fix,fix
274495425,remotion-dev/remotion,TypeScript,23319,2282760170,4750,Human,2025-01-16T21:04:50Z,2025-01-17T15:37:14Z,refactor,refactor
61973853,microsoft/vscode-mssql,TypeScript,1718,2410456032,18981,Human,2025-03-21T20:30:22Z,2025-03-21T22:54:16Z,fix,fix
922423439,jina-ai/node-DeepResearch,TypeScript,4693,2399798240,84,Human,2025-03-18T05:43:29Z,2025-03-18T06:14:23Z,fix,fix
463116412,seasonedcc/remix-forms,TypeScript,517,2288421844,284,Human,2025-01-20T18:45:57Z,2025-01-20T18:50:51Z,fix,fix
13050340,OpenHFT/Java-Runtime-Compiler,Java,690,2369863743,147,Human,2025-03-04T06:59:41Z,2025-03-12T02:31:23Z,feat,feat
95743138,box/box-ui-elements,JavaScript,546,2437470903,4050,Human,2025-04-03T15:55:59Z,2025-04-03T16:14:19Z,fix,fix
265001214,tokens-studio/figma-plugin,TypeScript,1469,2340530599,3268,Human,2025-02-17T20:18:18Z,2025-02-24T17:59:15Z,fix,fix
370740787,liveblocks/liveblocks,TypeScript,4100,2551498822,2433,Human,2025-05-29T08:15:05Z,2025-06-02T15:53:10Z,feat,feat
149765850,mvisonneau/gitlab-ci-pipelines-exporter,Go,1419,2591918034,1010,Human,2025-06-14T04:45:41Z,2025-06-14T10:32:44Z,fix,fix
19961085,apache/pinot,Java,5851,2398672334,15298,Human,2025-03-17T17:51:14Z,2025-03-18T02:31:47Z,feat,feat
705022737,tegnike/aituber-kit,TypeScript,698,2366807942,313,Human,2025-03-02T19:22:06Z,2025-03-02T20:45:12Z,feat,feat
674225653,bruin-data/bruin,Go,962,2388365918,516,Human,2025-03-12T14:37:53Z,2025-03-12T17:21:39Z,fix,fix
350360184,calcom/cal.com,TypeScript,37399,2265764665,18520,Human,2025-01-08T10:00:50Z,2025-01-08T12:32:28Z,fix,fix
710601088,crewAIInc/crewAI,Python,35096,2601503577,3030,Human,2025-06-18T11:56:32Z,2025-06-19T16:18:33Z,fix,fix
365739812,tldraw/tldraw,TypeScript,41090,2390753120,5627,Human,2025-03-13T12:03:53Z,2025-03-13T12:15:10Z,fix,fix
959682770,antiwork/gumroad,Ruby,6643,2446502497,79,Human,2025-04-08T17:12:58Z,2025-04-09T17:50:10Z,fix,fix
975086883,NousResearch/atropos,Python,570,2545179720,135,Human,2025-05-27T03:34:09Z,2025-05-27T03:35:28Z,feat,feat
873328,getsentry/sentry,Python,41579,2461167707,89622,Human,2025-04-15T16:08:43Z,2025-04-15T19:13:48Z,feat,feat
81314550,wix/react-native-ui-lib,TypeScript,6892,2366742120,3545,Human,2025-03-02T16:37:21Z,2025-03-05T14:33:00Z,fix,fix
41881900,microsoft/vscode,TypeScript,175171,2450599913,246185,Human,2025-04-10T09:31:18Z,2025-04-10T10:37:47Z,feat,feat
121814210,primer/react,TypeScript,3613,2282844858,5560,Human,2025-01-16T21:53:49Z,2025-01-16T22:09:44Z,fix,fix
275993885,appsmithorg/appsmith,TypeScript,37596,2439321867,40094,Human,2025-04-04T11:43:35Z,2025-04-04T12:52:59Z,feat,feat
41881900,microsoft/vscode,TypeScript,175171,2529183406,249290,Human,2025-05-19T16:02:57Z,2025-05-19T16:21:46Z,refactor,refactor
430749584,OneKeyHQ/app-monorepo,TypeScript,1995,2344238227,6705,Human,2025-02-19T10:36:27Z,2025-02-19T10:46:36Z,feat,feat
820087727,onlook-dev/onlook,TypeScript,21192,2392189930,1597,Human,2025-03-13T23:03:44Z,2025-03-13T23:05:49Z,fix,fix
762304524,ComposioHQ/composio,TypeScript,25592,2448459258,1534,Human,2025-04-09T12:22:37Z,2025-04-11T14:56:40Z,feat,feat
398753576,pdfme/pdfme,TypeScript,3389,2285548258,678,Human,2025-01-18T08:04:32Z,2025-01-18T08:12:21Z,feat,feat
3073296,SirVer/ultisnips,Python,7632,2380702095,1567,Human,2025-03-09T14:19:13Z,2025-03-09T19:32:40Z,fix,fix
764723738,Skyvern-AI/skyvern,Python,13976,2371342937,1883,Human,2025-03-04T16:35:18Z,2025-03-04T16:46:07Z,feat,feat
371644903,formancehq/ledger,Go,997,2606734758,980,Human,2025-06-20T09:14:10Z,2025-06-25T07:26:54Z,feat,feat
350360184,calcom/cal.com,TypeScript,37399,2431024284,20475,Human,2025-04-01T09:12:51Z,2025-04-01T10:08:24Z,fix,fix
108311273,Azure/azure-sdk-for-js,TypeScript,2222,2524106958,34399,Human,2025-05-16T09:45:16Z,2025-05-23T21:25:38Z,feat,feat
587050620,stanfordnlp/dspy,Python,26818,2413225736,8003,Human,2025-03-24T09:55:13Z,2025-06-19T06:20:49Z,feat,feat
720267554,dotenvx/dotenvx,JavaScript,4114,2271360072,508,Human,2025-01-10T20:51:36Z,2025-01-13T18:02:07Z,feat,feat
958026130,featureform/enrichmcp,Python,583,2615739647,92,Human,2025-06-24T17:44:36Z,2025-06-24T17:47:39Z,fix,fix
39321023,prebid/Prebid.js,JavaScript,1467,2359999951,12813,Human,2025-02-26T15:40:09Z,2025-04-03T13:37:30Z,feat,feat
839216423,liam-hq/liam,TypeScript,4194,2562500024,1856,Human,2025-06-03T03:53:50Z,2025-06-03T04:45:18Z,fix,fix
762304524,ComposioHQ/composio,TypeScript,25592,2281495670,1202,Human,2025-01-16T10:47:54Z,2025-01-16T13:13:46Z,feat,feat
95743138,box/box-ui-elements,JavaScript,546,2502778042,4092,Human,2025-05-06T22:08:26Z,2025-05-08T01:23:39Z,feat,feat
839216423,liam-hq/liam,TypeScript,4194,2418440768,993,Human,2025-03-26T06:18:18Z,2025-03-27T07:30:28Z,feat,feat
839216423,liam-hq/liam,TypeScript,4194,2269537588,441,Human,2025-01-10T01:55:06Z,2025-01-10T01:58:13Z,fix,fix
955904085,antiwork/flexile,Ruby,665,2502233768,270,Human,2025-05-06T17:23:19Z,2025-05-06T17:39:33Z,fix,fix
41881900,microsoft/vscode,TypeScript,175171,2610459802,252128,Human,2025-06-23T05:32:19Z,2025-06-23T18:11:25Z,feat,feat
3618686,katspaugh/wavesurfer.js,TypeScript,9541,2510417155,4089,Human,2025-05-09T19:36:41Z,2025-06-24T11:07:27Z,feat,feat
400215964,novuhq/novu,TypeScript,37349,2466300129,8154,Human,2025-04-17T14:49:02Z,2025-04-18T11:10:05Z,fix,fix
959682770,antiwork/gumroad,Ruby,6643,2465149936,127,Human,2025-04-17T05:15:21Z,2025-04-17T14:53:02Z,feat,feat
820087727,onlook-dev/onlook,TypeScript,21192,2444638585,1747,Human,2025-04-08T01:17:05Z,2025-04-08T01:17:22Z,feat,feat
73056727,objectionary/eo,Java,1239,2389122005,3998,Human,2025-03-12T20:11:46Z,2025-03-13T10:25:55Z,fix,fix
710601088,crewAIInc/crewAI,Python,35096,2347595567,2178,Human,2025-02-20T16:34:44Z,2025-03-20T13:28:32Z,fix,fix
898345892,wonderwhy-er/DesktopCommanderMCP,JavaScript,4069,2430758800,47,Human,2025-04-01T07:16:22Z,2025-04-01T09:38:21Z,feat,feat
95743138,box/box-ui-elements,JavaScript,546,2500112327,4089,Human,2025-05-06T00:38:57Z,2025-05-06T19:38:30Z,fix,fix
41881900,microsoft/vscode,TypeScript,175171,2421136185,244826,Human,2025-03-27T04:29:14Z,2025-03-27T04:42:39Z,fix,fix
430749584,OneKeyHQ/app-monorepo,TypeScript,1995,2450551741,7071,Human,2025-04-10T09:10:07Z,2025-04-10T09:18:00Z,fix,fix
172703996,spcl/dace,Python,544,2600773171,2054,Human,2025-06-18T07:20:09Z,2025-06-25T03:20:13Z,fix,fix
958026130,featureform/enrichmcp,Python,583,2471862155,18,Human,2025-04-21T19:04:28Z,2025-04-21T19:22:35Z,feat,feat
350360184,calcom/cal.com,TypeScript,37399,2408842810,20284,Human,2025-03-21T08:15:14Z,2025-03-21T11:06:21Z,fix,fix
633262635,onyx-dot-app/onyx,Python,13231,2417566506,4353,Human,2025-03-25T19:15:52Z,2025-03-25T22:33:35Z,fix,fix
486525050,microsoft/HydraLab,Java,1003,2545137285,693,Human,2025-05-27T02:55:20Z,2025-05-27T03:18:32Z,fix,fix
826170402,elizaOS/eliza,TypeScript,16507,2259356244,1761,Human,2025-01-03T14:41:08Z,2025-01-09T09:15:04Z,feat,feat
923109265,tavily-ai/tavily-mcp,JavaScript,620,2578411289,45,Human,2025-06-09T13:23:53Z,2025-06-09T13:25:47Z,fix,fix
140759707,microsoft/react-native-macos,C++,3898,2451924869,2461,Human,2025-04-10T18:29:23Z,2025-04-10T20:21:21Z,fix,fix
381857226,microsoft/typespec,Java,5285,2398751161,6493,Human,2025-03-17T18:30:56Z,2025-03-17T23:07:05Z,feat,feat
639824542,lunary-ai/lunary,TypeScript,1373,2326990083,758,Human,2025-02-10T19:40:39Z,2025-02-10T20:53:55Z,feat,feat
305144746,tinygrad/tinygrad,Python,29760,2501616219,10176,Human,2025-05-06T13:21:52Z,2025-05-06T14:01:10Z,feat,feat
297803332,wei/socialify,TypeScript,2091,2576926950,570,Human,2025-06-08T19:30:15Z,2025-06-08T20:01:26Z,feat,feat
671269505,BerriAI/litellm,Python,26663,2334613112,8523,Human,2025-02-13T19:48:48Z,2025-02-14T01:10:22Z,fix,fix
894659403,goat-sdk/goat,TypeScript,798,2385785847,408,Human,2025-03-11T17:06:39Z,2025-03-13T11:48:28Z,fix,fix
737647437,0x4D31/galah,Go,564,2526001525,22,Human,2025-05-17T11:01:22Z,2025-05-17T11:02:53Z,feat,feat
957479421,plexguide/Huntarr.io,Python,2033,2542668583,522,Human,2025-05-25T22:01:23Z,2025-05-25T22:45:58Z,fix,fix
95743138,box/box-ui-elements,JavaScript,546,2522971716,4105,Human,2025-05-15T19:38:54Z,2025-05-16T18:40:43Z,fix,fix
993521808,openai/openai-agents-js,TypeScript,925,2575240359,53,Human,2025-06-07T08:51:09Z,2025-06-09T19:54:36Z,fix,fix
839216423,liam-hq/liam,TypeScript,4194,2291670928,540,Human,2025-01-22T08:40:31Z,2025-01-24T02:11:21Z,feat,feat
577492459,a16z/halmos,Python,917,2402055492,481,Human,2025-03-18T20:41:05Z,2025-03-18T21:56:38Z,fix,fix
400215964,novuhq/novu,TypeScript,37349,2480711893,8202,Human,2025-04-25T05:57:08Z,2025-04-29T07:30:14Z,fix,fix
5108051,opencv/opencv,C++,83324,2297770994,26842,Human,2025-01-24T23:12:34Z,2025-03-12T14:55:07Z,feat,feat
710601088,crewAIInc/crewAI,Python,35096,2607671581,3040,Human,2025-06-20T14:27:22Z,2025-06-26T13:55:54Z,fix,fix
913540439,hotovo/aider-desk,TypeScript,658,2601472435,227,Human,2025-06-18T11:44:57Z,2025-06-19T10:36:16Z,feat,feat
839216423,liam-hq/liam,TypeScript,4194,2481342788,1514,Human,2025-04-25T11:24:51Z,2025-04-28T00:16:13Z,refactor,refactor
587937846,KittyCAD/modeling-app,TypeScript,913,2540344369,7186,Human,2025-05-23T16:28:38Z,2025-05-23T17:03:46Z,fix,fix
41881900,microsoft/vscode,TypeScript,175171,2326411367,240259,Human,2025-02-10T15:30:58Z,2025-02-10T16:02:21Z,fix,fix
939311749,alexpfau/calendar-card-pro,TypeScript,855,2510391849,218,Human,2025-05-09T19:19:19Z,2025-05-09T19:20:20Z,fix,fix
350360184,calcom/cal.com,TypeScript,37399,2367931570,19667,Human,2025-03-03T11:45:17Z,2025-03-03T12:28:40Z,fix,fix
265001214,tokens-studio/figma-plugin,TypeScript,1469,2417386456,3297,Human,2025-03-25T17:56:32Z,2025-04-10T10:26:59Z,feat,feat
955904085,antiwork/flexile,Ruby,665,2502294383,272,Human,2025-05-06T17:54:11Z,2025-05-06T18:01:03Z,fix,fix
781914762,julep-ai/julep,Python,5629,2405191622,1277,Human,2025-03-19T22:37:03Z,2025-03-20T10:53:47Z,feat,feat
301690023,mondaycom/vibe,TypeScript,528,2441700434,2834,Human,2025-04-06T15:03:50Z,2025-04-06T15:22:58Z,fix,fix
781914762,julep-ai/julep,Python,5629,2291386657,1074,Human,2025-01-22T05:33:43Z,2025-01-22T08:00:42Z,feat,feat
710601088,crewAIInc/crewAI,Python,35096,2573402396,2969,Human,2025-06-06T12:46:54Z,2025-06-06T19:28:09Z,feat,feat
3073296,SirVer/ultisnips,Python,7632,2265255654,1563,Human,2025-01-08T05:54:02Z,2025-01-11T11:37:44Z,fix,fix
350360184,calcom/cal.com,TypeScript,37399,2304707278,18990,Human,2025-01-29T14:30:42Z,2025-03-13T11:17:44Z,feat,feat
633927609,promptfoo/promptfoo,TypeScript,7809,2585777189,4424,Human,2025-06-12T01:56:12Z,2025-06-12T04:04:04Z,fix,fix
710601088,crewAIInc/crewAI,Python,35096,2504456874,2775,Human,2025-05-07T13:47:00Z,2025-05-12T12:10:31Z,feat,feat
172703996,spcl/dace,Python,544,2276824107,1870,Human,2025-01-14T14:05:30Z,2025-01-14T17:44:15Z,refactor,refactor
3618686,katspaugh/wavesurfer.js,TypeScript,9541,2498758499,4085,Human,2025-05-05T13:23:50Z,2025-05-06T06:41:09Z,feat,feat
946178371,OpenPipe/ART,Python,4108,2619492805,163,Human,2025-06-25T22:20:57Z,2025-06-26T17:02:36Z,feat,feat
42926209,microsoft/vscode-vsce,TypeScript,909,2418693759,1124,Human,2025-03-26T08:43:38Z,2025-03-26T09:44:16Z,feat,feat
266445736,owncast/owncast,Go,10375,2438853922,4277,Human,2025-04-04T08:05:35Z,2025-04-06T23:12:03Z,feat,feat
832879402,Kiln-AI/Kiln,Python,4015,2608571818,379,Human,2025-06-20T23:28:45Z,2025-06-21T00:38:49Z,fix,fix
839216423,liam-hq/liam,TypeScript,4194,2436125658,1102,Human,2025-04-03T07:01:26Z,2025-04-03T11:11:17Z,feat,feat
826170402,elizaOS/eliza,TypeScript,16507,2603053611,5186,Human,2025-06-18T22:26:19Z,2025-06-24T16:24:30Z,feat,feat
131619646,dagster-io/dagster,Python,13669,2280794084,27142,Human,2025-01-16T03:10:12Z,2025-01-20T22:18:37Z,feat,feat
338529997,gridaco/grida,TypeScript,2138,2526815074,334,Human,2025-05-18T10:10:14Z,2025-05-18T11:03:50Z,feat,feat
283046497,airbytehq/airbyte,Python,19011,2542934986,60906,Human,2025-05-26T03:51:32Z,2025-05-28T20:28:07Z,fix,fix
886899801,vlm-run/vlmrun-hub,Python,528,2315722929,82,Human,2025-02-04T17:04:21Z,2025-02-04T18:21:15Z,feat,feat
781914762,julep-ai/julep,Python,5629,2400813849,1264,Human,2025-03-18T12:48:59Z,2025-03-20T06:34:01Z,feat,feat
742063678,crewAIInc/crewAI-tools,Python,1177,2480335338,285,Human,2025-04-24T23:04:57Z,2025-05-05T18:15:51Z,fix,fix
398753576,pdfme/pdfme,TypeScript,3389,2558323935,1039,Human,2025-06-01T16:04:25Z,2025-06-02T00:16:33Z,feat,feat
828119367,yamadashy/repomix,TypeScript,18206,2328505974,348,Human,2025-02-11T11:37:34Z,2025-02-11T12:22:39Z,fix,fix
349372179,lightdash/lightdash,TypeScript,4935,2329403779,13628,Human,2025-02-11T18:07:56Z,2025-02-12T10:37:05Z,fix,fix
108311273,Azure/azure-sdk-for-js,TypeScript,2222,2581740545,34768,Human,2025-06-10T15:19:39Z,2025-06-10T15:46:26Z,feat,feat
350360184,calcom/cal.com,TypeScript,37399,2519208663,21304,Human,2025-05-14T12:42:15Z,2025-05-15T08:33:38Z,fix,fix
381857226,microsoft/typespec,Java,5285,2383030495,6345,Human,2025-03-10T18:42:30Z,2025-03-10T22:34:24Z,fix,fix
742063678,crewAIInc/crewAI-tools,Python,1177,2307912274,198,Human,2025-01-30T23:10:29Z,2025-01-31T17:40:32Z,feat,feat
762304524,ComposioHQ/composio,TypeScript,25592,2532859036,1596,Human,2025-05-21T00:08:10Z,2025-05-21T00:11:20Z,fix,fix
52729242,keepassxreboot/keepassxc,C++,23773,2352602858,11787,Human,2025-02-24T03:47:27Z,2025-03-01T22:14:13Z,fix,fix
678526156,marimo-team/marimo,Python,14933,2505083825,4838,Human,2025-05-07T17:47:47Z,2025-05-07T18:05:16Z,fix,fix
587050620,stanfordnlp/dspy,Python,26818,2396520749,7972,Human,2025-03-17T02:09:41Z,2025-03-17T14:52:36Z,fix,fix
172811550,cartography-cncf/cartography,Python,3491,2449229785,1520,Human,2025-04-09T18:01:52Z,2025-04-09T22:36:07Z,fix,fix
463116412,seasonedcc/remix-forms,TypeScript,517,2260834852,261,Human,2025-01-05T17:56:32Z,2025-01-06T14:45:15Z,refactor,refactor
787076358,mendableai/firecrawl,TypeScript,43970,2552168164,1604,Human,2025-05-29T13:13:08Z,2025-05-29T13:26:07Z,feat,feat
217654199,microsoft/msquic,C,4416,2471085128,5032,Human,2025-04-21T11:27:29Z,2025-04-21T23:25:24Z,fix,fix
275993885,appsmithorg/appsmith,TypeScript,37596,2523890640,40671,Human,2025-05-16T08:07:26Z,2025-05-21T08:01:17Z,feat,feat
710601088,crewAIInc/crewAI,Python,35096,2286429519,1927,Human,2025-01-20T00:00:12Z,2025-01-29T14:37:22Z,fix,fix
955904085,antiwork/flexile,Ruby,665,2456089981,120,Human,2025-04-13T13:49:05Z,2025-04-13T19:12:28Z,fix,fix
967116984,langchain-ai/open-agent-platform,TypeScript,1479,2523344588,223,Human,2025-05-16T00:26:53Z,2025-05-16T00:28:39Z,fix,fix
710601088,crewAIInc/crewAI,Python,35096,2621480434,3072,Human,2025-06-26T15:02:42Z,2025-06-26T16:29:06Z,fix,fix
167828165,ArthurSonzogni/FTXUI,C++,8551,2300418250,995,Human,2025-01-27T17:15:58Z,2025-01-27T17:21:59Z,feat,feat
826170402,elizaOS/eliza,TypeScript,16507,2416306793,4061,Human,2025-03-25T11:00:01Z,2025-03-25T11:00:18Z,fix,fix
557075997,reflex-dev/reflex,Python,23696,2430313600,5069,Human,2025-04-01T02:27:42Z,2025-04-25T00:34:41Z,feat,feat
8161461,ikarus23/MifareClassicTool,Java,5261,2566690044,521,Human,2025-06-04T09:21:54Z,2025-06-15T10:43:58Z,feat,feat
710601088,crewAIInc/crewAI,Python,35096,2320665719,2048,Human,2025-02-06T19:07:07Z,2025-02-19T21:52:47Z,feat,feat
839216423,liam-hq/liam,TypeScript,4194,2447531022,1258,Human,2025-04-09T05:52:20Z,2025-04-10T05:11:30Z,feat,feat
81314550,wix/react-native-ui-lib,TypeScript,6892,2395983343,3617,Human,2025-03-16T08:25:16Z,2025-03-16T13:48:04Z,feat,feat
621575252,logancyang/obsidian-copilot,TypeScript,5044,2375560130,1337,Human,2025-03-06T07:10:09Z,2025-03-16T22:16:04Z,feat,feat
254328371,NangoHQ/nango,TypeScript,5463,2619081583,4257,Human,2025-06-25T18:49:54Z,2025-06-26T14:21:24Z,fix,fix
430749584,OneKeyHQ/app-monorepo,TypeScript,1995,2257291019,6433,Human,2025-01-02T01:44:02Z,2025-01-02T01:50:07Z,fix,fix
215654064,temporalio/temporal,Go,15103,2313578630,7224,Human,2025-02-03T20:25:25Z,2025-02-05T18:32:04Z,feat,feat
460077424,PaloAltoNetworks/docusaurus-openapi-docs,TypeScript,937,2494476397,1137,Human,2025-05-01T20:21:57Z,2025-05-01T20:27:45Z,fix,fix
859537060,antiwork/shortest,TypeScript,5179,2426163220,412,Human,2025-03-28T20:24:06Z,2025-03-28T20:40:06Z,feat,feat
967377293,Veloera/Veloera,Go,929,2617911871,109,Human,2025-06-25T11:31:05Z,2025-06-25T11:36:45Z,fix,fix
781914762,julep-ai/julep,Python,5629,2496802096,1351,Human,2025-05-03T10:40:26Z,2025-05-05T07:43:35Z,feat,feat
305144746,tinygrad/tinygrad,Python,29760,2341339009,9154,Human,2025-02-18T08:06:36Z,2025-02-18T08:06:44Z,fix,fix
48009214,microsoft/react-native-windows,C++,16932,2465815937,14568,Human,2025-04-17T11:11:08Z,2025-04-17T15:15:59Z,feat,feat
577492459,a16z/halmos,Python,917,2496790216,505,Human,2025-05-03T10:05:38Z,2025-05-06T00:03:52Z,feat,feat
314230339,golang-design/clipboard,Go,708,2591529956,82,Human,2025-06-13T22:36:10Z,2025-06-14T10:43:23Z,fix,fix
22855240,Azure/azure-sdk-for-go,Go,1739,2358026153,24175,Human,2025-02-26T01:00:36Z,2025-04-30T15:21:58Z,feat,feat
917974798,sam-goodwin/alchemy,TypeScript,750,2474923964,83,Human,2025-04-23T03:06:22Z,2025-04-23T04:33:31Z,feat,feat
839216423,liam-hq/liam,TypeScript,4194,2606660709,2113,Human,2025-06-20T08:47:05Z,2025-06-20T09:38:28Z,fix,fix
955904085,antiwork/flexile,Ruby,665,2611345174,402,Human,2025-06-23T11:26:20Z,2025-06-23T14:06:40Z,fix,fix
710601088,crewAIInc/crewAI,Python,35096,2407260224,2428,Human,2025-03-20T15:05:36Z,2025-03-22T01:59:55Z,feat,feat
430749584,OneKeyHQ/app-monorepo,TypeScript,1995,2620553847,7641,Human,2025-06-26T08:55:51Z,2025-06-26T09:24:25Z,feat,feat
839216423,liam-hq/liam,TypeScript,4194,2465256167,1382,Human,2025-04-17T06:26:16Z,2025-04-17T06:54:21Z,feat,feat
39321023,prebid/Prebid.js,JavaScript,1467,2407665373,12909,Human,2025-03-20T18:00:18Z,2025-03-21T15:46:42Z,fix,fix
1181927,bitcoin/bitcoin,C++,84827,2471548191,32318,Human,2025-04-21T15:51:03Z,2025-04-24T22:10:14Z,fix,fix
275993885,appsmithorg/appsmith,TypeScript,37596,2423744720,39957,Human,2025-03-27T20:58:42Z,2025-03-28T06:25:01Z,fix,fix
33373292,microsoft/ApplicationInsights-JS,TypeScript,671,2466954199,2504,Human,2025-04-17T21:18:13Z,2025-04-30T23:33:03Z,fix,fix
963547829,Shopify/roast,Ruby,754,2597293511,266,Human,2025-06-17T01:35:09Z,2025-06-17T02:52:42Z,feat,feat
283046497,airbytehq/airbyte,Python,19011,2282388423,51585,Human,2025-01-16T17:28:49Z,2025-01-22T00:49:52Z,feat,feat
621803253,FlowiseAI/Flowise,TypeScript,42134,2619369096,4734,Human,2025-06-25T21:09:46Z,2025-06-26T13:55:26Z,fix,fix
914048456,recallnet/js-recall,TypeScript,965,2624575848,764,Human,2025-06-27T14:24:13Z,2025-06-27T15:11:11Z,fix,fix
274495425,remotion-dev/remotion,TypeScript,23319,2288274665,4769,Human,2025-01-20T17:06:58Z,2025-01-23T15:01:35Z,feat,feat
643874750,anyproto/anytype-ts,TypeScript,5854,2509265796,1384,Human,2025-05-09T10:28:29Z,2025-05-09T12:25:00Z,feat,feat
156939672,microsoft/onnxruntime,C++,17361,2472134764,24489,Human,2025-04-21T22:12:06Z,2025-04-22T10:30:13Z,feat,feat
926709003,bytebot-ai/bytebot,TypeScript,931,2574654580,28,Human,2025-06-06T23:05:09Z,2025-06-06T23:07:16Z,fix,fix
674225653,bruin-data/bruin,Go,962,2412702490,537,Human,2025-03-24T05:52:24Z,2025-03-25T08:09:19Z,feat,feat
820087727,onlook-dev/onlook,TypeScript,21192,2288842715,1072,Human,2025-01-21T02:47:58Z,2025-01-27T01:43:24Z,feat,feat
689765175,different-ai/note-companion,TypeScript,696,2289250040,314,Human,2025-01-21T08:23:13Z,2025-01-25T21:16:38Z,feat,feat
41881900,microsoft/vscode,TypeScript,175171,2275476543,237851,Human,2025-01-13T23:32:23Z,2025-01-14T16:17:35Z,feat,feat
839216423,liam-hq/liam,TypeScript,4194,2409026416,959,Human,2025-03-21T09:46:46Z,2025-03-21T11:30:30Z,refactor,refactor
678526156,marimo-team/marimo,Python,14933,2277915906,3437,Human,2025-01-14T22:45:11Z,2025-01-14T23:39:55Z,feat,feat
136202695,mlflow/mlflow,Python,21402,2513290516,15683,Human,2025-05-12T09:35:44Z,2025-05-15T09:29:18Z,refactor,refactor
859537060,antiwork/shortest,TypeScript,5179,2358194493,366,Human,2025-02-26T03:24:58Z,2025-02-26T03:32:12Z,fix,fix
839216423,liam-hq/liam,TypeScript,4194,2447443387,1255,Human,2025-04-09T04:38:34Z,2025-04-21T04:39:41Z,feat,feat
746962176,microsoft/retina,Go,3003,2476745172,1554,Human,2025-04-23T16:26:34Z,2025-04-23T21:23:38Z,fix,fix
917358773,trycompai/comp,TypeScript,950,2427662341,226,Human,2025-03-30T17:53:54Z,2025-03-30T17:54:11Z,refactor,refactor
443220240,tinyplex/tinybase,TypeScript,4639,2521557547,247,Human,2025-05-15T09:50:04Z,2025-05-16T00:13:19Z,feat,feat
955904085,antiwork/flexile,Ruby,665,2591512128,373,Human,2025-06-13T22:25:16Z,2025-06-21T22:32:46Z,feat,feat
839216423,liam-hq/liam,TypeScript,4194,2478383084,1481,Human,2025-04-24T08:18:52Z,2025-04-24T08:54:11Z,feat,feat
917974798,sam-goodwin/alchemy,TypeScript,750,2514630825,171,Human,2025-05-12T18:42:02Z,2025-05-12T19:24:47Z,feat,feat
820087727,onlook-dev/onlook,TypeScript,21192,2421225050,1681,Human,2025-03-27T05:16:55Z,2025-03-27T22:41:30Z,refactor,refactor
3328572,getsentry/sentry-javascript,TypeScript,8353,2413604483,15796,Human,2025-03-24T12:29:01Z,2025-03-25T14:52:52Z,feat,feat
195619075,vdaas/vald,Go,1629,2330194988,2841,Human,2025-02-12T02:22:41Z,2025-02-12T03:11:03Z,fix,fix
500289888,formbricks/formbricks,TypeScript,11035,2566318319,5931,Human,2025-06-04T06:54:22Z,2025-06-11T05:19:40Z,fix,fix
742063678,crewAIInc/crewAI-tools,Python,1177,2476088746,280,Human,2025-04-23T12:38:49Z,2025-04-23T14:29:07Z,fix,fix
39321023,prebid/Prebid.js,JavaScript,1467,2450858285,12985,Human,2025-04-10T11:23:29Z,2025-04-10T19:42:03Z,fix,fix
430749584,OneKeyHQ/app-monorepo,TypeScript,1995,2450581175,7072,Human,2025-04-10T09:23:21Z,2025-04-10T09:44:50Z,fix,fix
349372179,lightdash/lightdash,TypeScript,4935,2584734731,15290,Human,2025-06-11T15:58:45Z,2025-06-12T15:34:21Z,feat,feat
764642350,stack-auth/stack-auth,TypeScript,6033,2363467111,488,Human,2025-02-28T00:50:09Z,2025-03-04T01:48:38Z,feat,feat
106462765,microsoft/vscode-python,TypeScript,4457,2410036907,24925,Human,2025-03-21T16:58:57Z,2025-03-24T15:35:45Z,fix,fix
430749584,OneKeyHQ/app-monorepo,TypeScript,1995,2553955946,7464,Human,2025-05-30T07:19:30Z,2025-05-30T07:34:36Z,fix,fix
29301872,OpenHFT/Chronicle-Wire,Java,557,2563706628,1197,Human,2025-06-03T12:02:42Z,2025-06-03T12:07:02Z,feat,feat
471728341,heyverse/hey,TypeScript,29352,2592722565,5770,Human,2025-06-14T16:28:23Z,2025-06-14T16:28:30Z,feat,feat
674225653,bruin-data/bruin,Go,962,2584281152,772,Human,2025-06-11T13:35:45Z,2025-06-11T14:39:15Z,feat,feat
955904085,antiwork/flexile,Ruby,665,2482026637,194,Human,2025-04-25T16:42:58Z,2025-04-25T19:19:44Z,feat,feat
350360184,calcom/cal.com,TypeScript,37399,2383521949,19930,Human,2025-03-11T00:01:35Z,2025-03-11T07:51:34Z,fix,fix
839216423,liam-hq/liam,TypeScript,4194,2457057045,1342,Human,2025-04-14T09:07:07Z,2025-04-14T12:19:00Z,feat,feat
828119367,yamadashy/repomix,TypeScript,18206,2527443697,577,Human,2025-05-19T03:33:09Z,2025-05-19T12:52:07Z,fix,fix
832879402,Kiln-AI/Kiln,Python,4015,2345504485,210,Human,2025-02-19T20:32:37Z,2025-02-19T20:56:12Z,feat,feat
365739812,tldraw/tldraw,TypeScript,41090,2493589524,5985,Human,2025-05-01T11:01:03Z,2025-05-02T12:24:57Z,refactor,refactor
430749584,OneKeyHQ/app-monorepo,TypeScript,1995,2545005196,7416,Human,2025-05-27T00:38:51Z,2025-05-29T01:47:31Z,feat,feat
826170402,elizaOS/eliza,TypeScript,16507,2342198131,3573,Human,2025-02-18T14:19:38Z,2025-02-18T14:19:56Z,feat,feat
95743138,box/box-ui-elements,JavaScript,546,2565897351,4128,Human,2025-06-04T03:01:46Z,2025-06-05T05:04:36Z,feat,feat
959682770,antiwork/gumroad,Ruby,6643,2439114399,28,Human,2025-04-04T10:07:00Z,2025-04-04T10:07:34Z,refactor,refactor
542017915,Kanaries/graphic-walker,TypeScript,2898,2376677305,431,Human,2025-03-06T15:59:40Z,2025-03-06T16:00:25Z,fix,fix
143846881,okteto/okteto,Go,3420,2453981087,4701,Human,2025-04-11T14:28:46Z,2025-04-15T10:15:01Z,fix,fix
958026130,featureform/enrichmcp,Python,583,2602539480,75,Human,2025-06-18T18:06:47Z,2025-06-19T15:11:03Z,feat,feat
859537060,antiwork/shortest,TypeScript,5179,2318887580,319,Human,2025-02-06T02:25:02Z,2025-02-06T02:30:55Z,refactor,refactor
274495425,remotion-dev/remotion,TypeScript,23319,2356269584,4929,Human,2025-02-25T10:22:06Z,2025-02-25T10:38:23Z,fix,fix
860100131,microsoft/typescript-go,Go,21439,2609280111,1260,Human,2025-06-21T20:32:06Z,2025-06-24T04:42:31Z,fix,fix
781914762,julep-ai/julep,Python,5629,2317921458,1131,Human,2025-02-05T15:33:30Z,2025-02-07T08:23:39Z,fix,fix
781914762,julep-ai/julep,Python,5629,2480226947,1333,Human,2025-04-24T21:29:58Z,2025-04-26T05:13:58Z,feat,feat
39321023,prebid/Prebid.js,JavaScript,1467,2616350431,13429,Human,2025-06-24T22:30:28Z,2025-06-25T15:04:15Z,feat,feat
394207324,Edgenesis/shifu,Go,1359,2362132473,1142,Human,2025-02-27T12:52:32Z,2025-03-05T02:51:09Z,fix,fix
839216423,liam-hq/liam,TypeScript,4194,2390380420,890,Human,2025-03-13T09:41:50Z,2025-03-14T06:16:51Z,fix,fix
2579069,datopian/portaljs,TypeScript,2233,2544522489,1379,Human,2025-05-26T17:00:46Z,2025-05-27T11:21:42Z,feat,feat
4127088,Azure/azure-sdk-for-python,Python,5011,2532005088,41223,Human,2025-05-20T16:01:29Z,2025-05-20T18:43:20Z,fix,fix
350360184,calcom/cal.com,TypeScript,37399,2359936684,19576,Human,2025-02-26T15:13:59Z,2025-02-26T15:37:26Z,feat,feat
881221486,volcengine/verl,Python,11675,2576376243,1911,Human,2025-06-08T06:51:40Z,2025-06-23T21:03:35Z,feat,feat
839216423,liam-hq/liam,TypeScript,4194,2383917288,849,Human,2025-03-11T05:20:06Z,2025-03-11T09:36:04Z,feat,feat
215838955,temporalio/sdk-go,Go,687,2597267391,1974,Human,2025-06-17T01:11:26Z,2025-06-17T16:29:13Z,fix,fix
959682770,antiwork/gumroad,Ruby,6643,2510517213,226,Human,2025-05-09T20:43:59Z,2025-05-09T21:32:57Z,feat,feat
947387660,leonardsellem/n8n-mcp-server,TypeScript,1041,2564165643,24,Human,2025-06-03T14:19:28Z,2025-06-03T14:19:39Z,fix,fix
349372179,lightdash/lightdash,TypeScript,4935,2271882367,13213,Human,2025-01-11T08:34:30Z,2025-01-14T10:25:08Z,fix,fix
764642350,stack-auth/stack-auth,TypeScript,6033,2354845232,462,Human,2025-02-24T22:15:59Z,2025-02-27T00:55:45Z,feat,feat
121814210,primer/react,TypeScript,3613,2262284471,5492,Human,2025-01-06T16:42:52Z,2025-01-27T19:24:30Z,feat,feat
314553426,maplibre/maplibre-native,C++,1433,2469100972,3412,Human,2025-04-18T22:20:20Z,2025-04-19T11:01:56Z,feat,feat
381857226,microsoft/typespec,Java,5285,2494010887,7199,Human,2025-05-01T15:31:28Z,2025-05-02T18:34:38Z,refactor,refactor
674225653,bruin-data/bruin,Go,962,2478174447,612,Human,2025-04-24T06:52:14Z,2025-04-24T07:50:22Z,feat,feat
199344833,angular-eslint/angular-eslint,TypeScript,1737,2380075067,2294,Human,2025-03-08T08:31:52Z,2025-03-08T14:28:05Z,fix,fix
275993885,appsmithorg/appsmith,TypeScript,37596,2300714734,38858,Human,2025-01-27T19:53:03Z,2025-01-28T08:17:00Z,fix,fix
939311749,alexpfau/calendar-card-pro,TypeScript,855,2573275976,246,Human,2025-06-06T11:47:02Z,2025-06-21T19:26:44Z,feat,feat
529729250,thirdweb-dev/js,TypeScript,538,2481921806,6859,Human,2025-04-25T15:51:02Z,2025-04-25T16:11:45Z,feat,feat
526514610,dust-tt/dust,TypeScript,1171,2515866115,12562,Human,2025-05-13T08:35:51Z,2025-05-14T09:15:40Z,feat,feat
771479895,lingodotdev/lingo.dev,TypeScript,2784,2617611898,960,Human,2025-06-25T09:36:26Z,2025-06-25T10:06:27Z,fix,fix
430749584,OneKeyHQ/app-monorepo,TypeScript,1995,2390504844,6876,Human,2025-03-13T10:27:59Z,2025-03-13T11:33:51Z,fix,fix
350360184,calcom/cal.com,TypeScript,37399,2276622086,18651,Human,2025-01-14T12:21:58Z,2025-01-14T13:36:20Z,fix,fix
2928948,Azure/azure-sdk-for-java,Java,2506,2348251983,44306,Human,2025-02-20T22:44:08Z,2025-02-21T05:00:25Z,feat,feat
28928522,wolfSSL/wolfssl,C,2562,2616404981,8921,Human,2025-06-24T23:09:07Z,2025-06-28T03:26:18Z,feat,feat
806618581,afadil/wealthfolio,TypeScript,5304,2597285478,297,Human,2025-06-17T01:28:24Z,2025-06-17T01:28:45Z,feat,feat
39321023,prebid/Prebid.js,JavaScript,1467,2357373629,12808,Human,2025-02-25T17:40:58Z,2025-02-27T14:51:39Z,feat,feat
678526156,marimo-team/marimo,Python,14933,2487549923,4718,Human,2025-04-29T02:47:30Z,2025-04-29T13:19:22Z,fix,fix
283046497,airbytehq/airbyte,Python,19011,2414338451,56369,Human,2025-03-24T17:08:25Z,2025-03-24T19:36:00Z,fix,fix
400215964,novuhq/novu,TypeScript,37349,2527114426,8327,Human,2025-05-18T18:49:21Z,2025-05-19T14:04:25Z,feat,feat
839216423,liam-hq/liam,TypeScript,4194,2481453220,1516,Human,2025-04-25T12:18:19Z,2025-04-28T00:23:47Z,feat,feat
955904085,antiwork/flexile,Ruby,665,2481839249,191,Human,2025-04-25T15:09:03Z,2025-04-25T15:45:25Z,feat,feat
39321023,prebid/Prebid.js,JavaScript,1467,2513471326,13092,Human,2025-05-12T10:45:34Z,2025-06-11T02:57:02Z,feat,feat
41881900,microsoft/vscode,TypeScript,175171,2479350168,247314,Human,2025-04-24T14:38:54Z,2025-04-24T14:52:46Z,fix,fix
710601088,crewAIInc/crewAI,Python,35096,2582168338,2988,Human,2025-06-10T18:17:19Z,2025-06-12T17:14:34Z,feat,feat
350360184,calcom/cal.com,TypeScript,37399,2381646718,19892,Human,2025-03-10T09:12:46Z,2025-03-10T11:05:15Z,fix,fix
828119367,yamadashy/repomix,TypeScript,18206,2310804918,331,Human,2025-02-01T15:12:42Z,2025-02-01T15:16:21Z,feat,feat
710601088,crewAIInc/crewAI,Python,35096,2309721352,2018,Human,2025-01-31T17:34:58Z,2025-01-31T17:53:58Z,feat,feat
894659403,goat-sdk/goat,TypeScript,798,2259264123,170,Human,2025-01-03T13:33:00Z,2025-01-03T13:53:45Z,feat,feat
781914762,julep-ai/julep,Python,5629,2315949481,1127,Human,2025-02-04T19:10:37Z,2025-02-05T11:02:43Z,fix,fix
710601088,crewAIInc/crewAI,Python,35096,2425787906,2495,Human,2025-03-28T17:02:11Z,2025-03-28T20:17:53Z,fix,fix
710601088,crewAIInc/crewAI,Python,35096,2432652514,2510,Human,2025-04-01T21:37:42Z,2025-04-07T17:40:35Z,feat,feat
839216423,liam-hq/liam,TypeScript,4194,2312086612,649,Human,2025-02-03T08:47:19Z,2025-02-03T09:22:32Z,feat,feat
217654199,microsoft/msquic,C,4416,2305762055,4774,Human,2025-01-29T23:43:23Z,2025-01-30T18:08:04Z,feat,feat
234231371,gofiber/fiber,Go,37269,2539213449,3468,Human,2025-05-23T08:35:11Z,2025-05-23T08:47:05Z,refactor,refactor
894659403,goat-sdk/goat,TypeScript,798,2284670608,243,Human,2025-01-17T16:33:30Z,2025-01-24T09:13:33Z,feat,feat
430749584,OneKeyHQ/app-monorepo,TypeScript,1995,2470888555,7184,Human,2025-04-21T09:25:49Z,2025-04-21T09:37:29Z,fix,fix
598261814,huggingface/huggingface.js,TypeScript,2185,2453464080,1349,Human,2025-04-11T10:32:06Z,2025-04-15T14:27:27Z,feat,feat
95743138,box/box-ui-elements,JavaScript,546,2329309009,3921,Human,2025-02-11T17:22:22Z,2025-02-12T19:26:18Z,feat,feat
156939672,microsoft/onnxruntime,C++,17361,2569040246,24962,Human,2025-06-05T04:09:57Z,2025-06-25T03:27:29Z,feat,feat
39321023,prebid/Prebid.js,JavaScript,1467,2269279595,12637,Human,2025-01-09T21:51:02Z,2025-01-09T22:03:20Z,fix,fix
178976529,bentoml/BentoML,Python,7934,2335796498,5214,Human,2025-02-14T10:36:47Z,2025-02-14T10:47:36Z,fix,fix
381857226,microsoft/typespec,Java,5285,2282773242,5639,Human,2025-01-16T21:14:50Z,2025-01-22T20:27:32Z,fix,fix
136202695,mlflow/mlflow,Python,21402,2325040153,14522,Human,2025-02-10T04:11:17Z,2025-02-12T07:45:47Z,fix,fix
365739812,tldraw/tldraw,TypeScript,41090,2261607615,5168,Human,2025-01-06T09:49:15Z,2025-01-06T17:30:15Z,feat,feat
781914762,julep-ai/julep,Python,5629,2353057321,1184,Human,2025-02-24T09:12:18Z,2025-02-24T11:12:38Z,fix,fix
678526156,marimo-team/marimo,Python,14933,2505436254,4840,Human,2025-05-07T20:42:43Z,2025-05-08T14:43:42Z,fix,fix
29301872,OpenHFT/Chronicle-Wire,Java,557,2347445194,989,Human,2025-02-20T15:33:45Z,2025-03-04T10:59:44Z,fix,fix
839216423,liam-hq/liam,TypeScript,4194,2594636668,2025,Human,2025-06-16T06:50:31Z,2025-06-16T07:22:53Z,refactor,refactor
710601088,crewAIInc/crewAI,Python,35096,2384903678,2336,Human,2025-03-11T12:01:23Z,2025-04-09T12:59:38Z,fix,fix
274495425,remotion-dev/remotion,TypeScript,23319,2529594165,5301,Human,2025-05-19T19:27:31Z,2025-05-20T06:10:55Z,feat,feat
430749584,OneKeyHQ/app-monorepo,TypeScript,1995,2435637000,7015,Human,2025-04-03T01:57:26Z,2025-04-03T02:12:44Z,fix,fix
283046497,airbytehq/airbyte,Python,19011,2285805861,51913,Human,2025-01-18T19:53:09Z,2025-01-19T02:35:28Z,fix,fix
839216423,liam-hq/liam,TypeScript,4194,2481080889,1511,Human,2025-04-25T09:19:11Z,2025-04-25T12:39:06Z,feat,feat
955904085,antiwork/flexile,Ruby,665,2447357573,91,Human,2025-04-09T03:07:33Z,2025-04-14T18:53:38Z,refactor,refactor
350360184,calcom/cal.com,TypeScript,37399,2552141292,21622,Human,2025-05-29T13:02:09Z,2025-05-30T07:48:04Z,feat,feat
689765175,different-ai/note-companion,TypeScript,696,2390050288,362,Human,2025-03-13T07:26:41Z,2025-03-13T16:24:50Z,feat,feat
237647258,meshtastic/firmware,C++,5215,2375316863,6242,Human,2025-03-06T04:12:13Z,2025-03-06T09:55:08Z,feat,feat
955904085,antiwork/flexile,Ruby,665,2474638878,170,Human,2025-04-22T22:00:06Z,2025-04-23T21:40:28Z,feat,feat
839216423,liam-hq/liam,TypeScript,4194,2447985807,1272,Human,2025-04-09T09:13:01Z,2025-04-10T06:32:38Z,fix,fix
127246132,reown-com/appkit,TypeScript,5202,2278993963,3648,Human,2025-01-15T12:00:14Z,2025-01-16T09:38:47Z,fix,fix
365739812,tldraw/tldraw,TypeScript,41090,2552030787,6144,Human,2025-05-29T12:11:13Z,2025-05-29T12:45:33Z,fix,fix
787076358,mendableai/firecrawl,TypeScript,43970,2343133415,1201,Human,2025-02-18T21:08:53Z,2025-02-19T17:42:33Z,feat,feat
922423439,jina-ai/node-DeepResearch,TypeScript,4693,2465092498,98,Human,2025-04-17T04:18:54Z,2025-06-10T03:55:46Z,feat,feat
820087727,onlook-dev/onlook,TypeScript,21192,2395652552,1610,Human,2025-03-15T19:29:00Z,2025-03-15T19:29:20Z,fix,fix
955904085,antiwork/flexile,Ruby,665,2486864456,229,Human,2025-04-28T20:25:32Z,2025-05-02T17:48:59Z,refactor,refactor
895253710,Blaizzy/mlx-audio,Python,2524,2539239103,182,Human,2025-05-23T08:46:54Z,2025-05-24T10:58:44Z,feat,feat
945671748,openops-cloud/openops,TypeScript,908,2491786354,531,Human,2025-04-30T15:15:21Z,2025-04-30T15:26:51Z,fix,fix
839216423,liam-hq/liam,TypeScript,4194,2311909414,648,Human,2025-02-03T07:11:41Z,2025-02-03T07:32:38Z,refactor,refactor
29301872,OpenHFT/Chronicle-Wire,Java,557,2257049791,983,Human,2025-01-01T13:12:56Z,2025-01-08T03:49:00Z,fix,fix
710601088,crewAIInc/crewAI,Python,35096,2534242211,2876,Human,2025-05-21T12:23:58Z,2025-05-21T12:31:13Z,fix,fix
48009214,microsoft/react-native-windows,C++,16932,2360731923,14374,Human,2025-02-26T21:25:19Z,2025-02-26T23:41:54Z,fix,fix
95743138,box/box-ui-elements,JavaScript,546,2374138545,4007,Human,2025-03-05T17:44:12Z,2025-03-10T20:00:08Z,refactor,refactor
839216423,liam-hq/liam,TypeScript,4194,2281115522,476,Human,2025-01-16T07:50:24Z,2025-01-20T04:54:39Z,fix,fix
350360184,calcom/cal.com,TypeScript,37399,2498915494,21116,Human,2025-05-05T14:20:16Z,2025-05-05T15:30:56Z,fix,fix
108311273,Azure/azure-sdk-for-js,TypeScript,2222,2398766949,33412,Human,2025-03-17T18:39:30Z,2025-03-17T19:52:21Z,fix,fix
349372179,lightdash/lightdash,TypeScript,4935,2460199669,14421,Human,2025-04-15T09:58:57Z,2025-04-15T14:13:11Z,fix,fix
254328371,NangoHQ/nango,TypeScript,5463,2329301487,3509,Human,2025-02-11T17:18:42Z,2025-02-17T12:52:00Z,fix,fix
540527604,TobikoData/sqlmesh,Python,2499,2364508628,3927,Human,2025-02-28T12:54:24Z,2025-02-28T15:28:43Z,fix,fix
742063678,crewAIInc/crewAI-tools,Python,1177,2301717301,197,Human,2025-01-28T09:14:35Z,2025-03-21T17:54:51Z,fix,fix
408858330,raycast/extensions,TypeScript,6499,2336485928,17055,Human,2025-02-14T15:48:48Z,2025-02-15T06:12:11Z,feat,feat
29933948,fluent/fluent-bit,C,7110,2473859555,10237,Human,2025-04-22T14:56:41Z,2025-04-22T21:58:36Z,fix,fix
27631673,microsoft/azure-pipelines-tasks,TypeScript,3569,2596211432,21086,Human,2025-06-16T16:06:44Z,2025-06-19T05:47:20Z,feat,feat
463116412,seasonedcc/remix-forms,TypeScript,517,2270484861,276,Human,2025-01-10T13:18:45Z,2025-01-10T13:25:25Z,fix,fix
678526156,marimo-team/marimo,Python,14933,2609301316,5403,Human,2025-06-21T20:59:26Z,2025-06-24T03:22:23Z,fix,fix
31625029,zeroc-ice/ice,C++,2124,2505240229,3947,Human,2025-05-07T19:01:31Z,2025-05-07T22:07:49Z,refactor,refactor
839216423,liam-hq/liam,TypeScript,4194,2463084844,1371,Human,2025-04-16T09:50:27Z,2025-04-17T12:56:42Z,feat,feat
349372179,lightdash/lightdash,TypeScript,4935,2495943784,14652,Human,2025-05-02T15:44:34Z,2025-05-07T12:29:17Z,fix,fix
39321023,prebid/Prebid.js,JavaScript,1467,2540005310,13145,Human,2025-05-23T14:15:25Z,2025-05-23T15:47:27Z,fix,fix
626117554,mrwadams/stride-gpt,Python,794,2551459402,73,Human,2025-05-29T07:57:26Z,2025-05-29T07:57:45Z,feat,feat
675293325,ben-sb/obfuscator-io-deobfuscator,TypeScript,585,2352235754,44,Human,2025-02-23T17:43:25Z,2025-02-23T17:43:36Z,feat,feat
350360184,calcom/cal.com,TypeScript,37399,2348645569,19421,Human,2025-02-21T04:04:06Z,2025-02-21T06:02:51Z,fix,fix
946178371,OpenPipe/ART,Python,4108,2492871484,91,Human,2025-04-30T23:44:39Z,2025-05-01T00:32:13Z,refactor,refactor
787076358,mendableai/firecrawl,TypeScript,43970,2439147593,1411,Human,2025-04-04T10:20:21Z,2025-04-04T15:54:37Z,fix,fix
95743138,box/box-ui-elements,JavaScript,546,2297707344,3868,Human,2025-01-24T22:18:04Z,2025-01-25T00:31:27Z,fix,fix
720209383,CapSoftware/Cap,TypeScript,10645,2296367778,252,Human,2025-01-24T09:41:31Z,2025-01-24T10:02:56Z,refactor,refactor
350360184,calcom/cal.com,TypeScript,37399,2437164499,20528,Human,2025-04-03T14:04:22Z,2025-04-03T14:04:39Z,feat,feat
820087727,onlook-dev/onlook,TypeScript,21192,2550355951,1945,Human,2025-05-28T18:51:58Z,2025-05-28T18:54:29Z,fix,fix
219046009,wait4x/wait4x,Go,720,2364925040,378,Human,2025-02-28T16:08:24Z,2025-02-28T19:49:13Z,refactor,refactor
95743138,box/box-ui-elements,JavaScript,546,2510449669,4098,Human,2025-05-09T19:58:36Z,2025-05-09T21:01:36Z,feat,feat
108311273,Azure/azure-sdk-for-js,TypeScript,2222,2360878549,33222,Human,2025-02-26T23:11:53Z,2025-02-27T01:14:42Z,refactor,refactor
95743138,box/box-ui-elements,JavaScript,546,2369070853,4003,Human,2025-03-03T20:47:19Z,2025-03-03T20:57:30Z,fix,fix
838093526,JoshuaC215/agent-service-toolkit,Python,3385,2305996944,158,Human,2025-01-30T04:02:11Z,2025-01-30T04:10:58Z,feat,feat
820087727,onlook-dev/onlook,TypeScript,21192,2396837621,1626,Human,2025-03-17T06:28:29Z,2025-03-17T06:36:59Z,fix,fix
839216423,liam-hq/liam,TypeScript,4194,2412817940,972,Human,2025-03-24T06:59:12Z,2025-03-25T05:27:39Z,feat,feat
756594023,bruin-data/ingestr,Python,3047,2532214135,199,Human,2025-05-20T17:38:17Z,2025-05-22T14:29:59Z,feat,feat
710601088,crewAIInc/crewAI,Python,35096,2322590988,2056,Human,2025-02-07T15:55:58Z,2025-02-07T15:58:39Z,fix,fix
705022737,tegnike/aituber-kit,TypeScript,698,2560365679,409,Human,2025-06-02T11:51:49Z,2025-06-02T15:03:50Z,feat,feat
392073243,hcengineering/platform,TypeScript,22025,2434360739,8440,Human,2025-04-02T14:27:13Z,2025-04-02T14:58:57Z,fix,fix
48009214,microsoft/react-native-windows,C++,16932,2505643359,14648,Human,2025-05-07T23:07:53Z,2025-05-14T17:14:28Z,feat,feat
839216423,liam-hq/liam,TypeScript,4194,2620023691,2225,Human,2025-06-26T05:05:55Z,2025-06-26T09:39:28Z,feat,feat
873328,getsentry/sentry,Python,41579,2397521401,87169,Human,2025-03-17T11:04:33Z,2025-03-17T15:26:28Z,feat,feat
633927609,promptfoo/promptfoo,TypeScript,7809,2421585261,3507,Human,2025-03-27T08:01:52Z,2025-03-28T23:30:52Z,fix,fix
671269505,BerriAI/litellm,Python,26663,2367039735,8947,Human,2025-03-03T02:39:00Z,2025-03-03T05:36:55Z,fix,fix
922423439,jina-ai/node-DeepResearch,TypeScript,4693,2332826951,62,Human,2025-02-13T04:47:58Z,2025-02-13T04:58:46Z,feat,feat
4038949,traccar/traccar,Java,6182,2338490717,5512,Human,2025-02-17T00:16:52Z,2025-02-17T03:37:08Z,fix,fix
859537060,antiwork/shortest,TypeScript,5179,2330183768,338,Human,2025-02-12T02:09:58Z,2025-02-28T02:15:29Z,feat,feat
275993885,appsmithorg/appsmith,TypeScript,37596,2438853287,40083,Human,2025-04-04T08:05:14Z,2025-04-04T08:29:09Z,refactor,refactor
338529997,gridaco/grida,TypeScript,2138,2470029665,304,Human,2025-04-20T12:06:36Z,2025-04-20T12:21:48Z,feat,feat
839216423,liam-hq/liam,TypeScript,4194,2301367182,598,Human,2025-01-28T05:20:59Z,2025-01-28T05:33:41Z,feat,feat
20929025,microsoft/TypeScript,TypeScript,105450,2281530917,60980,Human,2025-01-16T11:04:18Z,2025-01-18T06:08:12Z,fix,fix
922423439,jina-ai/node-DeepResearch,TypeScript,4693,2536676935,111,Human,2025-05-22T10:00:02Z,2025-06-05T02:42:39Z,fix,fix
80874333,MikePopoloski/slang,C++,799,2302630225,1225,Human,2025-01-28T15:43:31Z,2025-01-28T17:52:02Z,fix,fix
199344833,angular-eslint/angular-eslint,TypeScript,1737,2305101202,2225,Human,2025-01-29T17:32:14Z,2025-02-09T11:57:32Z,fix,fix
430749584,OneKeyHQ/app-monorepo,TypeScript,1995,2467929499,7153,Human,2025-04-18T09:22:59Z,2025-04-18T13:14:06Z,fix,fix
894659403,goat-sdk/goat,TypeScript,798,2287250789,250,Human,2025-01-20T10:13:30Z,2025-01-20T10:18:02Z,feat,feat
633927609,promptfoo/promptfoo,TypeScript,7809,2286389086,2746,Human,2025-01-19T21:55:55Z,2025-01-19T22:01:29Z,refactor,refactor
166018537,elixir-lsp/vscode-elixir-ls,TypeScript,571,2585421980,476,Human,2025-06-11T21:08:09Z,2025-06-11T22:08:42Z,fix,fix
274495425,remotion-dev/remotion,TypeScript,23319,2522723078,5292,Human,2025-05-15T17:26:00Z,2025-05-16T07:14:27Z,feat,feat
61980658,azerothcore/azerothcore-wotlk,C++,7292,2311202049,21310,Human,2025-02-02T11:28:07Z,2025-03-17T11:23:01Z,fix,fix
966653795,AmoyLab/Unla,TypeScript,1497,2545170205,118,Human,2025-05-27T03:24:35Z,2025-05-29T08:35:25Z,feat,feat
820087727,onlook-dev/onlook,TypeScript,21192,2625652637,2294,Human,2025-06-28T00:24:53Z,2025-06-28T01:32:30Z,refactor,refactor
221931137,celestiaorg/celestia-core,Go,531,2392561057,1676,Human,2025-03-14T03:56:29Z,2025-03-17T05:22:13Z,feat,feat
978331188,microsoft/magentic-ui,Python,6674,2606069562,209,Human,2025-06-20T02:39:12Z,2025-06-20T22:24:52Z,feat,feat
159556794,go-vikunja/vikunja,Go,2080,2533685733,808,Human,2025-05-21T08:43:16Z,2025-05-21T19:34:15Z,feat,feat
963547829,Shopify/roast,Ruby,754,2581738136,152,Human,2025-06-10T15:18:52Z,2025-06-10T19:43:44Z,refactor,refactor
29273084,pydata/pandas-datareader,Python,3080,2434638102,1001,Human,2025-04-02T15:52:16Z,2025-04-03T10:44:46Z,fix,fix
529729250,thirdweb-dev/js,TypeScript,538,2417335994,6551,Human,2025-03-25T17:33:36Z,2025-03-27T18:47:31Z,feat,feat
398753576,pdfme/pdfme,TypeScript,3389,2355084595,752,Human,2025-02-25T01:01:59Z,2025-02-28T07:42:29Z,fix,fix
655060914,GodsScion/Auto_job_applier_linkedIn,Python,872,2441758104,45,Human,2025-04-06T17:22:46Z,2025-04-06T17:22:53Z,feat,feat
155915287,thefrontside/effection,TypeScript,716,2327381029,973,Human,2025-02-10T22:37:21Z,2025-02-14T15:49:36Z,fix,fix
788715163,JMBeresford/retrom,TypeScript,1216,2343336718,260,Human,2025-02-18T23:31:12Z,2025-02-23T16:42:30Z,feat,feat
764642350,stack-auth/stack-auth,TypeScript,6033,2307722648,412,Human,2025-01-30T20:51:18Z,2025-01-31T00:25:29Z,feat,feat
764642350,stack-auth/stack-auth,TypeScript,6033,2346316820,451,Human,2025-02-20T07:07:36Z,2025-02-20T17:53:39Z,fix,fix
955904085,antiwork/flexile,Ruby,665,2458063313,127,Human,2025-04-14T16:05:15Z,2025-04-14T17:29:26Z,fix,fix
955904085,antiwork/flexile,Ruby,665,2494301864,249,Human,2025-05-01T18:37:13Z,2025-05-01T18:49:14Z,fix,fix
595832198,Helicone/helicone,TypeScript,4259,2334813369,3260,Human,2025-02-13T21:57:11Z,2025-02-13T22:38:41Z,feat,feat
764642350,stack-auth/stack-auth,TypeScript,6033,2303552110,409,Human,2025-01-29T02:34:40Z,2025-02-02T01:46:21Z,feat,feat
274495425,remotion-dev/remotion,TypeScript,23319,2461046465,5152,Human,2025-04-15T15:20:08Z,2025-04-16T14:59:27Z,feat,feat
784546140,jina-ai/reader,TypeScript,9021,2433349042,1181,Human,2025-04-02T07:26:36Z,2025-04-02T07:26:43Z,fix,fix
644499668,SimonHalvdansson/Harmonic-HN,Java,746,2591971574,222,Human,2025-06-14T05:50:08Z,2025-06-14T07:31:46Z,fix,fix
720209383,CapSoftware/Cap,TypeScript,10645,2425245696,399,Human,2025-03-28T12:59:48Z,2025-03-28T13:12:32Z,feat,feat
984965707,analogdotnow/Analog,TypeScript,1079,2540641336,33,Human,2025-05-23T18:44:31Z,2025-05-23T18:51:44Z,feat,feat
742063678,crewAIInc/crewAI-tools,Python,1177,2362692923,227,Human,2025-02-27T16:45:02Z,2025-02-27T17:49:03Z,feat,feat
41881900,microsoft/vscode,TypeScript,175171,2600000601,251755,Human,2025-06-17T21:47:00Z,2025-06-20T15:58:21Z,fix,fix
274495425,remotion-dev/remotion,TypeScript,23319,2602999486,5420,Human,2025-06-18T21:55:52Z,2025-06-20T08:57:06Z,feat,feat
121814210,primer/react,TypeScript,3613,2461525402,5929,Human,2025-04-15T19:11:08Z,2025-04-22T18:03:31Z,feat,feat
95743138,box/box-ui-elements,JavaScript,546,2329328759,3922,Human,2025-02-11T17:32:31Z,2025-02-18T18:11:07Z,feat,feat
314197645,zenml-io/zenml,Python,4768,2450440359,3525,Human,2025-04-10T08:23:28Z,2025-04-10T14:12:59Z,feat,feat
839216423,liam-hq/liam,TypeScript,4194,2580496618,1968,Human,2025-06-10T08:28:09Z,2025-06-10T09:23:03Z,refactor,refactor
678526156,marimo-team/marimo,Python,14933,2510412824,4861,Human,2025-05-09T19:33:39Z,2025-05-11T20:26:02Z,fix,fix
400215964,novuhq/novu,TypeScript,37349,2512037249,8273,Human,2025-05-11T09:51:50Z,2025-05-11T12:27:03Z,fix,fix
820087727,onlook-dev/onlook,TypeScript,21192,2439890840,1729,Human,2025-04-04T15:39:55Z,2025-04-04T20:59:24Z,refactor,refactor
350360184,calcom/cal.com,TypeScript,37399,2461761279,20717,Human,2025-04-15T21:00:34Z,2025-04-16T22:09:29Z,feat,feat
710601088,crewAIInc/crewAI,Python,35096,2262339176,1858,Human,2025-01-06T17:17:29Z,2025-01-07T15:03:31Z,feat,feat
472313202,cornerstonejs/cornerstone3D,TypeScript,773,2428804085,1954,Human,2025-03-31T12:15:09Z,2025-04-01T17:34:11Z,refactor,refactor
955904085,antiwork/flexile,Ruby,665,2486596136,228,Human,2025-04-28T18:27:54Z,2025-04-30T19:08:06Z,feat,feat
710601088,crewAIInc/crewAI,Python,35096,2524441113,2851,Human,2025-05-16T12:36:55Z,2025-06-03T14:09:02Z,feat,feat
221981891,microsoft/playwright,TypeScript,75427,2391217378,35187,Human,2025-03-13T14:51:15Z,2025-03-13T15:32:27Z,feat,feat
710601088,crewAIInc/crewAI,Python,35096,2514963554,2819,Human,2025-05-12T21:30:08Z,2025-05-16T19:18:11Z,fix,fix
955904085,antiwork/flexile,Ruby,665,2432683005,53,Human,2025-04-01T22:00:09Z,2025-04-01T22:52:36Z,fix,fix
821360765,latitude-dev/latitude-llm,TypeScript,3188,2382990146,973,Human,2025-03-10T18:21:37Z,2025-03-11T08:50:41Z,fix,fix
633262635,onyx-dot-app/onyx,Python,13231,2357991464,4126,Human,2025-02-26T00:22:22Z,2025-02-26T05:58:14Z,feat,feat
824433284,irsyadadl/intentui,TypeScript,1633,2488647519,403,Human,2025-04-29T12:11:17Z,2025-04-29T12:13:17Z,fix,fix
130741783,netket/netket,Python,620,2312226914,1995,Human,2025-02-03T09:35:36Z,2025-02-03T22:15:00Z,fix,fix
788904329,janbjorge/pgqueuer,Python,1324,2327904675,316,Human,2025-02-11T07:15:13Z,2025-02-12T07:46:23Z,feat,feat
764723738,Skyvern-AI/skyvern,Python,13976,2495510561,2278,Human,2025-05-02T11:45:59Z,2025-05-02T11:51:24Z,refactor,refactor
922423439,jina-ai/node-DeepResearch,TypeScript,4693,2456129990,95,Human,2025-04-13T15:32:30Z,2025-04-13T15:32:50Z,refactor,refactor
31261793,OpenHFT/Chronicle-Core,Java,609,2303625534,689,Human,2025-01-29T03:57:43Z,2025-01-29T04:08:09Z,feat,feat
39321023,prebid/Prebid.js,JavaScript,1467,2445060134,12974,Human,2025-04-08T07:12:24Z,2025-04-15T17:00:31Z,feat,feat
671269505,BerriAI/litellm,Python,26663,2313919432,8227,Human,2025-02-04T00:14:19Z,2025-02-04T06:39:10Z,fix,fix
772283421,unsend-dev/unsend,TypeScript,1787,2406539556,118,Human,2025-03-20T10:55:26Z,2025-03-20T10:56:13Z,feat,feat
463116412,seasonedcc/remix-forms,TypeScript,517,2263898642,263,Human,2025-01-07T13:24:05Z,2025-01-07T20:00:15Z,fix,fix
945671748,openops-cloud/openops,TypeScript,908,2485349212,510,Human,2025-04-28T09:56:19Z,2025-04-28T13:48:00Z,feat,feat
705022737,tegnike/aituber-kit,TypeScript,698,2464579281,355,Human,2025-04-16T21:29:26Z,2025-04-16T22:20:15Z,feat,feat
11415199,vgmtrans/vgmtrans,C++,1038,2546978777,607,Human,2025-05-27T16:11:31Z,2025-05-27T16:21:37Z,fix,fix
679017521,AgentOps-AI/agentops,Python,4722,2494695958,943,Human,2025-05-01T23:18:35Z,2025-05-01T23:19:38Z,fix,fix
430749584,OneKeyHQ/app-monorepo,TypeScript,1995,2358888310,6742,Human,2025-02-26T09:09:54Z,2025-02-27T02:08:44Z,fix,fix
839216423,liam-hq/liam,TypeScript,4194,2465030288,1379,Human,2025-04-17T03:24:32Z,2025-04-17T03:55:47Z,refactor,refactor
156939672,microsoft/onnxruntime,C++,17361,2332558096,23674,Human,2025-02-13T00:14:47Z,2025-02-15T17:45:20Z,feat,feat
131619646,dagster-io/dagster,Python,13669,2591073348,30693,Human,2025-06-13T18:51:17Z,2025-06-20T16:44:19Z,refactor,refactor
820087727,onlook-dev/onlook,TypeScript,21192,2622440969,2286,Human,2025-06-26T21:52:36Z,2025-06-26T23:24:56Z,feat,feat
39321023,prebid/Prebid.js,JavaScript,1467,2318572099,12734,Human,2025-02-05T21:36:54Z,2025-02-20T12:54:03Z,fix,fix
839216423,liam-hq/liam,TypeScript,4194,2509293532,1640,Human,2025-05-09T10:42:49Z,2025-05-12T03:08:50Z,refactor,refactor
820087727,onlook-dev/onlook,TypeScript,21192,2399029608,1631,Human,2025-03-17T20:48:37Z,2025-03-18T01:30:44Z,feat,feat
28928522,wolfSSL/wolfssl,C,2562,2525379523,8783,Human,2025-05-16T22:02:55Z,2025-05-16T23:06:19Z,refactor,refactor
820087727,onlook-dev/onlook,TypeScript,21192,2532302604,1887,Human,2025-05-20T18:20:28Z,2025-05-20T18:35:08Z,fix,fix
888701643,test-zeus-ai/testzeus-hercules,Python,620,2347982033,42,Human,2025-02-20T19:58:08Z,2025-02-20T20:13:57Z,feat,feat
195619075,vdaas/vald,Go,1629,2293870168,2810,Human,2025-01-23T08:10:13Z,2025-01-23T09:46:59Z,fix,fix
314197645,zenml-io/zenml,Python,4768,2500796031,3641,Human,2025-05-06T08:09:03Z,2025-05-06T08:48:10Z,fix,fix
526514610,dust-tt/dust,TypeScript,1171,2287229253,10089,Human,2025-01-20T10:04:09Z,2025-01-21T16:24:40Z,feat,feat
52729242,keepassxreboot/keepassxc,C++,23773,2285599831,11672,Human,2025-01-18T10:17:43Z,2025-02-23T12:32:52Z,fix,fix
338529997,gridaco/grida,TypeScript,2138,2506974828,322,Human,2025-05-08T12:25:34Z,2025-05-09T12:52:45Z,feat,feat
31261793,OpenHFT/Chronicle-Core,Java,609,2583854868,816,Human,2025-06-11T10:58:08Z,2025-06-17T09:46:50Z,feat,feat
95743138,box/box-ui-elements,JavaScript,546,2424036899,4038,Human,2025-03-28T00:39:05Z,2025-03-28T16:15:35Z,fix,fix
938859604,MaiM-with-u/MaiBot,Python,2939,2480611839,842,Human,2025-04-25T04:25:06Z,2025-04-25T09:40:44Z,fix,fix
350360184,calcom/cal.com,TypeScript,37399,2432781617,20494,Human,2025-04-01T23:29:43Z,2025-04-02T15:46:17Z,refactor,refactor
598261814,huggingface/huggingface.js,TypeScript,2185,2378845122,1260,Human,2025-03-07T15:10:00Z,2025-04-24T08:03:06Z,feat,feat
597502256,keephq/keep,Python,10563,2427595507,4302,Human,2025-03-30T15:03:28Z,2025-03-31T08:50:21Z,feat,feat
787076358,mendableai/firecrawl,TypeScript,43970,2561729862,1617,Human,2025-06-02T19:40:05Z,2025-06-02T20:07:44Z,feat,feat
959682770,antiwork/gumroad,Ruby,6643,2589239520,334,Human,2025-06-13T06:25:49Z,2025-06-23T16:16:29Z,feat,feat
41881900,microsoft/vscode,TypeScript,175171,2269228842,237605,Human,2025-01-09T21:08:24Z,2025-01-09T23:20:58Z,fix,fix
365250183,zauberzeug/nicegui,Python,12990,2283889982,4235,Human,2025-01-17T09:41:48Z,2025-01-20T14:50:29Z,feat,feat
275993885,appsmithorg/appsmith,TypeScript,37596,2265358590,38526,Human,2025-01-08T07:06:45Z,2025-01-08T10:06:10Z,feat,feat
938859604,MaiM-with-u/MaiBot,Python,2939,2394359557,401,Human,2025-03-14T18:28:51Z,2025-03-15T13:38:23Z,feat,feat
820087727,onlook-dev/onlook,TypeScript,21192,2352422061,1456,Human,2025-02-24T00:13:50Z,2025-02-24T00:13:58Z,feat,feat
886899801,vlm-run/vlmrun-hub,Python,528,2260802549,46,Human,2025-01-05T16:12:31Z,2025-01-05T16:15:00Z,feat,feat
265001214,tokens-studio/figma-plugin,TypeScript,1469,2287070342,3250,Human,2025-01-20T08:52:56Z,2025-01-20T08:55:56Z,fix,fix
705022737,tegnike/aituber-kit,TypeScript,698,2542420428,398,Human,2025-05-25T13:11:43Z,2025-05-25T13:18:44Z,feat,feat
612350395,PrefectHQ/marvin,Python,5832,2465429535,1119,Human,2025-04-17T08:01:18Z,2025-04-17T17:28:17Z,feat,feat
862289957,hasanharman/form-builder,TypeScript,2367,2257974113,60,Human,2025-01-02T14:35:17Z,2025-02-21T10:15:05Z,fix,fix
114798676,Azure/azure-storage-azcopy,Go,647,2482447729,3032,Human,2025-04-25T21:00:48Z,2025-04-25T21:01:29Z,feat,feat
894659403,goat-sdk/goat,TypeScript,798,2257021600,161,Human,2025-01-01T12:08:24Z,2025-01-01T12:19:30Z,fix,fix
338529997,gridaco/grida,TypeScript,2138,2260696427,218,Human,2025-01-05T10:44:22Z,2025-01-05T12:06:45Z,feat,feat
955904085,antiwork/flexile,Ruby,665,2511787250,293,Human,2025-05-10T23:35:09Z,2025-05-11T20:08:22Z,feat,feat
953683578,oraios/serena,Python,6198,2530990609,122,Human,2025-05-20T09:44:29Z,2025-05-21T16:39:07Z,fix,fix
678526156,marimo-team/marimo,Python,14933,2489863587,4737,Human,2025-04-29T20:22:40Z,2025-04-30T01:34:01Z,fix,fix
614765452,Significant-Gravitas/AutoGPT,Python,177379,2310774188,9389,Human,2025-02-01T13:55:42Z,2025-02-01T15:32:55Z,fix,fix
860100131,microsoft/typescript-go,Go,21439,2555140957,991,Human,2025-05-30T16:14:28Z,2025-06-06T20:55:02Z,feat,feat
41881900,microsoft/vscode,TypeScript,175171,2499489352,248154,Human,2025-05-05T18:34:29Z,2025-05-05T20:01:33Z,feat,feat
108311273,Azure/azure-sdk-for-js,TypeScript,2222,2321873784,32924,Human,2025-02-07T09:45:15Z,2025-02-08T02:19:19Z,fix,fix
95743138,box/box-ui-elements,JavaScript,546,2496289935,4087,Human,2025-05-02T19:42:49Z,2025-05-09T16:40:10Z,feat,feat
820087727,onlook-dev/onlook,TypeScript,21192,2324646773,1315,Human,2025-02-09T17:25:03Z,2025-02-09T21:49:45Z,feat,feat
381857226,microsoft/typespec,Java,5285,2622324827,7766,Human,2025-06-26T20:58:49Z,2025-06-26T23:42:47Z,feat,feat
955904085,antiwork/flexile,Ruby,665,2481993947,193,Human,2025-04-25T16:23:48Z,2025-04-25T16:33:35Z,fix,fix
274495425,remotion-dev/remotion,TypeScript,23319,2297114640,4801,Human,2025-01-24T16:15:06Z,2025-01-24T16:49:23Z,fix,fix
71932349,ray-project/ray,Python,38259,2602524399,53928,Human,2025-06-18T18:00:23Z,2025-06-19T20:26:21Z,feat,feat
597502256,keephq/keep,Python,10563,2415977644,4207,Human,2025-03-25T08:48:56Z,2025-03-25T10:25:14Z,refactor,refactor
430749584,OneKeyHQ/app-monorepo,TypeScript,1995,2358157594,6739,Human,2025-02-26T02:56:49Z,2025-02-26T06:32:55Z,fix,fix
674225653,bruin-data/bruin,Go,962,2404565610,532,Human,2025-03-19T17:46:44Z,2025-03-20T15:15:21Z,refactor,refactor
284805743,primer/view_components,Ruby,537,2512893235,3483,Human,2025-05-12T07:09:27Z,2025-05-14T17:36:52Z,feat,feat
678526156,marimo-team/marimo,Python,14933,2290730629,3527,Human,2025-01-21T19:53:07Z,2025-01-21T21:23:59Z,fix,fix
787076358,mendableai/firecrawl,TypeScript,43970,2482475399,1501,Human,2025-04-25T21:23:57Z,2025-04-26T03:19:08Z,fix,fix
52729242,keepassxreboot/keepassxc,C++,23773,2455243264,12005,Human,2025-04-12T05:56:01Z,2025-04-12T10:42:03Z,fix,fix
529729250,thirdweb-dev/js,TypeScript,538,2463612620,6746,Human,2025-04-16T13:36:46Z,2025-04-16T21:26:18Z,feat,feat
136202695,mlflow/mlflow,Python,21402,2445009847,15249,Human,2025-04-08T06:46:12Z,2025-04-08T08:36:47Z,fix,fix
790450897,damien-schneider/cuicui,TypeScript,869,2260884727,75,Human,2025-01-05T20:57:10Z,2025-01-07T22:13:18Z,feat,feat
254328371,NangoHQ/nango,TypeScript,5463,2359712056,3586,Human,2025-02-26T14:00:27Z,2025-02-26T15:52:18Z,fix,fix
136202695,mlflow/mlflow,Python,21402,2369814174,14821,Human,2025-03-04T06:33:14Z,2025-03-04T07:51:16Z,feat,feat
859537060,antiwork/shortest,TypeScript,5179,2351923259,363,Human,2025-02-23T06:44:13Z,2025-02-23T07:35:44Z,fix,fix
29301872,OpenHFT/Chronicle-Wire,Java,557,2585141354,1203,Human,2025-06-11T18:52:06Z,2025-06-16T17:58:06Z,fix,fix
764723738,Skyvern-AI/skyvern,Python,13976,2371172565,1882,Human,2025-03-04T15:30:46Z,2025-03-04T15:31:03Z,fix,fix
617269166,dropseed/plain,Python,619,2540205307,35,Human,2025-05-23T15:28:15Z,2025-05-23T15:30:21Z,feat,feat
947387660,leonardsellem/n8n-mcp-server,TypeScript,1041,2423602228,2,Human,2025-03-27T19:35:01Z,2025-03-28T08:54:07Z,feat,feat
274495425,remotion-dev/remotion,TypeScript,23319,2331148392,4881,Human,2025-02-12T12:22:06Z,2025-02-12T19:08:46Z,fix,fix
95743138,box/box-ui-elements,JavaScript,546,2334771353,3931,Human,2025-02-13T21:26:45Z,2025-02-18T17:09:34Z,feat,feat
114798676,Azure/azure-storage-azcopy,Go,647,2303745279,2929,Human,2025-01-29T05:56:30Z,2025-03-10T16:51:36Z,refactor,refactor
820087727,onlook-dev/onlook,TypeScript,21192,2520828481,1839,Human,2025-05-15T04:07:56Z,2025-05-15T06:55:12Z,feat,feat
463116412,seasonedcc/remix-forms,TypeScript,517,2282571050,279,Human,2025-01-16T19:09:37Z,2025-01-16T19:14:24Z,refactor,refactor
873328,getsentry/sentry,Python,41579,2332333882,85102,Human,2025-02-12T21:24:17Z,2025-02-12T22:20:33Z,refactor,refactor
12974177,OpenHFT/Java-Thread-Affinity,Java,1854,2539539646,178,Human,2025-05-23T11:01:29Z,2025-06-03T10:26:04Z,refactor,refactor
614765452,Significant-Gravitas/AutoGPT,Python,177379,2286020833,9295,Human,2025-01-19T04:00:56Z,2025-01-24T15:05:17Z,fix,fix
400215964,novuhq/novu,TypeScript,37349,2341531996,7745,Human,2025-02-18T09:41:36Z,2025-02-22T09:44:32Z,feat,feat
254328371,NangoHQ/nango,TypeScript,5463,2460512280,3906,Human,2025-04-15T12:14:37Z,2025-04-25T09:25:39Z,feat,feat
820087727,onlook-dev/onlook,TypeScript,21192,2435011746,1711,Human,2025-04-02T19:04:44Z,2025-04-03T19:05:51Z,feat,feat
674225653,bruin-data/bruin,Go,962,2373501517,493,Human,2025-03-05T13:01:27Z,2025-03-11T07:32:02Z,feat,feat
314197645,zenml-io/zenml,Python,4768,2537431731,3694,Human,2025-05-22T14:43:19Z,2025-05-22T17:14:35Z,fix,fix
28928522,wolfSSL/wolfssl,C,2562,2425987139,8606,Human,2025-03-28T18:45:13Z,2025-04-04T17:07:29Z,fix,fix
710601088,crewAIInc/crewAI,Python,35096,2431562619,2507,Human,2025-04-01T13:15:08Z,2025-04-01T15:45:46Z,feat,feat
664174485,prosekit/prosekit,TypeScript,720,2411045745,950,Human,2025-03-22T06:19:26Z,2025-03-23T03:22:50Z,fix,fix
121814210,primer/react,TypeScript,3613,2283513734,5562,Human,2025-01-17T05:02:04Z,2025-02-14T22:13:21Z,fix,fix
828119367,yamadashy/repomix,TypeScript,18206,2609755227,683,Human,2025-06-22T14:12:49Z,2025-06-22T14:20:41Z,feat,feat
873328,getsentry/sentry,Python,41579,2564963212,92762,Human,2025-06-03T18:57:57Z,2025-06-03T20:34:14Z,feat,feat
159556794,go-vikunja/vikunja,Go,2080,2521500649,774,Human,2025-05-15T09:27:53Z,2025-05-15T09:51:26Z,feat,feat
10458362,rsyslog/rsyslog,C,2165,2609002071,5737,Human,2025-06-21T12:40:32Z,2025-06-21T13:19:34Z,feat,feat
29301872,OpenHFT/Chronicle-Wire,Java,557,2566956123,1202,Human,2025-06-04T11:00:54Z,2025-06-04T11:04:41Z,fix,fix
136202695,mlflow/mlflow,Python,21402,2520588382,15743,Human,2025-05-15T00:36:59Z,2025-05-15T01:34:27Z,fix,fix
886899801,vlm-run/vlmrun-hub,Python,528,2354769460,105,Human,2025-02-24T21:31:50Z,2025-02-25T18:09:27Z,feat,feat
577492459,a16z/halmos,Python,917,2508359703,509,Human,2025-05-09T00:25:19Z,2025-05-13T23:05:07Z,feat,feat
95743138,box/box-ui-elements,JavaScript,546,2621207481,4162,Human,2025-06-26T13:20:37Z,2025-06-27T18:33:41Z,feat,feat
781914762,julep-ai/julep,Python,5629,2454841034,1316,Human,2025-04-11T21:51:57Z,2025-04-12T13:29:26Z,feat,feat
81314550,wix/react-native-ui-lib,TypeScript,6892,2469956965,3686,Human,2025-04-20T08:45:01Z,2025-04-20T08:58:50Z,refactor,refactor
781914762,julep-ai/julep,Python,5629,2305916890,1109,Human,2025-01-30T02:29:06Z,2025-01-30T02:30:38Z,feat,feat
776121034,BasedHardware/omi,C,6087,2608885667,2584,Human,2025-06-21T08:40:33Z,2025-06-21T08:40:48Z,feat,feat
722184017,assistant-ui/assistant-ui,TypeScript,5475,2363296852,1697,Human,2025-02-27T22:20:20Z,2025-02-27T22:22:08Z,feat,feat
228538361,yytypescript/book,TypeScript,1048,2262303629,960,Human,2025-01-06T16:54:44Z,2025-01-27T21:39:41Z,fix,fix
350360184,calcom/cal.com,TypeScript,37399,2477039580,20917,Human,2025-04-23T18:27:13Z,2025-04-24T15:46:19Z,fix,fix
922423439,jina-ai/node-DeepResearch,TypeScript,4693,2333622181,64,Human,2025-02-13T12:05:11Z,2025-02-13T12:05:54Z,feat,feat
136202695,mlflow/mlflow,Python,21402,2352217584,14703,Human,2025-02-23T17:00:35Z,2025-02-24T06:56:54Z,fix,fix
984965707,analogdotnow/Analog,TypeScript,1079,2535566890,26,Human,2025-05-21T22:15:57Z,2025-05-22T00:47:27Z,feat,feat
39321023,prebid/Prebid.js,JavaScript,1467,2452731499,12989,Human,2025-04-11T03:03:34Z,2025-04-11T19:51:47Z,fix,fix
879473096,bespokelabsai/curator,Python,1465,2317330363,445,Human,2025-02-05T11:09:38Z,2025-02-06T16:39:53Z,feat,feat
781914762,julep-ai/julep,Python,5629,2337700846,1165,Human,2025-02-15T12:17:39Z,2025-02-15T13:35:24Z,feat,feat
265001214,tokens-studio/figma-plugin,TypeScript,1469,2481035690,3332,Human,2025-04-25T08:59:06Z,2025-05-02T23:18:16Z,fix,fix
158653995,mtrojnar/osslsigncode,C,929,2563185756,439,Human,2025-06-03T09:01:51Z,2025-06-05T15:13:11Z,feat,feat
274495425,remotion-dev/remotion,TypeScript,23319,2500512644,5243,Human,2025-05-06T06:09:20Z,2025-05-06T07:54:32Z,feat,feat
602987603,tact-lang/tact,TypeScript,633,2527018435,3105,Human,2025-05-18T15:24:49Z,2025-05-25T07:26:15Z,fix,fix
705022737,tegnike/aituber-kit,TypeScript,698,2366839400,314,Human,2025-03-02T20:46:04Z,2025-03-02T20:46:16Z,feat,feat
4127088,Azure/azure-sdk-for-python,Python,5011,2531079994,41218,Human,2025-05-20T10:19:30Z,2025-05-21T03:47:49Z,feat,feat
95743138,box/box-ui-elements,JavaScript,546,2577745751,4133,Human,2025-06-09T08:23:31Z,2025-06-11T09:28:29Z,feat,feat
651622038,allenai/open-instruct,Python,3083,2512266582,670,Human,2025-05-11T19:02:11Z,2025-05-13T16:59:02Z,feat,feat
839216423,liam-hq/liam,TypeScript,4194,2305744987,621,Human,2025-01-29T23:26:11Z,2025-01-30T03:38:08Z,refactor,refactor
389754521,midudev/codi.link,JavaScript,741,2301005011,262,Human,2025-01-27T23:09:09Z,2025-02-05T10:13:26Z,fix,fix
894659403,goat-sdk/goat,TypeScript,798,2371650610,386,Human,2025-03-04T19:12:29Z,2025-03-10T09:22:49Z,fix,fix
48009214,microsoft/react-native-windows,C++,16932,2383110659,14410,Human,2025-03-10T19:24:57Z,2025-03-13T17:36:20Z,fix,fix
41881900,microsoft/vscode,TypeScript,175171,2580090106,251075,Human,2025-06-10T05:24:25Z,2025-06-10T06:47:30Z,fix,fix
41881900,microsoft/vscode,TypeScript,175171,2589928604,251374,Human,2025-06-13T11:01:20Z,2025-06-13T11:41:52Z,fix,fix
234231371,gofiber/fiber,Go,37269,2587748411,3516,Human,2025-06-12T15:23:07Z,2025-06-13T01:05:53Z,refactor,refactor
710601088,crewAIInc/crewAI,Python,35096,2489970694,2726,Human,2025-04-29T21:24:38Z,2025-05-01T19:48:29Z,fix,fix
653589102,567-labs/instructor,Python,11095,2298301775,1319,Human,2025-01-25T21:04:18Z,2025-03-03T20:26:39Z,feat,feat
764642350,stack-auth/stack-auth,TypeScript,6033,2319101255,418,Human,2025-02-06T05:52:17Z,2025-02-08T06:54:04Z,feat,feat
781914762,julep-ai/julep,Python,5629,2417491189,1288,Human,2025-03-25T18:38:08Z,2025-03-25T18:52:26Z,fix,fix
594155488,Stirling-Tools/Stirling-PDF,Java,63892,2546991296,3606,Human,2025-05-27T16:17:01Z,2025-05-27T20:14:04Z,refactor,refactor
159556794,go-vikunja/vikunja,Go,2080,2453927109,664,Human,2025-04-11T14:06:22Z,2025-04-15T07:40:30Z,feat,feat
108311273,Azure/azure-sdk-for-js,TypeScript,2222,2262806417,32445,Human,2025-01-06T23:32:15Z,2025-01-07T01:09:28Z,fix,fix
720209383,CapSoftware/Cap,TypeScript,10645,2462895488,438,Human,2025-04-16T08:29:52Z,2025-04-16T08:37:38Z,feat,feat
195619075,vdaas/vald,Go,1629,2562315498,2996,Human,2025-06-03T01:31:46Z,2025-06-03T04:21:46Z,feat,feat
292427680,cloudposse/atmos,Go,1108,2337049092,1065,Human,2025-02-14T21:06:03Z,2025-02-19T23:15:33Z,fix,fix
959682770,antiwork/gumroad,Ruby,6643,2455574342,111,Human,2025-04-12T19:18:09Z,2025-04-15T00:43:08Z,feat,feat
647427819,langchain-ai/langsmith-sdk,Python,606,2594304002,1796,Human,2025-06-16T03:08:12Z,2025-06-16T16:13:45Z,feat,feat
463116412,seasonedcc/remix-forms,TypeScript,517,2264181823,264,Human,2025-01-07T15:47:48Z,2025-01-07T20:00:27Z,refactor,refactor
710601088,crewAIInc/crewAI,Python,35096,2259409621,1843,Human,2025-01-03T15:21:27Z,2025-01-06T21:12:44Z,feat,feat
947387660,leonardsellem/n8n-mcp-server,TypeScript,1041,2562920434,22,Human,2025-06-03T07:24:45Z,2025-06-03T07:24:51Z,feat,feat
710601088,crewAIInc/crewAI,Python,35096,2368438500,2265,Human,2025-03-03T15:29:04Z,2025-03-27T12:26:04Z,feat,feat
639824542,lunary-ai/lunary,TypeScript,1373,2300139059,725,Human,2025-01-27T15:09:29Z,2025-01-27T15:36:06Z,feat,feat
820087727,onlook-dev/onlook,TypeScript,21192,2262757440,1000,Human,2025-01-06T22:36:36Z,2025-01-06T22:52:30Z,fix,fix
39321023,prebid/Prebid.js,JavaScript,1467,2259878216,12616,Human,2025-01-03T23:03:22Z,2025-01-08T13:07:29Z,feat,feat
136202695,mlflow/mlflow,Python,21402,2605359283,16340,Human,2025-06-19T17:02:18Z,2025-06-23T02:15:18Z,feat,feat
274495425,remotion-dev/remotion,TypeScript,23319,2511998499,5261,Human,2025-05-11T08:14:22Z,2025-05-11T08:25:27Z,fix,fix
737550719,Codehagen/Badget,TypeScript,2579,2618869898,291,Human,2025-06-25T17:16:19Z,2025-06-26T06:04:47Z,feat,feat
954858451,f/mcptools,Go,1068,2440724418,22,Human,2025-04-05T01:14:50Z,2025-04-05T13:28:25Z,refactor,refactor
368236463,syntasso/kratix,Go,623,2422597275,443,Human,2025-03-27T14:03:04Z,2025-03-31T15:46:17Z,feat,feat
430749584,OneKeyHQ/app-monorepo,TypeScript,1995,2397333474,6899,Human,2025-03-17T09:59:29Z,2025-03-18T02:59:04Z,feat,feat
3073296,SirVer/ultisnips,Python,7632,2262795916,1562,Human,2025-01-06T23:19:11Z,2025-03-09T19:54:49Z,fix,fix
839216423,liam-hq/liam,TypeScript,4194,2392826430,896,Human,2025-03-14T06:43:27Z,2025-03-14T07:37:43Z,feat,feat
710601088,crewAIInc/crewAI,Python,35096,2323035316,2059,Human,2025-02-07T20:02:14Z,2025-02-07T22:00:41Z,refactor,refactor
3328572,getsentry/sentry-javascript,TypeScript,8353,2304890620,15226,Human,2025-01-29T15:48:29Z,2025-01-29T18:17:38Z,fix,fix
894659403,goat-sdk/goat,TypeScript,798,2376583863,392,Human,2025-03-06T15:18:41Z,2025-03-06T22:53:21Z,feat,feat
613984283,Chainlit/chainlit,TypeScript,10291,2377851272,1967,Human,2025-03-07T06:30:25Z,2025-03-07T20:05:32Z,fix,fix
787076358,mendableai/firecrawl,TypeScript,43970,2366817698,1284,Human,2025-03-02T19:48:17Z,2025-03-02T20:33:21Z,feat,feat
95743138,box/box-ui-elements,JavaScript,546,2436759144,4049,Human,2025-04-03T11:24:18Z,2025-04-04T09:25:11Z,fix,fix
350360184,calcom/cal.com,TypeScript,37399,2338909680,19317,Human,2025-02-17T06:38:00Z,2025-02-17T08:21:26Z,fix,fix
955904085,antiwork/flexile,Ruby,665,2461465999,144,Human,2025-04-15T18:40:37Z,2025-04-16T01:03:45Z,fix,fix
41881900,microsoft/vscode,TypeScript,175171,2517389618,248855,Human,2025-05-13T18:44:35Z,2025-05-13T21:36:21Z,fix,fix
633927609,promptfoo/promptfoo,TypeScript,7809,2291077979,2784,Human,2025-01-22T00:12:06Z,2025-01-23T17:23:37Z,feat,feat
955904085,antiwork/flexile,Ruby,665,2499417735,263,Human,2025-05-05T18:00:42Z,2025-05-05T19:16:49Z,fix,fix
742063678,crewAIInc/crewAI-tools,Python,1177,2259134684,172,Human,2025-01-03T11:47:59Z,2025-01-03T11:56:45Z,fix,fix
643874750,anyproto/anytype-ts,TypeScript,5854,2453466355,1334,Human,2025-04-11T10:33:18Z,2025-04-11T10:55:12Z,feat,feat
29301872,OpenHFT/Chronicle-Wire,Java,557,2560122629,1170,Human,2025-06-02T10:31:55Z,2025-06-02T10:32:02Z,feat,feat
254328371,NangoHQ/nango,TypeScript,5463,2281478003,3316,Human,2025-01-16T10:41:06Z,2025-01-16T15:51:58Z,feat,feat
955904085,antiwork/flexile,Ruby,665,2463230859,152,Human,2025-04-16T10:53:55Z,2025-04-16T14:58:14Z,fix,fix
984965707,analogdotnow/Analog,TypeScript,1079,2547491116,73,Human,2025-05-27T19:58:49Z,2025-05-27T22:13:53Z,feat,feat
517126881,lumen-notes/lumen,TypeScript,525,2450088130,478,Human,2025-04-10T05:15:26Z,2025-04-12T16:41:16Z,feat,feat
969089225,unibeck/solstatus,TypeScript,756,2487896726,41,Human,2025-04-29T06:44:07Z,2025-04-29T13:48:08Z,feat,feat
92192594,yegor256/cactoos,Java,755,2393530051,1777,Human,2025-03-14T12:21:02Z,2025-03-16T05:04:33Z,fix,fix
674225653,bruin-data/bruin,Go,962,2259056356,379,Human,2025-01-03T10:42:40Z,2025-01-03T11:08:51Z,feat,feat
39321023,prebid/Prebid.js,JavaScript,1467,2596032834,13394,Human,2025-06-16T14:58:05Z,2025-06-17T16:17:19Z,fix,fix
679017521,AgentOps-AI/agentops,Python,4722,2514880669,971,Human,2025-05-12T20:51:50Z,2025-05-14T02:40:29Z,refactor,refactor
762304524,ComposioHQ/composio,TypeScript,25592,2283901622,1205,Human,2025-01-17T09:48:29Z,2025-01-17T12:12:35Z,feat,feat
710601088,crewAIInc/crewAI,Python,35096,2407843599,2429,Human,2025-03-20T19:32:41Z,2025-03-21T17:57:24Z,feat,feat
639824542,lunary-ai/lunary,TypeScript,1373,2319826569,736,Human,2025-02-06T12:41:28Z,2025-02-06T13:28:46Z,feat,feat
389754521,midudev/codi.link,JavaScript,741,2483966896,267,Human,2025-04-27T05:26:27Z,2025-05-09T09:21:02Z,fix,fix
283046497,airbytehq/airbyte,Python,19011,2357159587,54677,Human,2025-02-25T16:10:00Z,2025-02-25T21:50:42Z,fix,fix
633927609,promptfoo/promptfoo,TypeScript,7809,2349787649,3176,Human,2025-02-21T14:31:19Z,2025-02-21T14:52:44Z,refactor,refactor
671269505,BerriAI/litellm,Python,26663,2510098763,10700,Human,2025-05-09T16:39:34Z,2025-05-10T06:37:02Z,fix,fix
839216423,liam-hq/liam,TypeScript,4194,2447356562,1248,Human,2025-04-09T03:06:32Z,2025-04-09T03:17:12Z,fix,fix
993521808,openai/openai-agents-js,TypeScript,925,2584117574,83,Human,2025-06-11T12:39:23Z,2025-06-11T16:32:57Z,fix,fix
614765452,Significant-Gravitas/AutoGPT,Python,177379,2493806134,9902,Human,2025-05-01T13:36:10Z,2025-05-01T15:11:09Z,fix,fix
781914762,julep-ai/julep,Python,5629,2506199692,1356,Human,2025-05-08T06:45:13Z,2025-05-10T09:00:24Z,feat,feat
820087727,onlook-dev/onlook,TypeScript,21192,2301608484,1140,Human,2025-01-28T08:21:38Z,2025-01-28T08:45:15Z,feat,feat
39321023,prebid/Prebid.js,JavaScript,1467,2341605452,12780,Human,2025-02-18T10:14:23Z,2025-02-19T15:32:19Z,fix,fix
894659403,goat-sdk/goat,TypeScript,798,2279680020,229,Human,2025-01-15T17:04:35Z,2025-01-15T17:48:52Z,feat,feat
100061716,nrwl/nx,TypeScript,26524,2433598142,30580,Human,2025-04-02T09:03:08Z,2025-04-16T10:06:58Z,feat,feat
265001214,tokens-studio/figma-plugin,TypeScript,1469,2419773642,3298,Human,2025-03-26T15:19:56Z,2025-03-27T08:39:13Z,feat,feat
400215964,novuhq/novu,TypeScript,37349,2367479638,7832,Human,2025-03-03T08:25:33Z,2025-03-04T19:01:55Z,fix,fix
234187391,microsoft/debugpy,Python,2159,2389375209,1870,Human,2025-03-12T23:01:50Z,2025-03-13T15:59:39Z,feat,feat
781914762,julep-ai/julep,Python,5629,2337771326,1166,Human,2025-02-15T15:12:32Z,2025-02-17T07:58:58Z,feat,feat
463116412,seasonedcc/remix-forms,TypeScript,517,2260796597,260,Human,2025-01-05T15:55:43Z,2025-01-06T19:13:18Z,feat,feat
19057465,Uberi/speech_recognition,Python,8814,2526673638,843,Human,2025-05-18T05:59:33Z,2025-05-18T08:03:04Z,refactor,refactor
762304524,ComposioHQ/composio,TypeScript,25592,2324556344,1264,Human,2025-02-09T14:32:17Z,2025-02-09T16:53:35Z,feat,feat
722184017,assistant-ui/assistant-ui,TypeScript,5475,2301534459,1457,Human,2025-01-28T07:35:44Z,2025-01-28T07:36:36Z,refactor,refactor
859537060,antiwork/shortest,TypeScript,5179,2318905287,320,Human,2025-02-06T02:41:50Z,2025-02-10T18:34:33Z,feat,feat
955904085,antiwork/flexile,Ruby,665,2432674070,52,Human,2025-04-01T21:53:18Z,2025-04-01T22:28:55Z,fix,fix
622352364,simonw/llm,Python,9178,2541869677,1077,Human,2025-05-24T17:43:33Z,2025-05-24T20:46:36Z,refactor,refactor
839216423,liam-hq/liam,TypeScript,4194,2609042803,2122,Human,2025-06-21T13:58:59Z,2025-06-23T00:36:44Z,fix,fix
894659403,goat-sdk/goat,TypeScript,798,2407472627,439,Human,2025-03-20T16:27:46Z,2025-03-20T16:37:33Z,fix,fix
400215964,novuhq/novu,TypeScript,37349,2611024831,8569,Human,2025-06-23T09:33:34Z,2025-06-23T11:43:30Z,fix,fix
10458362,rsyslog/rsyslog,C,2165,2592053669,5699,Human,2025-06-14T06:42:11Z,2025-06-14T13:04:59Z,refactor,refactor
839216423,liam-hq/liam,TypeScript,4194,2500257044,1590,Human,2025-05-06T02:17:49Z,2025-05-16T05:26:29Z,feat,feat
39321023,prebid/Prebid.js,JavaScript,1467,2588002374,13372,Human,2025-06-12T17:04:32Z,2025-06-27T11:50:31Z,feat,feat
633927609,promptfoo/promptfoo,TypeScript,7809,2610289596,4594,Human,2025-06-23T03:33:23Z,2025-06-23T15:57:03Z,fix,fix
400215964,novuhq/novu,TypeScript,37349,2260782787,7434,Human,2025-01-05T15:15:32Z,2025-01-06T09:39:12Z,feat,feat
673010778,roboflow/inference,Python,1824,2344950093,1037,Human,2025-02-19T15:37:50Z,2025-02-21T10:25:49Z,feat,feat
430749584,OneKeyHQ/app-monorepo,TypeScript,1995,2587342366,7545,Human,2025-06-12T13:22:16Z,2025-06-13T03:24:41Z,fix,fix
710601088,crewAIInc/crewAI,Python,35096,2302954528,1993,Human,2025-01-28T18:19:17Z,2025-01-30T00:11:14Z,fix,fix
963547829,Shopify/roast,Ruby,754,2530007715,58,Human,2025-05-20T00:11:37Z,2025-05-21T04:37:53Z,fix,fix
178976529,bentoml/BentoML,Python,7934,2363577673,5251,Human,2025-02-28T02:34:44Z,2025-02-28T02:45:24Z,fix,fix
946380199,openai/openai-agents-python,Python,13119,2393403477,161,Human,2025-03-14T11:14:47Z,2025-03-17T19:59:01Z,fix,fix
764642350,stack-auth/stack-auth,TypeScript,6033,2423401148,590,Human,2025-03-27T18:13:00Z,2025-04-04T20:03:10Z,feat,feat
820087727,onlook-dev/onlook,TypeScript,21192,2369440358,1520,Human,2025-03-04T01:39:36Z,2025-03-04T01:40:54Z,feat,feat
828119367,yamadashy/repomix,TypeScript,18206,2607995704,676,Human,2025-06-20T16:52:45Z,2025-06-21T07:59:24Z,refactor,refactor
127246132,reown-com/appkit,TypeScript,5202,2309169483,3775,Human,2025-01-31T13:07:28Z,2025-01-31T15:48:17Z,fix,fix
644499668,SimonHalvdansson/Harmonic-HN,Java,746,2542498820,211,Human,2025-05-25T15:49:24Z,2025-06-09T09:22:44Z,feat,feat
172811550,cartography-cncf/cartography,Python,3491,2464579828,1534,Human,2025-04-16T21:29:53Z,2025-04-16T21:32:49Z,feat,feat
764723738,Skyvern-AI/skyvern,Python,13976,2625803728,2837,Human,2025-06-28T04:18:30Z,2025-06-28T04:32:05Z,fix,fix
48938908,konvajs/react-konva,TypeScript,6060,2543921629,837,Human,2025-05-26T12:21:11Z,2025-06-05T13:25:31Z,fix,fix
710601088,crewAIInc/crewAI,Python,35096,2271028668,1878,Human,2025-01-10T18:06:03Z,2025-01-14T18:06:47Z,fix,fix
820087727,onlook-dev/onlook,TypeScript,21192,2299040221,1120,Human,2025-01-27T04:26:47Z,2025-01-27T04:27:09Z,fix,fix
820087727,onlook-dev/onlook,TypeScript,21192,2447152262,1757,Human,2025-04-09T00:00:05Z,2025-04-09T00:28:15Z,fix,fix
826170402,elizaOS/eliza,TypeScript,16507,2532398897,4675,Human,2025-05-20T19:05:34Z,2025-05-21T08:00:20Z,fix,fix
201991558,microsoft/Olive,Python,2035,2605429875,1922,Human,2025-06-19T17:49:03Z,2025-06-19T18:15:06Z,feat,feat
350360184,calcom/cal.com,TypeScript,37399,2373478637,19755,Human,2025-03-05T12:50:36Z,2025-03-05T18:07:56Z,fix,fix
653589102,567-labs/instructor,Python,11095,2400261241,1420,Human,2025-03-18T09:25:04Z,2025-03-19T02:27:32Z,feat,feat
860100131,microsoft/typescript-go,Go,21439,2383493008,452,Human,2025-03-10T23:31:07Z,2025-03-11T00:22:33Z,fix,fix
955904085,antiwork/flexile,Ruby,665,2451849387,95,Human,2025-04-10T17:51:50Z,2025-04-11T21:17:36Z,refactor,refactor
678526156,marimo-team/marimo,Python,14933,2369481544,3968,Human,2025-03-04T02:25:36Z,2025-03-04T02:54:33Z,fix,fix
136202695,mlflow/mlflow,Python,21402,2518704449,15733,Human,2025-05-14T09:19:46Z,2025-05-15T10:01:56Z,fix,fix
959682770,antiwork/gumroad,Ruby,6643,2449808169,93,Human,2025-04-10T00:27:52Z,2025-04-10T18:12:12Z,feat,feat
223700078,lostintangent/gistpad,TypeScript,1009,2409679494,380,Human,2025-03-21T14:29:13Z,2025-05-29T16:02:36Z,feat,feat
215654064,temporalio/temporal,Go,15103,2399171483,7475,Human,2025-03-17T22:15:45Z,2025-03-17T23:37:49Z,feat,feat
896296825,jlowin/fastmcp,Python,15491,2497387255,315,Human,2025-05-04T16:18:49Z,2025-05-04T16:23:33Z,refactor,refactor
955904085,antiwork/flexile,Ruby,665,2470213236,166,Human,2025-04-20T20:32:57Z,2025-04-21T20:47:25Z,feat,feat
41881900,microsoft/vscode,TypeScript,175171,2446358343,246003,Human,2025-04-08T16:11:43Z,2025-04-08T23:55:59Z,fix,fix
839216423,liam-hq/liam,TypeScript,4194,2470839002,1428,Human,2025-04-21T08:55:25Z,2025-04-21T09:21:49Z,fix,fix
772283421,unsend-dev/unsend,TypeScript,1787,2337747904,108,Human,2025-02-15T14:15:27Z,2025-03-08T07:40:00Z,feat,feat
95743138,box/box-ui-elements,JavaScript,546,2365390280,3999,Human,2025-02-28T21:12:22Z,2025-03-04T17:00:10Z,feat,feat
771479895,lingodotdev/lingo.dev,TypeScript,2784,2532906268,792,Human,2025-05-21T00:50:19Z,2025-05-21T00:52:10Z,fix,fix
959682770,antiwork/gumroad,Ruby,6643,2575385113,305,Human,2025-06-07T11:28:35Z,2025-06-08T02:10:27Z,feat,feat
839216423,liam-hq/liam,TypeScript,4194,2543990912,1770,Human,2025-05-26T12:47:43Z,2025-05-27T08:37:12Z,fix,fix
720209383,CapSoftware/Cap,TypeScript,10645,2474534414,452,Human,2025-04-22T20:55:30Z,2025-04-24T20:56:40Z,feat,feat
3618686,katspaugh/wavesurfer.js,TypeScript,9541,2297060598,4010,Human,2025-01-24T15:45:04Z,2025-01-24T17:27:02Z,fix,fix
832879402,Kiln-AI/Kiln,Python,4015,2511573741,307,Human,2025-05-10T16:14:01Z,2025-05-10T16:59:20Z,feat,feat
958026130,featureform/enrichmcp,Python,583,2462185471,16,Human,2025-04-16T01:40:35Z,2025-04-21T22:15:37Z,feat,feat
710601088,crewAIInc/crewAI,Python,35096,2368800162,2266,Human,2025-03-03T18:23:36Z,2025-03-07T17:54:32Z,feat,feat
275993885,appsmithorg/appsmith,TypeScript,37596,2312109055,38955,Human,2025-02-03T08:55:37Z,2025-02-04T07:23:58Z,fix,fix
959682770,antiwork/gumroad,Ruby,6643,2472377551,143,Human,2025-04-22T02:27:31Z,2025-04-22T04:04:38Z,feat,feat
67753070,vercel/vercel,TypeScript,13899,2309852012,12986,Human,2025-01-31T19:05:28Z,2025-01-31T19:21:08Z,fix,fix
839216423,liam-hq/liam,TypeScript,4194,2518960791,1677,Human,2025-05-14T10:58:44Z,2025-05-15T04:04:38Z,feat,feat
526514610,dust-tt/dust,TypeScript,1171,2276494714,9958,Human,2025-01-14T11:06:21Z,2025-01-14T11:13:53Z,refactor,refactor
839216423,liam-hq/liam,TypeScript,4194,2478866054,1495,Human,2025-04-24T11:42:16Z,2025-04-25T00:53:35Z,fix,fix
710601088,crewAIInc/crewAI,Python,35096,2288132868,1931,Human,2025-01-20T16:24:44Z,2025-01-20T16:30:09Z,feat,feat
710601088,crewAIInc/crewAI,Python,35096,2596785730,3016,Human,2025-06-16T20:12:06Z,2025-06-16T20:20:10Z,fix,fix
710601088,crewAIInc/crewAI,Python,35096,2500987244,2765,Human,2025-05-06T09:24:50Z,2025-05-14T19:13:40Z,fix,fix
679017521,AgentOps-AI/agentops,Python,4722,2282594982,647,Human,2025-01-16T19:20:51Z,2025-01-16T21:31:17Z,refactor,refactor
771479895,lingodotdev/lingo.dev,TypeScript,2784,2387866748,537,Human,2025-03-12T11:27:59Z,2025-03-12T14:21:24Z,feat,feat
274495425,remotion-dev/remotion,TypeScript,23319,2308602042,4837,Human,2025-01-31T08:56:21Z,2025-02-03T13:19:38Z,fix,fix
678526156,marimo-team/marimo,Python,14933,2307381985,3628,Human,2025-01-30T17:23:28Z,2025-01-30T19:12:38Z,fix,fix
894659403,goat-sdk/goat,TypeScript,798,2309356556,295,Human,2025-01-31T14:22:40Z,2025-02-05T00:39:22Z,feat,feat
742063678,crewAIInc/crewAI-tools,Python,1177,2582175523,325,Human,2025-06-10T18:21:07Z,2025-06-11T13:02:56Z,fix,fix
959682770,antiwork/gumroad,Ruby,6643,2440303699,41,Human,2025-04-04T19:49:54Z,2025-04-04T20:21:55Z,fix,fix
762304524,ComposioHQ/composio,TypeScript,25592,2306867477,1234,Human,2025-01-30T13:21:39Z,2025-01-30T13:57:30Z,feat,feat
350360184,calcom/cal.com,TypeScript,37399,2523090720,21348,Human,2025-05-15T20:50:28Z,2025-05-16T03:27:58Z,fix,fix
689765175,different-ai/note-companion,TypeScript,696,2441329180,386,Human,2025-04-05T20:18:59Z,2025-04-05T20:22:52Z,feat,feat
917358773,trycompai/comp,TypeScript,950,2329150622,41,Human,2025-02-11T16:15:12Z,2025-02-11T16:25:44Z,fix,fix
839216423,liam-hq/liam,TypeScript,4194,2433674364,1082,Human,2025-04-02T09:32:04Z,2025-04-03T06:46:43Z,feat,feat
400215964,novuhq/novu,TypeScript,37349,2453183172,8116,Human,2025-04-11T08:25:46Z,2025-04-15T08:56:37Z,feat,feat
945671748,openops-cloud/openops,TypeScript,908,2617905924,865,Human,2025-06-25T11:28:32Z,2025-06-25T12:30:52Z,fix,fix
41881900,microsoft/vscode,TypeScript,175171,2480039506,247337,Human,2025-04-24T19:46:28Z,2025-04-24T20:00:49Z,feat,feat
710601088,crewAIInc/crewAI,Python,35096,2419373483,2477,Human,2025-03-26T13:06:31Z,2025-03-26T19:50:10Z,feat,feat
960665821,microsoft/mcp-for-beginners,Python,5961,2600803596,151,Human,2025-06-18T07:32:47Z,2025-06-18T07:44:26Z,feat,feat
39321023,prebid/Prebid.js,JavaScript,1467,2538993504,13140,Human,2025-05-23T06:57:52Z,2025-05-27T22:34:16Z,refactor,refactor
997442488,mendableai/fire-enrich,TypeScript,686,2586756491,2,Human,2025-06-12T09:58:57Z,2025-06-16T22:50:24Z,fix,fix
771479895,lingodotdev/lingo.dev,TypeScript,2784,2520802998,778,Human,2025-05-15T03:43:08Z,2025-05-15T03:44:54Z,feat,feat
828119367,yamadashy/repomix,TypeScript,18206,2323546752,343,Human,2025-02-08T04:47:31Z,2025-02-08T05:41:13Z,feat,feat
381857226,microsoft/typespec,Java,5285,2392791155,6452,Human,2025-03-14T06:15:03Z,2025-03-17T07:57:26Z,fix,fix
221981891,microsoft/playwright,TypeScript,75427,2518951807,35947,Human,2025-05-14T10:55:02Z,2025-05-14T11:43:50Z,fix,fix
114798676,Azure/azure-storage-azcopy,Go,647,2345865050,2947,Human,2025-02-20T01:05:02Z,2025-04-09T15:34:20Z,refactor,refactor
350360184,calcom/cal.com,TypeScript,37399,2397291661,20125,Human,2025-03-17T09:47:31Z,2025-03-18T16:12:26Z,fix,fix
839216423,liam-hq/liam,TypeScript,4194,2413276089,975,Human,2025-03-24T10:14:53Z,2025-03-24T11:30:14Z,fix,fix
136202695,mlflow/mlflow,Python,21402,2373275700,14860,Human,2025-03-05T11:12:05Z,2025-03-06T03:00:59Z,fix,fix
787076358,mendableai/firecrawl,TypeScript,43970,2448812092,1434,Human,2025-04-09T14:39:36Z,2025-04-10T16:49:23Z,feat,feat
2579069,datopian/portaljs,TypeScript,2233,2549951829,1382,Human,2025-05-28T15:45:41Z,2025-06-02T06:52:43Z,feat,feat
820087727,onlook-dev/onlook,TypeScript,21192,2588985167,2173,Human,2025-06-13T03:19:17Z,2025-06-19T00:42:49Z,feat,feat
783512367,RSSNext/Folo,TypeScript,30468,2367002631,2937,Human,2025-03-03T01:58:06Z,2025-03-03T07:36:09Z,feat,feat
80874333,MikePopoloski/slang,C++,799,2440050307,1301,Human,2025-04-04T17:01:24Z,2025-04-05T20:14:52Z,refactor,refactor
820087727,onlook-dev/onlook,TypeScript,21192,2530032363,1881,Human,2025-05-20T00:38:04Z,2025-05-20T00:38:17Z,refactor,refactor
430749584,OneKeyHQ/app-monorepo,TypeScript,1995,2338984173,6686,Human,2025-02-17T07:22:42Z,2025-02-18T06:26:21Z,feat,feat
642497346,langfuse/langfuse,TypeScript,14483,2282620603,5075,Human,2025-01-16T19:33:02Z,2025-01-17T11:13:46Z,feat,feat
136202695,mlflow/mlflow,Python,21402,2299051072,14342,Human,2025-01-27T04:40:32Z,2025-01-27T04:52:27Z,fix,fix
839216423,liam-hq/liam,TypeScript,4194,2422031702,1016,Human,2025-03-27T10:55:51Z,2025-03-28T06:47:07Z,feat,feat
781914762,julep-ai/julep,Python,5629,2391309914,1241,Human,2025-03-13T15:18:22Z,2025-03-13T23:58:29Z,feat,feat
953558104,badtuxx/girus-cli,Go,2054,2531400652,74,Human,2025-05-20T12:30:07Z,2025-05-20T12:32:09Z,fix,fix
430749584,OneKeyHQ/app-monorepo,TypeScript,1995,2553627600,7456,Human,2025-05-30T02:47:49Z,2025-05-30T04:37:16Z,fix,fix
114798676,Azure/azure-storage-azcopy,Go,647,2358543413,2958,Human,2025-02-26T06:52:25Z,2025-02-27T20:11:13Z,refactor,refactor
598261814,huggingface/huggingface.js,TypeScript,2185,2488046861,1396,Human,2025-04-29T07:52:09Z,2025-04-29T14:45:45Z,feat,feat
787462297,Blaizzy/mlx-vlm,Python,1551,2625218797,397,Human,2025-06-27T19:08:37Z,2025-06-28T01:23:50Z,fix,fix
350360184,calcom/cal.com,TypeScript,37399,2270445000,18584,Human,2025-01-10T12:56:58Z,2025-01-10T13:19:47Z,feat,feat
350360184,calcom/cal.com,TypeScript,37399,2477187514,20922,Human,2025-04-23T19:38:46Z,2025-04-23T19:58:04Z,fix,fix
828119367,yamadashy/repomix,TypeScript,18206,2366239167,381,Human,2025-03-01T17:02:31Z,2025-03-01T17:38:02Z,refactor,refactor
338529997,gridaco/grida,TypeScript,2138,2325628020,246,Human,2025-02-10T10:08:39Z,2025-02-10T11:09:23Z,feat,feat
542017915,Kanaries/graphic-walker,TypeScript,2898,2542860593,456,Human,2025-05-26T02:41:05Z,2025-05-30T05:00:08Z,feat,feat
993521808,openai/openai-agents-js,TypeScript,925,2574474731,50,Human,2025-06-06T21:12:33Z,2025-06-10T18:21:59Z,fix,fix
955904085,antiwork/flexile,Ruby,665,2477329496,173,Human,2025-04-23T21:04:12Z,2025-04-23T22:04:06Z,feat,feat
275993885,appsmithorg/appsmith,TypeScript,37596,2537059306,40735,Human,2025-05-22T12:30:15Z,2025-05-22T14:42:28Z,fix,fix
953558104,badtuxx/girus-cli,Go,2054,2529932539,69,Human,2025-05-19T22:55:43Z,2025-05-20T07:56:20Z,feat,feat
673010778,roboflow/inference,Python,1824,2300488657,983,Human,2025-01-27T17:48:45Z,2025-01-28T09:42:30Z,fix,fix
720209383,CapSoftware/Cap,TypeScript,10645,2451545993,427,Human,2025-04-10T15:40:25Z,2025-04-11T13:24:38Z,feat,feat
742063678,crewAIInc/crewAI-tools,Python,1177,2417540342,250,Human,2025-03-25T19:04:20Z,2025-04-02T13:16:14Z,feat,feat
756293439,kubetail-org/kubetail,Go,1355,2552754718,351,Human,2025-05-29T17:11:40Z,2025-05-30T14:39:22Z,feat,feat
710601088,crewAIInc/crewAI,Python,35096,2326564664,2089,Human,2025-02-10T16:26:05Z,2025-02-10T17:10:54Z,fix,fix
265001214,tokens-studio/figma-plugin,TypeScript,1469,2340251778,3267,Human,2025-02-17T17:10:16Z,2025-02-17T20:23:32Z,feat,feat
400215964,novuhq/novu,TypeScript,37349,2382029617,7886,Human,2025-03-10T11:44:34Z,2025-03-10T16:47:02Z,feat,feat
430749584,OneKeyHQ/app-monorepo,TypeScript,1995,2372937316,6814,Human,2025-03-05T08:45:18Z,2025-03-05T08:52:46Z,fix,fix
945671748,openops-cloud/openops,TypeScript,908,2463296273,457,Human,2025-04-16T11:24:00Z,2025-04-25T12:38:09Z,feat,feat
400215964,novuhq/novu,TypeScript,37349,2362318850,7802,Human,2025-02-27T14:13:04Z,2025-03-09T20:07:43Z,fix,fix
839216423,liam-hq/liam,TypeScript,4194,2524928685,1696,Human,2025-05-16T16:34:04Z,2025-05-19T04:27:59Z,fix,fix
41881900,microsoft/vscode,TypeScript,175171,2347914066,241379,Human,2025-02-20T19:18:43Z,2025-02-21T08:48:26Z,refactor,refactor
710601088,crewAIInc/crewAI,Python,35096,2307975331,2010,Human,2025-01-30T23:47:09Z,2025-02-04T21:07:22Z,fix,fix
710601088,crewAIInc/crewAI,Python,35096,2357935218,2232,Human,2025-02-25T23:24:21Z,2025-02-26T17:10:43Z,feat,feat
41881900,microsoft/vscode,TypeScript,175171,2569756202,250728,Human,2025-06-05T09:52:52Z,2025-06-06T11:40:01Z,refactor,refactor
77873947,ForumMagnum/ForumMagnum,TypeScript,648,2295251639,10315,Human,2025-01-23T19:34:46Z,2025-01-30T22:06:58Z,fix,fix
183834521,schemahero/schemahero,Go,1054,2464758378,1160,Human,2025-04-16T23:25:29Z,2025-05-01T12:49:46Z,fix,fix
678526156,marimo-team/marimo,Python,14933,2564964222,5177,Human,2025-06-03T18:58:20Z,2025-06-03T18:58:38Z,fix,fix
39321023,prebid/Prebid.js,JavaScript,1467,2340196923,12776,Human,2025-02-17T16:46:24Z,2025-04-10T19:16:21Z,feat,feat
955904085,antiwork/flexile,Ruby,665,2461416088,143,Human,2025-04-15T18:12:00Z,2025-04-15T20:55:06Z,fix,fix
653589102,567-labs/instructor,Python,11095,2608245390,1625,Human,2025-06-20T19:06:01Z,2025-06-20T19:15:47Z,fix,fix
945671748,openops-cloud/openops,TypeScript,908,2611368998,848,Human,2025-06-23T11:34:29Z,2025-06-23T14:09:10Z,fix,fix
958026130,featureform/enrichmcp,Python,583,2476323666,24,Human,2025-04-23T13:57:57Z,2025-04-23T14:42:52Z,feat,feat
917358773,trycompai/comp,TypeScript,950,2317958049,21,Human,2025-02-05T15:50:22Z,2025-02-05T15:50:29Z,fix,fix
786756993,mistralai/mistral-common,Python,771,2540229920,83,Human,2025-05-23T15:38:30Z,2025-05-23T15:42:55Z,feat,feat
710601088,crewAIInc/crewAI,Python,35096,2357329519,2224,Human,2025-02-25T17:20:29Z,2025-02-26T18:27:42Z,fix,fix
839216423,liam-hq/liam,TypeScript,4194,2453062844,1316,Human,2025-04-11T07:26:34Z,2025-04-11T11:03:05Z,fix,fix
679017521,AgentOps-AI/agentops,Python,4722,2454776899,919,Human,2025-04-11T21:06:37Z,2025-04-15T21:57:14Z,fix,fix
472313202,cornerstonejs/cornerstone3D,TypeScript,773,2342616052,1833,Human,2025-02-18T17:00:37Z,2025-02-18T18:56:58Z,fix,fix
35017238,hackmdio/codimd,JavaScript,9749,2412723174,1902,Human,2025-03-24T06:05:54Z,2025-05-15T06:00:53Z,feat,feat
350360184,calcom/cal.com,TypeScript,37399,2429231515,20463,Human,2025-03-31T15:14:03Z,2025-03-31T22:00:16Z,fix,fix
275993885,appsmithorg/appsmith,TypeScript,37596,2446692530,40177,Human,2025-04-08T18:37:35Z,2025-04-08T18:45:10Z,fix,fix
676672661,langchain-ai/langgraph,Python,16579,2338275002,3463,Human,2025-02-16T15:25:10Z,2025-02-18T17:39:46Z,feat,feat
274495425,remotion-dev/remotion,TypeScript,23319,2385436786,4990,Human,2025-03-11T15:01:22Z,2025-03-11T15:02:44Z,fix,fix
959682770,antiwork/gumroad,Ruby,6643,2589016474,332,Human,2025-06-13T03:46:50Z,2025-06-13T06:07:58Z,feat,feat
839216423,liam-hq/liam,TypeScript,4194,2609451219,2127,Human,2025-06-22T02:52:53Z,2025-06-23T01:54:44Z,feat,feat
633927609,promptfoo/promptfoo,TypeScript,7809,2566994837,4308,Human,2025-06-04T11:16:27Z,2025-06-04T13:36:53Z,feat,feat
535751429,wizarrrr/wizarr,Python,2081,2565653511,562,Human,2025-06-04T00:51:30Z,2025-06-04T10:35:52Z,fix,fix
602389947,Kanaries/pygwalker,Python,15060,2356246191,673,Human,2025-02-25T10:12:30Z,2025-02-25T15:03:10Z,feat,feat
787076358,mendableai/firecrawl,TypeScript,43970,2621452723,1717,Human,2025-06-26T14:52:05Z,2025-06-26T17:16:43Z,feat,feat
886899801,vlm-run/vlmrun-hub,Python,528,2332986738,92,Human,2025-02-13T06:50:23Z,2025-02-13T06:51:39Z,fix,fix
41005795,microsoft/GSL,C++,6462,2329610003,1196,Human,2025-02-11T19:46:02Z,2025-02-12T15:16:05Z,feat,feat
788904329,janbjorge/pgqueuer,Python,1324,2508896643,373,Human,2025-05-09T07:45:58Z,2025-05-09T08:39:34Z,feat,feat
720209383,CapSoftware/Cap,TypeScript,10645,2401734461,372,Human,2025-03-18T18:08:46Z,2025-03-18T18:12:13Z,feat,feat
381857226,microsoft/typespec,Java,5285,2355891934,6144,Human,2025-02-25T08:04:56Z,2025-03-18T05:58:30Z,fix,fix
959682770,antiwork/gumroad,Ruby,6643,2597669019,353,Human,2025-06-17T06:15:27Z,2025-06-17T06:55:45Z,refactor,refactor
859537060,antiwork/shortest,TypeScript,5179,2259993380,254,Human,2025-01-04T04:09:23Z,2025-01-06T18:27:54Z,feat,feat
955904085,antiwork/flexile,Ruby,665,2426266035,40,Human,2025-03-28T21:16:04Z,2025-03-28T21:29:59Z,fix,fix
820087727,onlook-dev/onlook,TypeScript,21192,2338576026,1401,Human,2025-02-17T02:00:55Z,2025-02-17T02:01:49Z,fix,fix
894659403,goat-sdk/goat,TypeScript,798,2263791524,191,Human,2025-01-07T12:28:27Z,2025-01-07T14:28:30Z,feat,feat
350360184,calcom/cal.com,TypeScript,37399,2361676316,19596,Human,2025-02-27T09:25:48Z,2025-03-13T07:24:21Z,feat,feat
598261814,huggingface/huggingface.js,TypeScript,2185,2561243271,1509,Human,2025-06-02T16:25:56Z,2025-06-03T12:11:34Z,feat,feat
41881900,microsoft/vscode,TypeScript,175171,2451856591,246231,Human,2025-04-10T17:55:07Z,2025-04-16T05:19:56Z,refactor,refactor
338529997,gridaco/grida,TypeScript,2138,2463098483,294,Human,2025-04-16T09:56:33Z,2025-04-20T10:27:18Z,fix,fix
701547123,open-webui/open-webui,JavaScript,104697,2603695662,15138,Human,2025-06-19T05:57:21Z,2025-06-19T06:34:51Z,fix,fix
127246132,reown-com/appkit,TypeScript,5202,2531973581,4376,Human,2025-05-20T15:49:44Z,2025-05-21T13:21:03Z,feat,feat
