case_id,model_finding_id,initial_adjudicator_type,initial_codeql_relation,initial_matched_reference_ids,initial_relation_confidence,initial_relation_rationale,final_codeql_relation,final_matched_reference_ids,human_review_status,final_decision_source,reviewer_role,source_row_sha256
case-00977e0ec8aff7fcb678,mf-13801105e50bcb09f499,deterministic_rule,no_reference,,high,The frozen all_case_reference_alerts inventory contains zero CodeQL reference rows for this case; semantic equivalence therefore cannot be evaluated.,no_reference,,author_confirmed,author_manual_review,author,6851f96d2d9a819b7e591c4ef29c735d2a8694e7495cd8f362984c09d3859975
case-00977e0ec8aff7fcb678,mf-c1816aad0ac7a28c8203,deterministic_rule,no_reference,,high,The frozen all_case_reference_alerts inventory contains zero CodeQL reference rows for this case; semantic equivalence therefore cannot be evaluated.,no_reference,,author_confirmed,author_manual_review,author,ac55338eabcd75f10e62ce5dc053e4bad459e4374efbddd3f210b58b72809221
case-0e7910d93b1d2321cee6,mf-84869a37090263a9e055,deterministic_rule,no_reference,,high,The frozen all_case_reference_alerts inventory contains zero CodeQL reference rows for this case; semantic equivalence therefore cannot be evaluated.,no_reference,,author_confirmed,author_manual_review,author,5369ba30f9d38ea25e5e4bdc046310ff53aef7ef762219c86bf1acddbce39f3f
case-0e7910d93b1d2321cee6,mf-4e79a0440b5544fc746a,deterministic_rule,no_reference,,high,The frozen all_case_reference_alerts inventory contains zero CodeQL reference rows for this case; semantic equivalence therefore cannot be evaluated.,no_reference,,author_confirmed,author_manual_review,author,248a8388b2bd3e1197a1751b7cad129ac907d7422cc28181539d06ee3bee174f
case-210bb7200d289a3d2aa0,mf-0a12b0c6986a67b80f8b,deterministic_rule,no_reference,,high,The frozen all_case_reference_alerts inventory contains zero CodeQL reference rows for this case; semantic equivalence therefore cannot be evaluated.,no_reference,,author_confirmed,author_manual_review,author,51f91ad9569efca7ed7a3fedb45b9a7b498cd687625d0bf0d552fceed0aeb8dd
case-210bb7200d289a3d2aa0,mf-2bf6ad949922ecc0b946,deterministic_rule,no_reference,,high,The frozen all_case_reference_alerts inventory contains zero CodeQL reference rows for this case; semantic equivalence therefore cannot be evaluated.,no_reference,,author_confirmed,author_manual_review,author,a067817c437862d11a994b021e54afbfd83ef62c9a24d4cf57fea7db4423611e
case-210bb7200d289a3d2aa0,mf-600d81be1f58ca8612ed,deterministic_rule,no_reference,,high,The frozen all_case_reference_alerts inventory contains zero CodeQL reference rows for this case; semantic equivalence therefore cannot be evaluated.,no_reference,,author_confirmed,author_manual_review,author,65444919e23bbbc857cbbc3b4d04eb4554c4af49e77ed50f00ba37381ccc157e
case-210bb7200d289a3d2aa0,mf-93ac482e6b836def360e,deterministic_rule,no_reference,,high,The frozen all_case_reference_alerts inventory contains zero CodeQL reference rows for this case; semantic equivalence therefore cannot be evaluated.,no_reference,,author_confirmed,author_manual_review,author,efd89ee359af26800a48080c271ef0e823298141082df525526b63f3495d1f75
case-22b5befc227597e10e1c,mf-8f3eec0bcc61facde566,deterministic_rule,no_reference,,high,The frozen all_case_reference_alerts inventory contains zero CodeQL reference rows for this case; semantic equivalence therefore cannot be evaluated.,no_reference,,author_confirmed,author_manual_review,author,c5bc49ebfccc499e1ec9d01d12058f5d727ccf1f6baa27edb783c32203c9c005
case-22b5befc227597e10e1c,mf-6f413a38154d138657bc,deterministic_rule,no_reference,,high,The frozen all_case_reference_alerts inventory contains zero CodeQL reference rows for this case; semantic equivalence therefore cannot be evaluated.,no_reference,,author_confirmed,author_manual_review,author,ed5838fd1310f8919f65272fdb0e90667009758e92eea8255e935a108ea3c016
case-22b5befc227597e10e1c,mf-3c151d43a6f06111cede,deterministic_rule,no_reference,,high,The frozen all_case_reference_alerts inventory contains zero CodeQL reference rows for this case; semantic equivalence therefore cannot be evaluated.,no_reference,,author_confirmed,author_manual_review,author,13c7ea4c5571d25efe6f81f14dc8e9e3016a1d8782d7995ce5ff2d94b8c61c24
case-22b5befc227597e10e1c,mf-7129e16ce9786ad7ca8f,deterministic_rule,no_reference,,high,The frozen all_case_reference_alerts inventory contains zero CodeQL reference rows for this case; semantic equivalence therefore cannot be evaluated.,no_reference,,author_confirmed,author_manual_review,author,ace7caa3bb912a5e030afc0a1c991487033aed5409f0debb0fd3403938f7fe1e
case-22b5befc227597e10e1c,mf-5e3c7221156f54a2b44e,deterministic_rule,no_reference,,high,The frozen all_case_reference_alerts inventory contains zero CodeQL reference rows for this case; semantic equivalence therefore cannot be evaluated.,no_reference,,author_confirmed,author_manual_review,author,f79b7baca29f47c0a28d3d7f2365b7753725ffd7e2b20d2f81b5685602b58f3c
case-22b5befc227597e10e1c,mf-50cf57f4fd4f7d9fbb04,deterministic_rule,no_reference,,high,The frozen all_case_reference_alerts inventory contains zero CodeQL reference rows for this case; semantic equivalence therefore cannot be evaluated.,no_reference,,author_confirmed,author_manual_review,author,952e7bf1bd8a6bb136912405cdb6f3e25ac15c526c8668ef08dce12ebff3098d
case-2a05c6f1f5871c732fc9,mf-1d853c4a8a5e49c3895e,deterministic_rule,no_reference,,high,The frozen all_case_reference_alerts inventory contains zero CodeQL reference rows for this case; semantic equivalence therefore cannot be evaluated.,no_reference,,author_confirmed,author_manual_review,author,ec22eff1f69fdd82b41d9d4a39e1d6cd70c5a848e5ff48be43b476d49dbe90ca
case-2a05c6f1f5871c732fc9,mf-d1e89d01a8fab57897be,deterministic_rule,no_reference,,high,The frozen all_case_reference_alerts inventory contains zero CodeQL reference rows for this case; semantic equivalence therefore cannot be evaluated.,no_reference,,author_confirmed,author_manual_review,author,3de6828aaeab4de8b6b6e243337279c98833fad3952d665c9f84daf4ac035ff0
case-2a05c6f1f5871c732fc9,mf-548197042f1d7c4448cb,deterministic_rule,no_reference,,high,The frozen all_case_reference_alerts inventory contains zero CodeQL reference rows for this case; semantic equivalence therefore cannot be evaluated.,no_reference,,author_confirmed,author_manual_review,author,9a76afe5cde5596512c82c01ab06390e7f12fe58551a82ac6b354b478d9b8f03
case-2ae54e3d2402891653c9,mf-5dd36c15fb01f0a88cf4,deterministic_rule,no_reference,,high,The frozen all_case_reference_alerts inventory contains zero CodeQL reference rows for this case; semantic equivalence therefore cannot be evaluated.,no_reference,,author_confirmed,author_manual_review,author,887b70ea7e26fc7c69ce574d1cc01850e08fdfc3593ab0afb5086bbcd8cda0dd
case-2ae54e3d2402891653c9,mf-1bc78d1f9da105634f70,deterministic_rule,no_reference,,high,The frozen all_case_reference_alerts inventory contains zero CodeQL reference rows for this case; semantic equivalence therefore cannot be evaluated.,no_reference,,author_confirmed,author_manual_review,author,b0a820be699287d0b6d65cd084df394612e2719f2631bb26d7928b93de00cf23
case-2ae54e3d2402891653c9,mf-ff53c84e0079e4c0e2af,deterministic_rule,no_reference,,high,The frozen all_case_reference_alerts inventory contains zero CodeQL reference rows for this case; semantic equivalence therefore cannot be evaluated.,no_reference,,author_confirmed,author_manual_review,author,6b324d11d049b5d8053c649f12b5facf2ea2762931650927e405466cfd223414
case-337b59edf712fccfe514,mf-619a5f9794a756618cc5,deterministic_rule,no_reference,,high,The frozen all_case_reference_alerts inventory contains zero CodeQL reference rows for this case; semantic equivalence therefore cannot be evaluated.,no_reference,,author_confirmed,author_manual_review,author,e0b95253efeec462da89ac9c528a16dafd6185bdecb2c4a28a513d5435419a1f
case-337b59edf712fccfe514,mf-acfc5a04c490cbfa2f02,deterministic_rule,no_reference,,high,The frozen all_case_reference_alerts inventory contains zero CodeQL reference rows for this case; semantic equivalence therefore cannot be evaluated.,no_reference,,author_confirmed,author_manual_review,author,2d7e2feed8b25dc351c47f89ac0c193a200db1b9e8074de1362e752d8c11452f
case-337b59edf712fccfe514,mf-2a781417389326b186aa,deterministic_rule,no_reference,,high,The frozen all_case_reference_alerts inventory contains zero CodeQL reference rows for this case; semantic equivalence therefore cannot be evaluated.,no_reference,,author_confirmed,author_manual_review,author,a5d1683a455844943cb012c96a3facffd3c58b196761a78262f1389645e492d3
case-337b59edf712fccfe514,mf-e9637b78a3d68abe2207,deterministic_rule,no_reference,,high,The frozen all_case_reference_alerts inventory contains zero CodeQL reference rows for this case; semantic equivalence therefore cannot be evaluated.,no_reference,,author_confirmed,author_manual_review,author,631a1cefa345aa7fbcac09d7d2ee2b132107e5fc12d9028e5c562340bb924dc6
case-3579bc98fa0e953b64f7,mf-30f32a0977aea9d3d747,deterministic_rule,no_reference,,high,The frozen all_case_reference_alerts inventory contains zero CodeQL reference rows for this case; semantic equivalence therefore cannot be evaluated.,no_reference,,author_confirmed,author_manual_review,author,49198a83cf3b25338e9b7b88faea282d7e058b3f00cc2218dd97d4c247417b39
case-3579bc98fa0e953b64f7,mf-4fc648e96741f6fcc33a,deterministic_rule,no_reference,,high,The frozen all_case_reference_alerts inventory contains zero CodeQL reference rows for this case; semantic equivalence therefore cannot be evaluated.,no_reference,,author_confirmed,author_manual_review,author,0eedd568acfcaa541bac2bb2eee58195abb955ad8f93b9a859f4df7f60703d6f
case-3579bc98fa0e953b64f7,mf-304226469be09976571c,deterministic_rule,no_reference,,high,The frozen all_case_reference_alerts inventory contains zero CodeQL reference rows for this case; semantic equivalence therefore cannot be evaluated.,no_reference,,author_confirmed,author_manual_review,author,7356b2052f4892fa6c5702a20f4f1270efc667d6ed68b972cf41e7c7ab9126e8
case-4bdf822f70334d0f1dc2,mf-dc7c937399e82231dd08,deterministic_rule,no_reference,,high,The frozen all_case_reference_alerts inventory contains zero CodeQL reference rows for this case; semantic equivalence therefore cannot be evaluated.,no_reference,,author_confirmed,author_manual_review,author,4f53623710735feab9506265828462219a7f5d9cf8b78d253c1cdf50441256a9
case-4bdf822f70334d0f1dc2,mf-ec6c7546059e682c960b,deterministic_rule,no_reference,,high,The frozen all_case_reference_alerts inventory contains zero CodeQL reference rows for this case; semantic equivalence therefore cannot be evaluated.,no_reference,,author_confirmed,author_manual_review,author,b1561934f80aefd7c59ba797a0c72ec5885e27e0c4af4aa823bfae8be21e63c9
case-525cca57fa45a53cdf40,mf-85547bb09960bb772937,deterministic_rule,no_reference,,high,The frozen all_case_reference_alerts inventory contains zero CodeQL reference rows for this case; semantic equivalence therefore cannot be evaluated.,no_reference,,author_confirmed,author_manual_review,author,853ce7a9668e181dc26ee8154a5566f9f8374869d95fba49bbdc8e0f70cca4f4
case-554adcd81abcd45211d3,mf-2f57e692c564d02712c5,deterministic_rule,no_reference,,high,The frozen all_case_reference_alerts inventory contains zero CodeQL reference rows for this case; semantic equivalence therefore cannot be evaluated.,no_reference,,author_confirmed,author_manual_review,author,59152eabfeface5abd60453f83641f01dcd857694b1a6a7bd85918259bf77f22
case-554adcd81abcd45211d3,mf-6a6d572f62b3b2b1e88c,deterministic_rule,no_reference,,high,The frozen all_case_reference_alerts inventory contains zero CodeQL reference rows for this case; semantic equivalence therefore cannot be evaluated.,no_reference,,author_confirmed,author_manual_review,author,cc3bb4bafc5c8fc72482cb30aa49a65eca4cd9a7c8bdec6dbc6ec06d60087287
case-656157e34a42feec3ad8,mf-45dde033b9599c33a3b2,deterministic_rule,no_reference,,high,The frozen all_case_reference_alerts inventory contains zero CodeQL reference rows for this case; semantic equivalence therefore cannot be evaluated.,no_reference,,author_confirmed,author_manual_review,author,25f37deb0ecb08e21fe7e0e28e807ee0bfb88dc0fc79d4252d68892be9e7b9ab
case-656157e34a42feec3ad8,mf-3dbf6370d448e5fe088a,deterministic_rule,no_reference,,high,The frozen all_case_reference_alerts inventory contains zero CodeQL reference rows for this case; semantic equivalence therefore cannot be evaluated.,no_reference,,author_confirmed,author_manual_review,author,a1cf8ed3f02f3728085eb9c2fb1532def2a4258316157e7868c2947984dd0365
case-656157e34a42feec3ad8,mf-1870ab7f8c113eb4b3fe,deterministic_rule,no_reference,,high,The frozen all_case_reference_alerts inventory contains zero CodeQL reference rows for this case; semantic equivalence therefore cannot be evaluated.,no_reference,,author_confirmed,author_manual_review,author,5eaa1b34d17bee9c57a8b04d023b1d5c2d466791f7dc8876d0c09b3e4be0ba76
case-656157e34a42feec3ad8,mf-850c1724e31d0f691a89,deterministic_rule,no_reference,,high,The frozen all_case_reference_alerts inventory contains zero CodeQL reference rows for this case; semantic equivalence therefore cannot be evaluated.,no_reference,,author_confirmed,author_manual_review,author,9d1a61827fe3a1fd4021dc346945d2f1b160062b1abb9bc9f98813edcea2cb9e
case-656157e34a42feec3ad8,mf-eb8a055e89c3a242863b,deterministic_rule,no_reference,,high,The frozen all_case_reference_alerts inventory contains zero CodeQL reference rows for this case; semantic equivalence therefore cannot be evaluated.,no_reference,,author_confirmed,author_manual_review,author,b75a35b516fcaa2737f8b0823bef220ac40a0f34cd6873c2d1fccd04f71d0572
case-656157e34a42feec3ad8,mf-15a66c1edbf2d781b2aa,deterministic_rule,no_reference,,high,The frozen all_case_reference_alerts inventory contains zero CodeQL reference rows for this case; semantic equivalence therefore cannot be evaluated.,no_reference,,author_confirmed,author_manual_review,author,50feae40d0bef7e308ac3fa4e0f32b3ffd777fb8846a95fc8ecaf366c2f2cdd1
case-656157e34a42feec3ad8,mf-63d6cd044015bc793ff6,deterministic_rule,no_reference,,high,The frozen all_case_reference_alerts inventory contains zero CodeQL reference rows for this case; semantic equivalence therefore cannot be evaluated.,no_reference,,author_confirmed,author_manual_review,author,b35b001ae295c5ddbbb276479f4d9c1d840628b05b8d310f2ed7ec1d567324e2
case-656157e34a42feec3ad8,mf-b4e7a2d6f9109b8d5047,deterministic_rule,no_reference,,high,The frozen all_case_reference_alerts inventory contains zero CodeQL reference rows for this case; semantic equivalence therefore cannot be evaluated.,no_reference,,author_confirmed,author_manual_review,author,533115805755891ac7b41bf8ed6ccab8e521aff0f1fcabeb63e02be03e7f4b83
case-7769db528e070342d826,mf-7b13d633a68230180fe4,LLM_assistant,no_match,,high,The inconsistent result-count units are unrelated to CodeQL's log-injection alerts.,no_match,,author_confirmed,author_manual_review,author,b6dba1a7587d30907d6979913e9bdd7034c6c1cd89210bcb3025d20243af211c
case-7769db528e070342d826,mf-5f591305b752997b2784,LLM_assistant,no_match,,high,The denominator omits error tests and is unrelated to CodeQL's log-injection alerts.,no_match,,author_confirmed,author_manual_review,author,d447dd64717d783392b87654dd77d171bf8d27fc1c5fd99a504760472e6c0951
case-7769db528e070342d826,mf-e46d3cd4669b40cf3dca,LLM_assistant,no_match,,high,The negative empty-result page index is unrelated to CodeQL's log-injection alerts.,no_match,,author_confirmed,author_manual_review,author,41a74955e42b3eb684f3b8cd85685dc90658936b1ae2ea8404ff2818ffe3d3f6
case-7769db528e070342d826,mf-3a42851508ebcf6e4e43,LLM_assistant,no_match,,high,The partially updated eval selection state is unrelated to CodeQL's log-injection alerts.,no_match,,author_confirmed,author_manual_review,author,8ee6467b99027b90b8e4a91a6966da945b477b811a7bea562a32ceda866c9dc5
case-7769db528e070342d826,mf-1fdcb096be9a926af5b9,LLM_assistant,no_match,,high,The incorrect metadata index expression is unrelated to CodeQL's log-injection alerts.,no_match,,author_confirmed,author_manual_review,author,6df218e98308439b5c806e23cb1fb930a3b616f32e48bb0c276c034b1bf7b052
case-7769db528e070342d826,mf-4a64a88a3fb3c1611239,LLM_assistant,no_match,,high,Missing metrics for legacy evals are unrelated to CodeQL's log-injection alerts.,no_match,,author_confirmed,author_manual_review,author,1c1742408a4d4aafb2f30bc3ae055a51e43e0f3f17640db61ad4e62bdb84b6c8
case-7769db528e070342d826,mf-b77a250627043adcb48c,LLM_assistant,no_match,,high,The breaking moderation configuration shape is unrelated to CodeQL's log-injection alerts.,no_match,,author_confirmed,author_manual_review,author,bdbe3fa8403d4fc1902da695b80e7ef64ff1238fdd1e66b911e8098c4d8d6869
case-7769db528e070342d826,mf-e74e30addb9f4dfcd1d9,LLM_assistant,no_match,,high,Persisting stale comparison IDs is unrelated to CodeQL's log-injection alerts.,no_match,,author_confirmed,author_manual_review,author,44ef59d8f64d3b0c9536f35b1a7ad5bc61301c9ce339d8ceab750019a8a927c7
case-7769db528e070342d826,mf-01a355e579cd8bfe5fdb,LLM_assistant,no_match,,high,The increased UI debounce is unrelated to CodeQL's log-injection alerts.,no_match,,author_confirmed,author_manual_review,author,87e937de8535770d26c5006a323ba47a76df186e75970ac8c01361879d83dd42
case-7769db528e070342d826,mf-de5ac4e12266821e0fde,LLM_assistant,no_match,,high,The changed intent-grader input is unrelated to CodeQL's log-injection alerts.,no_match,,author_confirmed,author_manual_review,author,f511f63c0fab6de22a85372f1ab3dff0eaa187bcd3f731238396dc2cd471ecb0
case-7c75f021c35395eadfeb,mf-8834ee74b07773fb6d6c,deterministic_rule,no_reference,,high,The frozen all_case_reference_alerts inventory contains zero CodeQL reference rows for this case; semantic equivalence therefore cannot be evaluated.,no_reference,,author_confirmed,author_manual_review,author,85dbe630c76b2a002fe21f63b4ffaddb6f8651ddcdf17872413805bd1f75b9af
case-7c75f021c35395eadfeb,mf-17ce49705ee5d32e8b59,deterministic_rule,no_reference,,high,The frozen all_case_reference_alerts inventory contains zero CodeQL reference rows for this case; semantic equivalence therefore cannot be evaluated.,no_reference,,author_confirmed,author_manual_review,author,f4dd4080abcbcfd4cf1e8c4bf98605fdba765c8b27b8380e2e6b76909066975e
case-7c75f021c35395eadfeb,mf-95fbc4ad5338f9588f62,deterministic_rule,no_reference,,high,The frozen all_case_reference_alerts inventory contains zero CodeQL reference rows for this case; semantic equivalence therefore cannot be evaluated.,no_reference,,author_confirmed,author_manual_review,author,2b367362dbb202e56531ceefb5a9be751ec215b6699612f07dfb0115f6139429
case-7c75f021c35395eadfeb,mf-868d9c1b7c5e2dabe8f7,deterministic_rule,no_reference,,high,The frozen all_case_reference_alerts inventory contains zero CodeQL reference rows for this case; semantic equivalence therefore cannot be evaluated.,no_reference,,author_confirmed,author_manual_review,author,2637eec625b39df5bb5479427b9c25e10a5f53229652482e28bcd308ec45d1af
case-876b04abf7d9fca64331,mf-ad60503aa74ae62ecd65,deterministic_rule,no_reference,,high,The frozen all_case_reference_alerts inventory contains zero CodeQL reference rows for this case; semantic equivalence therefore cannot be evaluated.,no_reference,,author_confirmed,author_manual_review,author,066f3a37fe6600573aa7c5229d806f9fdb45e1d9b91790ac89d858ed104e3392
case-876b04abf7d9fca64331,mf-9b97c39c375cc9549d2f,deterministic_rule,no_reference,,high,The frozen all_case_reference_alerts inventory contains zero CodeQL reference rows for this case; semantic equivalence therefore cannot be evaluated.,no_reference,,author_confirmed,author_manual_review,author,e092b3bddeef9ff9a2324594d549bcd93b83e1374ae5aa3d65e061c12f51d49f
case-876b04abf7d9fca64331,mf-ce4af98e1019d0cc1ca3,deterministic_rule,no_reference,,high,The frozen all_case_reference_alerts inventory contains zero CodeQL reference rows for this case; semantic equivalence therefore cannot be evaluated.,no_reference,,author_confirmed,author_manual_review,author,c3cae0475b6ad30317a6d428afd80d4837dbb2254fe9f70fe6e9c9ce2569664f
case-876b04abf7d9fca64331,mf-b2836533cb96aed384f3,deterministic_rule,no_reference,,high,The frozen all_case_reference_alerts inventory contains zero CodeQL reference rows for this case; semantic equivalence therefore cannot be evaluated.,no_reference,,author_confirmed,author_manual_review,author,6858d1112638139be5e96eb686ade5c2ccd3babe1b88452a59253ec214e29176
case-876b04abf7d9fca64331,mf-73b1d3844fae37d1e8b6,deterministic_rule,no_reference,,high,The frozen all_case_reference_alerts inventory contains zero CodeQL reference rows for this case; semantic equivalence therefore cannot be evaluated.,no_reference,,author_confirmed,author_manual_review,author,920867168a4c0ac27e0f23f68fb5c6d37f59b736db5825e75439364e741733ca
case-890543742b2667251625,mf-806043ae73fe69b3c4dd,deterministic_rule,no_reference,,high,The frozen all_case_reference_alerts inventory contains zero CodeQL reference rows for this case; semantic equivalence therefore cannot be evaluated.,no_reference,,author_confirmed,author_manual_review,author,58e386e446104c5d002e8900b9bdb755e753be662b401ae839d1bb14cc19e803
case-890543742b2667251625,mf-7ef873c9c5b5d07ffcbb,deterministic_rule,no_reference,,high,The frozen all_case_reference_alerts inventory contains zero CodeQL reference rows for this case; semantic equivalence therefore cannot be evaluated.,no_reference,,author_confirmed,author_manual_review,author,a307e9e45e0c7eadee2cd65825edb36d04f38334f46e753e4f3d408682a8a507
case-890543742b2667251625,mf-c3ed11ffbdc64c08bb75,deterministic_rule,no_reference,,high,The frozen all_case_reference_alerts inventory contains zero CodeQL reference rows for this case; semantic equivalence therefore cannot be evaluated.,no_reference,,author_confirmed,author_manual_review,author,b25e489691637f790c20dc4a5cbcb2e32fd214dfbf329acf28c32e5b2b83e8ba
case-890543742b2667251625,mf-d6828dd31a57367b768b,deterministic_rule,no_reference,,high,The frozen all_case_reference_alerts inventory contains zero CodeQL reference rows for this case; semantic equivalence therefore cannot be evaluated.,no_reference,,author_confirmed,author_manual_review,author,d9f620c025dd4080764610ebc5505d46f8d53e41bd6a28e8932af1905f25cbf1
case-890543742b2667251625,mf-c9b0ef5723a8bc9faf9f,deterministic_rule,no_reference,,high,The frozen all_case_reference_alerts inventory contains zero CodeQL reference rows for this case; semantic equivalence therefore cannot be evaluated.,no_reference,,author_confirmed,author_manual_review,author,67ee9c8b3227998ad1362aa9591a3a3996cecf9c75d528e6a6a706807b44ee74
case-8e3569ec12253aacd7c7,mf-9ddb3fa49e20f9767fc3,deterministic_rule,no_reference,,high,The frozen all_case_reference_alerts inventory contains zero CodeQL reference rows for this case; semantic equivalence therefore cannot be evaluated.,no_reference,,author_confirmed,author_manual_review,author,5d08967a6668972642d1ee91a22de0fa9c9de03bde0797c97526783a4fdd8feb
case-8e3569ec12253aacd7c7,mf-2ab69a24921bd576a388,deterministic_rule,no_reference,,high,The frozen all_case_reference_alerts inventory contains zero CodeQL reference rows for this case; semantic equivalence therefore cannot be evaluated.,no_reference,,author_confirmed,author_manual_review,author,c27ab6272c673db22b05b33fbb122b54e3078fb2536050d3ade49ccf6e136c3f
case-8e3569ec12253aacd7c7,mf-e8fe413e5d4fa61827d7,deterministic_rule,no_reference,,high,The frozen all_case_reference_alerts inventory contains zero CodeQL reference rows for this case; semantic equivalence therefore cannot be evaluated.,no_reference,,author_confirmed,author_manual_review,author,e2ff4c3ef38014465b872372fde1a7bce91ac47803f96bb6a3310eca9a679f9c
case-8e3569ec12253aacd7c7,mf-424e9c1559a64bbee3b5,deterministic_rule,no_reference,,high,The frozen all_case_reference_alerts inventory contains zero CodeQL reference rows for this case; semantic equivalence therefore cannot be evaluated.,no_reference,,author_confirmed,author_manual_review,author,146d5f96dbc5eb6cfdaffd7dbecb1c83bed1f54b4ce406c1cc243199d8bd17ba
case-8e3569ec12253aacd7c7,mf-818a05abbb98ba139ae2,deterministic_rule,no_reference,,high,The frozen all_case_reference_alerts inventory contains zero CodeQL reference rows for this case; semantic equivalence therefore cannot be evaluated.,no_reference,,author_confirmed,author_manual_review,author,208f650d6fdce7ddeda7674d27fa2f69b254eeaab75b80e2d139cccf9a2d398e
case-8e3569ec12253aacd7c7,mf-0a983e3ac7205a902bda,deterministic_rule,no_reference,,high,The frozen all_case_reference_alerts inventory contains zero CodeQL reference rows for this case; semantic equivalence therefore cannot be evaluated.,no_reference,,author_confirmed,author_manual_review,author,86f0908487c0514693a0a06e67c31cd1975186303c8b84ca1b21f4c27d760e65
case-8e3569ec12253aacd7c7,mf-c4c57c7d25d84a4ae814,deterministic_rule,no_reference,,high,The frozen all_case_reference_alerts inventory contains zero CodeQL reference rows for this case; semantic equivalence therefore cannot be evaluated.,no_reference,,author_confirmed,author_manual_review,author,4b73027e7b2a685cd060e6953380d3189fcd7c432a72b62f0aaff831d7a3180c
case-906c229655ff5b2d845d,mf-0e43fdd27856994e5e10,deterministic_rule,no_reference,,high,The frozen all_case_reference_alerts inventory contains zero CodeQL reference rows for this case; semantic equivalence therefore cannot be evaluated.,no_reference,,author_confirmed,author_manual_review,author,65dced0c358f17fe45706f87baf849c77829c34127952e99c7e1c58ada4c72d4
case-906c229655ff5b2d845d,mf-22ad0db4dcc41575c508,deterministic_rule,no_reference,,high,The frozen all_case_reference_alerts inventory contains zero CodeQL reference rows for this case; semantic equivalence therefore cannot be evaluated.,no_reference,,author_confirmed,author_manual_review,author,f64ed76513e31532584b1c1158ae2d1c049e502604cd33de7e5ad0129003456e
case-906c229655ff5b2d845d,mf-6b3f2598548ecc49e7e7,deterministic_rule,no_reference,,high,The frozen all_case_reference_alerts inventory contains zero CodeQL reference rows for this case; semantic equivalence therefore cannot be evaluated.,no_reference,,author_confirmed,author_manual_review,author,4c2a9324d02b8b4c1230651a15bd87a9ec6a94c2fc12bdd4fb6f2e9a5bc44b23
case-942f9d868ba8d76f17e5,mf-8f965c08be3fa9bded51,deterministic_rule,no_reference,,high,The frozen all_case_reference_alerts inventory contains zero CodeQL reference rows for this case; semantic equivalence therefore cannot be evaluated.,no_reference,,author_confirmed,author_manual_review,author,57662c1528665e8e530bb834aaef86f680dfa5d4ab9462e85f736f430c535a63
case-942f9d868ba8d76f17e5,mf-d379db7ed361eb301fb5,deterministic_rule,no_reference,,high,The frozen all_case_reference_alerts inventory contains zero CodeQL reference rows for this case; semantic equivalence therefore cannot be evaluated.,no_reference,,author_confirmed,author_manual_review,author,64ee295bcdece36ddaf57c16c454a45981eed8e0f87ba5ff2edbeb58d83b57a6
case-942f9d868ba8d76f17e5,mf-e37e775b510eaa40e7b4,deterministic_rule,no_reference,,high,The frozen all_case_reference_alerts inventory contains zero CodeQL reference rows for this case; semantic equivalence therefore cannot be evaluated.,no_reference,,author_confirmed,author_manual_review,author,7a09b8b3f5b9edbc9aa8962b6fcc372d936d2334f271130c5830ef292c923ae6
case-942f9d868ba8d76f17e5,mf-4d4a7f444e509c5baffa,deterministic_rule,no_reference,,high,The frozen all_case_reference_alerts inventory contains zero CodeQL reference rows for this case; semantic equivalence therefore cannot be evaluated.,no_reference,,author_confirmed,author_manual_review,author,62cd7035d72dc8eaf238ce74af0233e5b2741d01b08075eecd5768e2ab148b8a
case-942f9d868ba8d76f17e5,mf-16e4a09c6e5ce1dae353,deterministic_rule,no_reference,,high,The frozen all_case_reference_alerts inventory contains zero CodeQL reference rows for this case; semantic equivalence therefore cannot be evaluated.,no_reference,,author_confirmed,author_manual_review,author,910ff492cf497a94d45fb6cc6d2342aa2439a5647f531a3cbba7ade88554a2ec
case-a907ff7b7b82863f67ef,mf-51ea10c351a6026f14b9,deterministic_rule,no_reference,,high,The frozen all_case_reference_alerts inventory contains zero CodeQL reference rows for this case; semantic equivalence therefore cannot be evaluated.,no_reference,,author_confirmed,author_manual_review,author,2fe36e5315baa88cfac80e44ba8ebca8b3b06749cc5a5e937ea1d6808c6f4c9b
case-a907ff7b7b82863f67ef,mf-80b4497578e61e2d55d0,deterministic_rule,no_reference,,high,The frozen all_case_reference_alerts inventory contains zero CodeQL reference rows for this case; semantic equivalence therefore cannot be evaluated.,no_reference,,author_confirmed,author_manual_review,author,ef1540bb295a495e97d56ebaa6721963c112df455f828d8f724c127e40a38d50
case-a907ff7b7b82863f67ef,mf-65496d34471f52134e3e,deterministic_rule,no_reference,,high,The frozen all_case_reference_alerts inventory contains zero CodeQL reference rows for this case; semantic equivalence therefore cannot be evaluated.,no_reference,,author_confirmed,author_manual_review,author,9717a08d651db2019e5c62981b3c4ec3fea109a1eb66d09e34952835086f8127
case-a907ff7b7b82863f67ef,mf-47cfc238b19d63249108,deterministic_rule,no_reference,,high,The frozen all_case_reference_alerts inventory contains zero CodeQL reference rows for this case; semantic equivalence therefore cannot be evaluated.,no_reference,,author_confirmed,author_manual_review,author,85791aa957d86fd86bbf3ebfe987da4ae566a00ee6739a34bf0a54ef08ddc05d
case-ab37a0754d9da12ed40c,mf-a992c5c34ea510f36733,deterministic_rule,no_reference,,high,The frozen all_case_reference_alerts inventory contains zero CodeQL reference rows for this case; semantic equivalence therefore cannot be evaluated.,no_reference,,author_confirmed,author_manual_review,author,7bb6327e9021ba9541547fdffb9f3718c05392b2b23c4eede0d2d172329eb2da
case-ab37a0754d9da12ed40c,mf-f1bbbe71cbf1d4610503,deterministic_rule,no_reference,,high,The frozen all_case_reference_alerts inventory contains zero CodeQL reference rows for this case; semantic equivalence therefore cannot be evaluated.,no_reference,,author_confirmed,author_manual_review,author,791ce06b7282de9c06144cb8cd6fd51642cc4d07725a8aebd449ca196ded32ba
case-ab37a0754d9da12ed40c,mf-60b6b5b1aa4d1e201017,deterministic_rule,no_reference,,high,The frozen all_case_reference_alerts inventory contains zero CodeQL reference rows for this case; semantic equivalence therefore cannot be evaluated.,no_reference,,author_confirmed,author_manual_review,author,5342f13d83cbb288df3212a6832864d11dc37a11a16139280cf562fb18a6f056
case-af796cba9349058a9934,mf-7b86d2c3eae75028743a,deterministic_rule,no_reference,,high,The frozen all_case_reference_alerts inventory contains zero CodeQL reference rows for this case; semantic equivalence therefore cannot be evaluated.,no_reference,,author_confirmed,author_manual_review,author,e22ee828d3fca236f8a6f7ae695cf7aaa05bde0edc5183a2501296032a469520
case-bc28a1aba4094e693c43,mf-f82338bb64d53a559629,deterministic_rule,no_reference,,high,The frozen all_case_reference_alerts inventory contains zero CodeQL reference rows for this case; semantic equivalence therefore cannot be evaluated.,no_reference,,author_confirmed,author_manual_review,author,e3b730244669059cc19bb6a7d5c3f0c4becd8ef90f85296c7c17ccf47a33005b
case-bc28a1aba4094e693c43,mf-8fe0d1d8934b37ab2f68,deterministic_rule,no_reference,,high,The frozen all_case_reference_alerts inventory contains zero CodeQL reference rows for this case; semantic equivalence therefore cannot be evaluated.,no_reference,,author_confirmed,author_manual_review,author,adb7d7fadd8ac957daa8b529bc51639b4d1cb866089e614ff0a1b1c78a8006ed
case-bc28a1aba4094e693c43,mf-a41d7f394b5e27626406,deterministic_rule,no_reference,,high,The frozen all_case_reference_alerts inventory contains zero CodeQL reference rows for this case; semantic equivalence therefore cannot be evaluated.,no_reference,,author_confirmed,author_manual_review,author,79ff507ffe274ca3c5046ddf5080c2d2da396680cf2e9a6429017870fc018465
case-bc28a1aba4094e693c43,mf-59d4a9b77a179e0184c5,deterministic_rule,no_reference,,high,The frozen all_case_reference_alerts inventory contains zero CodeQL reference rows for this case; semantic equivalence therefore cannot be evaluated.,no_reference,,author_confirmed,author_manual_review,author,f83f55293b566afd23676fc76e74c88b243667dda728f94bbdbd3475c0b4a02b
case-bc28a1aba4094e693c43,mf-3ac1fcf7d2c0433dab4d,deterministic_rule,no_reference,,high,The frozen all_case_reference_alerts inventory contains zero CodeQL reference rows for this case; semantic equivalence therefore cannot be evaluated.,no_reference,,author_confirmed,author_manual_review,author,2471ffefba26652ec997cea8826fbaa6dff2ef44ec541031d470119ab8035ce5
case-bc28a1aba4094e693c43,mf-50c7fd3f1a8500ad4dae,deterministic_rule,no_reference,,high,The frozen all_case_reference_alerts inventory contains zero CodeQL reference rows for this case; semantic equivalence therefore cannot be evaluated.,no_reference,,author_confirmed,author_manual_review,author,004613cbb3c0a43376540889e8ef662a5e6736a37f375b517e15560364eed5f2
case-cac1c1d447083f202a85,mf-54dcd9552943d1576300,deterministic_rule,no_reference,,high,The frozen all_case_reference_alerts inventory contains zero CodeQL reference rows for this case; semantic equivalence therefore cannot be evaluated.,no_reference,,author_confirmed,author_manual_review,author,0107b2cd8975dbee2590458ec74efef94a2a239881c4759c200c83f9732f0711
case-cac1c1d447083f202a85,mf-b01e50f7e255c5531db1,deterministic_rule,no_reference,,high,The frozen all_case_reference_alerts inventory contains zero CodeQL reference rows for this case; semantic equivalence therefore cannot be evaluated.,no_reference,,author_confirmed,author_manual_review,author,411f06112f2f0bbf88ee15a20af47637536fd1f37d49689597ab7661bfb37f04
case-cac1c1d447083f202a85,mf-e474fd4f7490959e5b57,deterministic_rule,no_reference,,high,The frozen all_case_reference_alerts inventory contains zero CodeQL reference rows for this case; semantic equivalence therefore cannot be evaluated.,no_reference,,author_confirmed,author_manual_review,author,1c65ba0f78258fcde19b4b4f35d2e3d5354a2919c3e5168825bb006f1e3fb466
case-cb2aa3ca3fcfec607cfe,mf-2ce57fafebe10a783b82,deterministic_rule,no_reference,,high,The frozen all_case_reference_alerts inventory contains zero CodeQL reference rows for this case; semantic equivalence therefore cannot be evaluated.,no_reference,,author_confirmed,author_manual_review,author,45d1bc1e0247ba6e41422dc3563b339be41bc3e3ccbf8cc0172aa37b639e7b3d
case-cb2aa3ca3fcfec607cfe,mf-4f63699456dbffda8ef4,deterministic_rule,no_reference,,high,The frozen all_case_reference_alerts inventory contains zero CodeQL reference rows for this case; semantic equivalence therefore cannot be evaluated.,no_reference,,author_confirmed,author_manual_review,author,55a9e7b05ad82aa0103da0ed83e7a429ecd87d626bc4d1c1d5f4609354ce5fb3
case-d16aaf7c33621dbb5444,mf-d32a96c46c45d9238288,deterministic_rule,no_reference,,high,The frozen all_case_reference_alerts inventory contains zero CodeQL reference rows for this case; semantic equivalence therefore cannot be evaluated.,no_reference,,author_confirmed,author_manual_review,author,1f4e9f5d3d7f8a32647822d450494e79e3cebf37a3958d2a16b4e1f5ed9e4e6c
case-d16aaf7c33621dbb5444,mf-b0dde1d78e70e6eec59e,deterministic_rule,no_reference,,high,The frozen all_case_reference_alerts inventory contains zero CodeQL reference rows for this case; semantic equivalence therefore cannot be evaluated.,no_reference,,author_confirmed,author_manual_review,author,fd4efe807f84e585875606bd970c4a3971d9cbd8b173fda5ab3ce9053b1439b7
case-d16aaf7c33621dbb5444,mf-1bfbb3d559bf2973b4e0,deterministic_rule,no_reference,,high,The frozen all_case_reference_alerts inventory contains zero CodeQL reference rows for this case; semantic equivalence therefore cannot be evaluated.,no_reference,,author_confirmed,author_manual_review,author,26b782435149744c7868b1bd3d269c0b0375e12110eeba67cb000e9876161575
case-d16aaf7c33621dbb5444,mf-2a7ea8cc33f857fbfb7a,deterministic_rule,no_reference,,high,The frozen all_case_reference_alerts inventory contains zero CodeQL reference rows for this case; semantic equivalence therefore cannot be evaluated.,no_reference,,author_confirmed,author_manual_review,author,5d8e776bd5d696f7b969c1084b123776ec3080d477e79de2a6d84601b482fa5d
case-d16aaf7c33621dbb5444,mf-030db5fd84eff48d088b,deterministic_rule,no_reference,,high,The frozen all_case_reference_alerts inventory contains zero CodeQL reference rows for this case; semantic equivalence therefore cannot be evaluated.,no_reference,,author_confirmed,author_manual_review,author,edf4fa327db4f9435b35cfc9f9fe6bc49dc2a0f25c8cbd1e21ab90bb9f2b7c62
case-d837fc6cbd4f56478413,mf-0b982c433b1d034f2699,deterministic_rule,no_reference,,high,The frozen all_case_reference_alerts inventory contains zero CodeQL reference rows for this case; semantic equivalence therefore cannot be evaluated.,no_reference,,author_confirmed,author_manual_review,author,5e193f946860ffaef05d72944cabf0c876fd9d081820ea083c8230769cca0dbe
case-d837fc6cbd4f56478413,mf-3ca8be4230a3a939b01e,deterministic_rule,no_reference,,high,The frozen all_case_reference_alerts inventory contains zero CodeQL reference rows for this case; semantic equivalence therefore cannot be evaluated.,no_reference,,author_confirmed,author_manual_review,author,462d20dde74a8e2326ed4d250aafdde1af9d2448395c899b099ae89daa5bc66d
case-e4c28aef9d898cad9641,mf-95fb2000e4e665c10c8c,deterministic_rule,no_reference,,high,The frozen all_case_reference_alerts inventory contains zero CodeQL reference rows for this case; semantic equivalence therefore cannot be evaluated.,no_reference,,author_confirmed,author_manual_review,author,f7ba896ebb91d6184562bd6d8757870cba5f315fbcee887114afc747f230b176
case-e4c28aef9d898cad9641,mf-4958143d90c048fdaf0a,deterministic_rule,no_reference,,high,The frozen all_case_reference_alerts inventory contains zero CodeQL reference rows for this case; semantic equivalence therefore cannot be evaluated.,no_reference,,author_confirmed,author_manual_review,author,e11b1a6a3ba8315f9dd0632aacfcd9139c2ea3603f5d1e6e307b4e1d7efd4f6b
case-e4c28aef9d898cad9641,mf-bb6a6176907acb483163,deterministic_rule,no_reference,,high,The frozen all_case_reference_alerts inventory contains zero CodeQL reference rows for this case; semantic equivalence therefore cannot be evaluated.,no_reference,,author_confirmed,author_manual_review,author,e8c21b81a43f1b3fa84b97902006345c18eaafb7d4d4519106e5956cb25bd0bd
case-e4c28aef9d898cad9641,mf-cb533faa4798030b2c9d,deterministic_rule,no_reference,,high,The frozen all_case_reference_alerts inventory contains zero CodeQL reference rows for this case; semantic equivalence therefore cannot be evaluated.,no_reference,,author_confirmed,author_manual_review,author,1b1c1dfa8553d20bf92ec9b0870bd67ccb0cae7e3ad063353974c957a8eab30a
case-e4c28aef9d898cad9641,mf-05c20e048bf3dd0e69af,deterministic_rule,no_reference,,high,The frozen all_case_reference_alerts inventory contains zero CodeQL reference rows for this case; semantic equivalence therefore cannot be evaluated.,no_reference,,author_confirmed,author_manual_review,author,e4831d9b6d4a50579747805b30727867064018955af4c028d710353b348b9459
case-e4c28aef9d898cad9641,mf-a7846d3118cbe3c60bd2,deterministic_rule,no_reference,,high,The frozen all_case_reference_alerts inventory contains zero CodeQL reference rows for this case; semantic equivalence therefore cannot be evaluated.,no_reference,,author_confirmed,author_manual_review,author,aece6636485f2e8ec61b639a7279e8e18284daa6a7c1063ea2e1ffbdc39bb475
case-e4c28aef9d898cad9641,mf-7dedf5ebbbebe2a8e902,deterministic_rule,no_reference,,high,The frozen all_case_reference_alerts inventory contains zero CodeQL reference rows for this case; semantic equivalence therefore cannot be evaluated.,no_reference,,author_confirmed,author_manual_review,author,cb24eb029ab9ab7fb04b3129b549937a74cb177fed967746661bea422b490c6f
case-e4c28aef9d898cad9641,mf-1e12ee1f4f7b479422fa,deterministic_rule,no_reference,,high,The frozen all_case_reference_alerts inventory contains zero CodeQL reference rows for this case; semantic equivalence therefore cannot be evaluated.,no_reference,,author_confirmed,author_manual_review,author,76696b604f4abecabb66d1665935e211eb1f87b270d10d5ef5282483f8345639
case-e4c28aef9d898cad9641,mf-f7c2d63193f460aebff1,deterministic_rule,no_reference,,high,The frozen all_case_reference_alerts inventory contains zero CodeQL reference rows for this case; semantic equivalence therefore cannot be evaluated.,no_reference,,author_confirmed,author_manual_review,author,8a48181a43d95ce1c354c0d5c8d99d5e4e76678f66d1cc8f9c3ce591c885a114
case-e95b663ee8e1e5965537,mf-eedc9c979d8692939ee7,deterministic_rule,no_reference,,high,The frozen all_case_reference_alerts inventory contains zero CodeQL reference rows for this case; semantic equivalence therefore cannot be evaluated.,no_reference,,author_confirmed,author_manual_review,author,79157de36d585279eebc822b75ebf0eafabc22e49b1be7106eb96955ac9a384b
case-e95b663ee8e1e5965537,mf-428cb248483c048b4bfb,deterministic_rule,no_reference,,high,The frozen all_case_reference_alerts inventory contains zero CodeQL reference rows for this case; semantic equivalence therefore cannot be evaluated.,no_reference,,author_confirmed,author_manual_review,author,fdb32dd021fa3b928c1309f9f6a9047e8b4d751b70c53ba95860cc7da1c9c163
case-e95b663ee8e1e5965537,mf-479d3c66f4a85ee42434,deterministic_rule,no_reference,,high,The frozen all_case_reference_alerts inventory contains zero CodeQL reference rows for this case; semantic equivalence therefore cannot be evaluated.,no_reference,,author_confirmed,author_manual_review,author,806baf6065d946e16036dc222266fe7bda22a1280519de5d2c19efa6b8a9e552
case-e9af381d5691c745b01d,mf-cc4c0a049d76e337870a,deterministic_rule,no_reference,,high,The frozen all_case_reference_alerts inventory contains zero CodeQL reference rows for this case; semantic equivalence therefore cannot be evaluated.,no_reference,,author_confirmed,author_manual_review,author,edb1f89296d167d6805866784aab6ca043547b618e258ee60bcb77b44be87cc5
case-e9af381d5691c745b01d,mf-94d9804459d6ecc5c5d4,deterministic_rule,no_reference,,high,The frozen all_case_reference_alerts inventory contains zero CodeQL reference rows for this case; semantic equivalence therefore cannot be evaluated.,no_reference,,author_confirmed,author_manual_review,author,d09285617a43e60e46660de65c54d1b6c0eff723582f1d03ea51eb67363e5ab3
case-e9af381d5691c745b01d,mf-421f00776fdb3cbe6176,deterministic_rule,no_reference,,high,The frozen all_case_reference_alerts inventory contains zero CodeQL reference rows for this case; semantic equivalence therefore cannot be evaluated.,no_reference,,author_confirmed,author_manual_review,author,79a67f9b8d0032f6580518d0fa2e5db6be8fa81940ee24d94f6b964c2a89ea59
case-f465152400330d659f37,mf-c124511734fce6a6c79b,deterministic_rule,no_reference,,high,The frozen all_case_reference_alerts inventory contains zero CodeQL reference rows for this case; semantic equivalence therefore cannot be evaluated.,no_reference,,author_confirmed,author_manual_review,author,d5eea646d92e6e123c26d9f92788aeed3410019547888d48200bb7cb3c785c93
case-f465152400330d659f37,mf-c97014de681e66f6b6a7,deterministic_rule,no_reference,,high,The frozen all_case_reference_alerts inventory contains zero CodeQL reference rows for this case; semantic equivalence therefore cannot be evaluated.,no_reference,,author_confirmed,author_manual_review,author,e6c7bed00d0957cbe08debe814a39ec21fa63aa88f0063ba28b11f7fbe01ba68
case-f912cdc0fdea1d02105f,mf-3ac45ae756dbc64cea15,deterministic_rule,no_reference,,high,The frozen all_case_reference_alerts inventory contains zero CodeQL reference rows for this case; semantic equivalence therefore cannot be evaluated.,no_reference,,author_confirmed,author_manual_review,author,51dcf516764c5ca3d3e2369eecf83d4842fdc76b3fd5be6746359ca71a057158
case-f912cdc0fdea1d02105f,mf-94dcebfbffb13be00f56,deterministic_rule,no_reference,,high,The frozen all_case_reference_alerts inventory contains zero CodeQL reference rows for this case; semantic equivalence therefore cannot be evaluated.,no_reference,,author_confirmed,author_manual_review,author,c2b365683127a01e7f362e52442dbd717f15964c145146d74038377dee43dbec
case-f912cdc0fdea1d02105f,mf-17aaa52f25890fb4deb5,deterministic_rule,no_reference,,high,The frozen all_case_reference_alerts inventory contains zero CodeQL reference rows for this case; semantic equivalence therefore cannot be evaluated.,no_reference,,author_confirmed,author_manual_review,author,c4a15cf47e7f7037cae23b36172dc985ace3307f7fffcf093ef1d3402b556f64
case-f912cdc0fdea1d02105f,mf-3d06a8e42e775e14e6c4,deterministic_rule,no_reference,,high,The frozen all_case_reference_alerts inventory contains zero CodeQL reference rows for this case; semantic equivalence therefore cannot be evaluated.,no_reference,,author_confirmed,author_manual_review,author,3086c123429c0c71da9e63f38f0223803ebd49b3594105785caea290c330c21d
case-03011033f32e831010a4,mf-04c9241558683503a9d6,LLM_assistant,related_distinct,,medium,"The reviewer identifies an incorrect description in EVENT_NOP, while CodeQL reports that the enclosing switch has oversized cases (sf-0de45708829c1c059caf). They concern the same switch but require different fixes.",related_distinct,,author_confirmed,author_manual_review,author,57e49f7a7d54ffa5437fa33f9250cc74737bd2a61fa520e608ba62e130dc62bd
case-03011033f32e831010a4,mf-6dd88b5a9d9a2abcd18c,LLM_assistant,related_distinct,,medium,"The reviewer identifies an incorrect description in EVENT_NOP1, while CodeQL reports that the enclosing switch has oversized cases (sf-0de45708829c1c059caf). They concern the same switch but require different fixes.",related_distinct,,author_confirmed,author_manual_review,author,e326a72a84050dc02fef36d1702e7899e423ec02d0b9bac92f057e41a4c97ca7
case-03011033f32e831010a4,mf-0ecf3c12b813740dbe6c,LLM_assistant,related_distinct,,medium,"The reviewer identifies an incorrect tie-event description, while CodeQL reports that the enclosing switch has oversized cases (sf-0de45708829c1c059caf). They concern the same switch but require different fixes.",related_distinct,,author_confirmed,author_manual_review,author,d4d1b50c4a184e4c243d39551cfca3dbd784a2559926f1fce08d42a7370fa192
case-03011033f32e831010a4,mf-7eb43ab2e0443a9af989,LLM_assistant,related_distinct,,medium,"The reviewer identifies an incorrect LOOP_END description, while CodeQL reports that the enclosing switch has oversized cases (sf-0de45708829c1c059caf). They concern the same switch but require different fixes.",related_distinct,,author_confirmed,author_manual_review,author,c037c1735dfce27c08c6735769fe386ab2b097076cc2c45253a886a0338fd39c
case-03011033f32e831010a4,mf-0b1b505010beaba15695,LLM_assistant,related_distinct,,medium,"The reviewer identifies an incorrect ECHO_ON description, while CodeQL reports that the enclosing switch has oversized cases (sf-0de45708829c1c059caf). They concern the same switch but require different fixes.",related_distinct,,author_confirmed,author_manual_review,author,5145905546412a0cdc4f0ab1ca8a53603bc7ae26174f7961e18a7a07c9ed1d54
case-03011033f32e831010a4,mf-daf38dce9b0cbf80a690,LLM_assistant,related_distinct,,medium,"The reviewer identifies an incorrect pitch-envelope description, while CodeQL reports that the enclosing switch has oversized cases (sf-0de45708829c1c059caf). They concern the same switch but require different fixes.",related_distinct,,author_confirmed,author_manual_review,author,490c73bbb9cbb69f1fbbbd9ead56088afa6f18c17f081b2ada28a6ea69fcb79b
case-03011033f32e831010a4,mf-d02b4fdd7dfc91250e55,LLM_assistant,related_distinct,,medium,"The reviewer identifies an incorrect LOOP_POINT description, while CodeQL reports that the enclosing switch has oversized cases (sf-0de45708829c1c059caf). They concern the same switch but require different fixes.",related_distinct,,author_confirmed,author_manual_review,author,3db2354c37ef8c48193f4acc3c8b0c3b0dc9e25288dfedfde0ddba6c9f8c59c3
case-03011033f32e831010a4,mf-352db219fba16b665398,LLM_assistant,related_distinct,,medium,"The reviewer identifies an incorrect LOOP_POINT_ONCE description, while CodeQL reports that the enclosing switch has oversized cases (sf-0de45708829c1c059caf). They concern the same switch but require different fixes.",related_distinct,,author_confirmed,author_manual_review,author,ebe5b3c29af2b5679faa6a09002a6f7f6d6f24c73a50eac57003c37b3d076970
case-067e25b2ef2c5883ce5c,mf-ba5b08a38e109f824e5e,LLM_assistant,related_distinct,,high,The missing available_functions argument is the root cause of the empty tool response. CodeQL instead flags the later JSON parsing handler that silently passes (sf-1419af9686058ece4bdb). The handler masks a symptom but is not the same defect.,related_distinct,,author_confirmed,author_manual_review,author,434f6e2c8206500138887a7209d644830722d9268c616fc1c8e883de4371d7a8
case-067e25b2ef2c5883ce5c,mf-908d9535241802fe0ae0,LLM_assistant,no_match,,high,"The reviewer reports repeated mutation of task.description across retries; the preserved CodeQL alerts concern cyclic imports and an empty exception handler, not state accumulation.",no_match,,author_confirmed,author_manual_review,author,4ddd24df430894341c64841918a7021fabc14990d4154ead3cec100f1f001ca7
case-067e25b2ef2c5883ce5c,mf-6ee093281186a3645edd,LLM_assistant,no_match,,high,The reviewer reports omission of agent.tools from reasoning input; the preserved CodeQL alerts concern cyclic imports and an empty exception handler.,no_match,,author_confirmed,author_manual_review,author,b7bbba34c663ecdeaef62938be7d2126a1a0d4b604452370ebffead9d4e58f7a
case-067e25b2ef2c5883ce5c,mf-cffede46ddfe7fdba50b,LLM_assistant,no_match,,high,The reviewer reports that kickoff bypasses reasoning; the preserved CodeQL alerts concern cyclic imports and an empty exception handler.,no_match,,author_confirmed,author_manual_review,author,db0d6835f3add49f19e784fed726ec0a75b2618012239e56c789f4b7da0aed91
case-067e25b2ef2c5883ce5c,mf-e5d1403547dc4581fac8,LLM_assistant,no_match,,high,"The reviewer reports an unused Pydantic model; CodeQL reports cyclic imports and an empty exception handler, not the unused class.",no_match,,author_confirmed,author_manual_review,author,455b5eb0bf3af7c31fe3d30075f70e43987e96c7b423218a9a3b9234a21afe97
case-07ba9e3f89cf9b52baf7,mf-3ea19a4773bde7973d00,LLM_assistant,no_match,,high,The retry-header parser issue is in a different file and has no semantic connection to CodeQL's use of a returnless fence function.,no_match,,author_confirmed,author_manual_review,author,3eabc376c0a14a87a87eeba914e3d4cdf1c63c7f98cdd93950ca2913d8dcb83a
case-07ba9e3f89cf9b52baf7,mf-f58074bc3c0827d4f0ff,LLM_assistant,related_distinct,,high,The reviewer reports a Vitest-versus-node:test runner mismatch. CodeQL flags use of the return value of fence on the adjacent template line (sf-0d5f5425e64cfe6f96ad). They share the changed template but have different failure conditions and fixes.,related_distinct,,author_confirmed,author_manual_review,author,a9ef5edfbeb5bff710a9f2f3e642a07b0f48892601963236c8e9ea467c44f072
case-080160e7e517f3fd623e,mf-84c0de497ad269482bb1,LLM_assistant,no_match,,high,The stale component prop contract is distinct from CodeQL's unrelated constant conditional and unused local variable alerts.,no_match,,author_confirmed,author_manual_review,author,8be4d68b14f5cfeee0cc1c0b9067c06f6e4592ad41ea35a6342bff27736f4f50
case-080160e7e517f3fd623e,mf-483ef8ee6bc411a6629c,LLM_assistant,no_match,,high,The production debug log is not represented by the preserved constant-conditional or unused-variable CodeQL alerts.,no_match,,author_confirmed,author_manual_review,author,309efd1dc2ac49dbf25b13a4dd19257f561410583b231a5721c78ae005cfbcef
case-080160e7e517f3fd623e,mf-9c99d13f90a1150453c9,LLM_assistant,no_match,,high,The production debug log is not represented by the preserved constant-conditional or unused-variable CodeQL alerts.,no_match,,author_confirmed,author_manual_review,author,851314d19dc8a8de31824e8ffddcc4c6b7f6509add422498e5043a5a9ae6cc3e
case-080160e7e517f3fd623e,mf-11f9ed80b5c5956fae2c,LLM_assistant,no_match,,high,The invalid hook usage in generated examples is not represented by the preserved CodeQL alerts.,no_match,,author_confirmed,author_manual_review,author,172bb55626627971629e74938e672e40f6496f51b6656fa56c11f72f670b430c
case-080160e7e517f3fd623e,mf-7b6b5483aad06ebbe223,LLM_assistant,no_match,,high,The unused FeatureTypeBadgeProps declaration is different from CodeQL's unused res variable in ProductList.,no_match,,author_confirmed,author_manual_review,author,7254937b2c56b2af00030b10a8261928e95b451ee95949c241d300d3da397620
case-080160e7e517f3fd623e,mf-e5d2422ef90373ea9135,LLM_assistant,no_match,,high,The commented-out JSX is not represented by the preserved CodeQL alerts.,no_match,,author_confirmed,author_manual_review,author,0596ab38bc9fcb6cba77e6323874d0bc0c4292d45c22a902b42f52b70c452bee
case-080160e7e517f3fd623e,mf-a8f662270f1884b86189,LLM_assistant,no_match,,high,The unused Check import is different from CodeQL's unused res variable in another component.,no_match,,author_confirmed,author_manual_review,author,d98a258b59eded9d8c2752156da02bb9a462a279b38446795dc271eb2358ff0d
case-0b7eb64a0d18ecc8baa1,mf-421be680d930153ad3c0,LLM_assistant,related_distinct,,high,"The diff removes the post-parse `|| {}` fallback, so JSON `null` can reach Object.keys. CodeQL instead reports that `variablesIn || '{}'` is redundant inside `if (variablesIn)`; both concern line 15 but are materially different defects (sf-3c320480ae4a49352459).",related_distinct,,author_confirmed,author_manual_review,author,e765c66e35b7c579233025d2a1d0b07326009fbcaa3d7243fceb1ee8d73853d4
case-0b7eb64a0d18ecc8baa1,mf-47f3c589752eb3005ab5,LLM_assistant,no_match,,high,The missing null fallback after JSON.parse is distinct from the preserved XSS and constant-conditional alerts.,no_match,,author_confirmed,author_manual_review,author,93ac8d17119969464c82c48d36efa615c9263ce4d610ecd099bd390b321a9deb
case-0b7eb64a0d18ecc8baa1,mf-f8641900052e0c1aff6f,LLM_assistant,related_distinct,,high,"The restrictive color-validation regex and CodeQL's HTML-from-input alert (sf-e964276e10ad1aec64f3) occur in the same added property-panel object, but concern different inputs, failure modes, and fixes.",related_distinct,,author_confirmed,author_manual_review,author,003830b14e621d0d25a725199812e80fb85a62efd8f0c099c4d194954ace576c
case-0dae88f83e73408565ec,mf-4f22102aa27ec5201fa9,LLM_assistant,no_match,,high,Duplicate constructor keyword arguments are not represented by the preserved empty-except alerts.,no_match,,author_confirmed,author_manual_review,author,43ab093cb403e554a8277a2e91bc89ce4be2a56bfb99d05b8c4c2eead6153594
case-0dae88f83e73408565ec,mf-21d4ab1c830d2fa26871,LLM_assistant,related_distinct,,high,"The reviewer reports missing exception handling for get_response; CodeQL flags a nearby existing empty handler at line 366 (sf-e3003d1d39e7033ae473). Both concern exception handling in the same routine, but one requires adding handling and the other requires making a different handler substantive.",related_distinct,,author_confirmed,author_manual_review,author,7e06ad51d55e8823479b5b75f2829906325d59124a8c284d0be40930ac13a48f
case-0dae88f83e73408565ec,mf-c5570dda1d5e03ec19cb,LLM_assistant,no_match,,high,The missing exception handling in the separate user-tool routine is not the same as any preserved empty-except alert.,no_match,,author_confirmed,author_manual_review,author,e2ecd9a6d154fc417300fd18684a39fdf830387d9e8096e83577d006e609ef1b
case-0dae88f83e73408565ec,mf-d6722b19f81a982f2986,LLM_assistant,no_match,,high,The termination-reason string mismatch is not represented by the empty-except CodeQL alerts.,no_match,,author_confirmed,author_manual_review,author,603b1bac7dfb2ae471a1a739eee405cbab98032c31f4bc9a5b85ae29478358ca
case-0dae88f83e73408565ec,mf-43743f3e5252cd1b0613,LLM_assistant,no_match,,high,The incomplete completion-state predicate is not represented by the empty-except CodeQL alerts.,no_match,,author_confirmed,author_manual_review,author,00aea3c26e603f3129c2ddc2c620ba4a613b327ae5b1701ef1738cadd80935d4
case-0dae88f83e73408565ec,mf-c3c8abcdd1f4b92e913c,LLM_assistant,related_distinct,,medium,"The missing success field and CodeQL's empty handler at line 398 (sf-b31a79845c369ac2913e) occur in the same execution-record block, but describe separate omissions with different remedies.",related_distinct,,author_confirmed,author_manual_review,author,264901891cd179db440b1b26732a36cb14937c7c8b0b6e1d9dd18830af3f618b
case-0dae88f83e73408565ec,mf-ff972ce8a98ad0a24e0f,LLM_assistant,no_match,,high,The inconsistent user_llm default is not represented by the empty-except CodeQL alerts.,no_match,,author_confirmed,author_manual_review,author,76b3f018e220209b04cf09421106a6c4a7268de7821660e291ba617658f4fc3a
case-0dae88f83e73408565ec,mf-b2dbbc289b95e8442ca9,LLM_assistant,no_match,,high,Removal of defensive copying is not represented by the empty-except CodeQL alerts.,no_match,,author_confirmed,author_manual_review,author,ed8e92e6422fd4e3213c35e1648d87ca8234b86a7eb4c3fde695f91e3216af81
case-0dae88f83e73408565ec,mf-9d778a1a83577ec85287,LLM_assistant,related_distinct,,high,"The reviewer identifies database calls guarded by empty if bodies; CodeQL reports nearby empty exception handlers at lines 366, 380, and 398. These are similar cleanup smells in the same blocks but not the same syntactic defects.",related_distinct,,author_confirmed,author_manual_review,author,8075e1338626cce1dbbd69bfb9d56fea55a9055847408f7f72c9bbb3fb944ad6
case-0dae88f83e73408565ec,mf-e9bac22440465113a35a,LLM_assistant,related_distinct,,high,The hot-path import and CodeQL's empty exception handler at line 188 (sf-fbcc3b3246ac3dd063ff) share a small block but are independent maintainability issues.,related_distinct,,author_confirmed,author_manual_review,author,cb20c4f47efab75a4f804c82d8008c196470fe8f53ff794276477660b06b09aa
case-0eb420b020d66fb3faa1,mf-85d2981fc84a1e524ab9,LLM_assistant,same_issue,sf-2c733e4a3cb6f3cfffdb,high,Both findings identify the same too-many-arguments call to bytes_to_int and the resulting TypeError.,same_issue,sf-2c733e4a3cb6f3cfffdb,author_confirmed,author_manual_review,author,0428dd7f37ad3b4f41363571cdf07b88f9f9aac8eac942665187c1c78c0caba5
case-0eb420b020d66fb3faa1,mf-9b342b283b237bd86087,LLM_assistant,no_match,,high,The conditional guid initialization is distinct from CodeQL's too-many-arguments call to bytes_to_int.,no_match,,author_confirmed,author_manual_review,author,4a086f28be3b53396b5ad6c09c17561da3aa3e755d0a1549cc046b43f78674d4
case-0eb420b020d66fb3faa1,mf-45bddb953c4c4f8ecf9e,LLM_assistant,no_match,,high,Whitespace splitting inconsistency is distinct from CodeQL's too-many-arguments call to bytes_to_int.,no_match,,author_confirmed,author_manual_review,author,514146ff5162b65b10a9343f83892e4149211282d3593eee82381edbcc160c17
case-14a8d97497657e19a2a9,mf-1584bc29182327047e25,LLM_assistant,related_distinct,,high,"The missing interface method and CodeQL's unused Callable import (sf-3718e1b6ba25d3c965a4) occur in BaseLLM, but are independent API and cleanup issues.",related_distinct,,author_confirmed,author_manual_review,author,5783797418d152501bc003708ab201109d5e6351e7641a7b168fad62eb6803ae
case-14a8d97497657e19a2a9,mf-759134fc4a45bd54da11,LLM_assistant,no_match,,high,"AISuiteLLM message normalization is not represented by the missing-super-init, cyclic-import, or unused-import alerts.",no_match,,author_confirmed,author_manual_review,author,8912025ff799717500875cbc60376058ead90410b6612c5dd69629d6205d1488
case-14a8d97497657e19a2a9,mf-002c45b89e03ae42a5e5,LLM_assistant,no_match,,high,Missing error handling in AISuiteLLM is not represented by the preserved CodeQL alerts.,no_match,,author_confirmed,author_manual_review,author,5005e9dfc6c2c771ec16e4a635590c2d80a31dcb38593beaae15bd01b1e90127
case-14a8d97497657e19a2a9,mf-e003c0e0b7ea76d693db,LLM_assistant,no_match,,high,Passing unsupported kwargs to BaseLLM is distinct from CodeQL's missing BaseLLM.__init__ call in another class.,no_match,,author_confirmed,author_manual_review,author,6afb0819af8510f6be20dc5c65f63d73386be184293c744f5346a7fb4cdb25a4
case-14a8d97497657e19a2a9,mf-bef4d058fb04982516ae,LLM_assistant,same_issue,sf-5a09e1a2d28efe386a3d,high,Both identify that LLM.__init__ omits the BaseLLM initializer.,same_issue,sf-5a09e1a2d28efe386a3d,author_confirmed,author_manual_review,author,4d0a9b59a210893e19cc9b24929a9ae5876103cc3213540a66b4cfa1fc1e6bb7
case-14a8d97497657e19a2a9,mf-458ef4d7b219eb87de09,LLM_assistant,related_distinct,,high,The stale field type and CodeQL's unused imports in crew.py share the changed module but are independent issues.,related_distinct,,author_confirmed,author_manual_review,author,5e9b423f243c0aa50d38d39c21b20eae47c66282e88903223871318d19272db3
case-14a8d97497657e19a2a9,mf-20743a909b0aead2fdda,LLM_assistant,same_issue,sf-5bb7ae43a0f3de4f0bf1,high,Both identify the unused TypeVar import.,same_issue,sf-5bb7ae43a0f3de4f0bf1,author_confirmed,author_manual_review,author,ba8bd1044825c353a7e28ecdfc3dee0344d4128e5934e21557f487ab447a48cb
case-14a8d97497657e19a2a9,mf-848ccbd52eba84289d44,LLM_assistant,same_issue,sf-4115a5324be6b1af3373,high,Both identify the unused LangchainBaseTool import.,same_issue,sf-4115a5324be6b1af3373,author_confirmed,author_manual_review,author,b071989b98bee08009456589feadc5feb0a94e2cdab132e7d35d1d1b64488d4c
case-14a8d97497657e19a2a9,mf-0a7299df8d10cd259ec9,LLM_assistant,same_issue,sf-3718e1b6ba25d3c965a4,high,Both identify the unused Callable import.,same_issue,sf-3718e1b6ba25d3c965a4,author_confirmed,author_manual_review,author,7197f7d97effb0cb3e24e50eda6c570162304e5950ba1fcd81c49b0de5c8bd4b
case-15fca550df7f9ba029d9,mf-7adaea530994e3f42ca5,LLM_assistant,no_match,,high,"The out-of-scope instance identifier compile error is not represented by CodeQL's Javadoc, integer-overflow, override-annotation, or parameter-tag alerts.",no_match,,author_confirmed,author_manual_review,author,c2fc1b4347db6246d7130b5e972299e06221b429112d49a69cb4b7f145389f38
case-162c30563cd0fe89d803,mf-e8db48f2af5ead4d6a88,LLM_assistant,no_match,,high,Failure to reverse an overridden tool name is unrelated to CodeQL's import-style and complex-destructor alerts.,no_match,,author_confirmed,author_manual_review,author,1e2a9b119838cca123932b534e3b6bd4fccb3d132d27fb059c1dc6b5cb9af449
case-162c30563cd0fe89d803,mf-fbe7f4d6aa8f1263b106,LLM_assistant,related_distinct,,medium,"The missing renamed-tool collision validation and CodeQL's overly complex destructor (sf-083c0b3979c2515b475e) occur in McpWorkbench, but concern different lifecycle phases and fixes.",related_distinct,,author_confirmed,author_manual_review,author,019c0477205a3a9e4b74ae13ccbec5c1c74a4f0097295ca54ee4c60653578586
case-1aaea7ba84a2f17638de,mf-32faa127c21ee46b8576,LLM_assistant,no_match,,high,The hardcoded encryption fallback is unrelated to CodeQL's always-true userId condition.,no_match,,author_confirmed,author_manual_review,author,7e00907ab92c72968625ed5f16f80555521495b5bc34a2c9b7b13096943e12cd
case-1aaea7ba84a2f17638de,mf-c64c255f6d32b442cf9e,LLM_assistant,no_match,,high,The missing API-key deletion path is unrelated to CodeQL's always-true userId condition.,no_match,,author_confirmed,author_manual_review,author,8b58b6006f56d7bdc818c0a3ad5b900779efe00fd814e92e324aa69d6a6db6d7
case-1aaea7ba84a2f17638de,mf-225b92a408748a3354be,LLM_assistant,no_match,,high,Failure to check the save response is unrelated to CodeQL's always-true userId condition.,no_match,,author_confirmed,author_manual_review,author,1cbc4ba55e7cf6944ebae5a4da5a30aa74ad4153f808ab6e69263cafe2f51c50
case-1aaea7ba84a2f17638de,mf-f42c575a62d38aeb8144,LLM_assistant,related_distinct,,high,The dynamic import and CodeQL's always-true userId condition (sf-c324591f264f7ae7bf0e) are adjacent in the same request branch but are independent performance and logic issues.,related_distinct,,author_confirmed,author_manual_review,author,674c6ddcf1ca2abd914ee7ddbc80170e82194446370afa001b0d980816c11e0f
case-1aaea7ba84a2f17638de,mf-6d23b560bffd109c41bb,LLM_assistant,no_match,,high,The unused exported helper is unrelated to CodeQL's always-true userId condition.,no_match,,author_confirmed,author_manual_review,author,838a442f5b62f9a593f13f5c40f88b005d68db5bd0d2933f725dc94e7cdae62a
case-232a78570fb9941423b0,mf-e200c346c7b807021d2b,LLM_assistant,same_issue,sf-99d33280d90d77022b8f,high,"The automatic same-line candidate was the unrelated unused getAgentTypeSchema import, but the same case also contains a call-to-non-callable alert for getAvailableAgentTypes. That alert and the reviewer finding arise from the same missing function export.",same_issue,sf-99d33280d90d77022b8f,author_confirmed,author_manual_review,author,ee4b35803a25de9a8509dc35fe38e061c66cdd29f03e2054a180a7a5fdf1b7fb
case-232a78570fb9941423b0,mf-6e3da8ea4296d9fbde09,LLM_assistant,no_match,,high,Iterating a Promise due to a missing await is distinct from CodeQL's invocation of an undefined function inside createClaudeFlowTools.,no_match,,author_confirmed,author_manual_review,author,efd0a4b8188c568b6806957c4a98324b3f7eb8dd326bcda1f028a7dfb73c73b9
case-232a78570fb9941423b0,mf-53f571875b8fdf013688,LLM_assistant,no_match,,high,Iterating a Promise due to a missing await is distinct from CodeQL's invocation of an undefined function inside createClaudeFlowTools.,no_match,,author_confirmed,author_manual_review,author,0efc0853547278e42b1b5b0608b5cf445e037097c5120768cb11bc725ba70199
case-232a78570fb9941423b0,mf-af1095b097280de30b98,LLM_assistant,no_match,,high,"The removed VALID_AGENT_TYPES export is distinct from the preserved invocation, temporary-file, injection, and unused-variable alerts.",no_match,,author_confirmed,author_manual_review,author,0b9d41a319a8c17ab8e2027047cfbe7be8edc000ce40e308ca81458409a86873
case-232a78570fb9941423b0,mf-54a9048da5d6ede7e4f0,LLM_assistant,same_issue,sf-06dad8760318bfbe188c,high,The reviewer traces untrusted command-line arguments into a shell command passed to execSync; CodeQL reports that exact indirect command-line-injection flow three lines later.,same_issue,sf-06dad8760318bfbe188c,author_confirmed,author_manual_review,author,8404ddeae8172ce9cb9ef43a1354a4c4cef2346fdf2e307d7bc718dfe7e8e9f6
case-232a78570fb9941423b0,mf-a1829cb8275af9d94aed,LLM_assistant,related_distinct,,high,Passing the internal timeout option and CodeQL's insecure temp-file creation (sf-710d2bf83749539401ca) occur in the same safeGhCommand implementation but are separate CLI-option and filesystem-security defects.,related_distinct,,author_confirmed,author_manual_review,author,fccae86a85547177cedeb250fbd951127307957b13d155fbbd973c20e22b294b
case-232a78570fb9941423b0,mf-b3189321367563375784,LLM_assistant,related_distinct,,high,The reviewer identifies incorrect handling of a missing body value. CodeQL reports insecure temporary-file creation at the same statement (sf-9bba98a964ff2b00f3a9); the failure conditions and remedies differ.,related_distinct,,author_confirmed,author_manual_review,author,97603e55c85dc12ff8df3a57610185789a1cf892b41a3b27b4d0f0c2833de14d
case-232a78570fb9941423b0,mf-7aab980e1a48df578bed,LLM_assistant,no_match,,high,The silently swallowed slash-command error is not represented by the preserved CodeQL alerts.,no_match,,author_confirmed,author_manual_review,author,6a27ec75f5a392af946c5af4c5e1b9c5c3adf8e35f60f642d55b97c6eb8134a0
case-232a78570fb9941423b0,mf-24c237b1d74e3967c0ca,LLM_assistant,no_match,,high,The silently swallowed init-flow error is not represented by the preserved CodeQL alerts.,no_match,,author_confirmed,author_manual_review,author,2e6244709197c5426a902a615c374cb7f9a1fede61d8d2997adfcbcc5f886139
case-244800b3cbf68e43bdd2,mf-f3441526862df288a2ec,LLM_assistant,related_distinct,,medium,"The cost-filter value mismatch and CodeQL's cyclic imports occur in block_cost_config.py, but have different runtime causes and fixes.",related_distinct,,author_confirmed,author_manual_review,author,af7e106750a8984822795073de5e1e9cef07098d592356ab133c73001260bf00
case-244800b3cbf68e43bdd2,mf-bbecd28bb0ab339ce42e,LLM_assistant,no_match,,high,The documentation output-name mismatch is unrelated to the cyclic-import alerts.,no_match,,author_confirmed,author_manual_review,author,245946d4721ff515236bbe90654f76855d3804f6fea15bc0f7ed03e48052b28c
case-244800b3cbf68e43bdd2,mf-65d679f6791681c8e6d3,LLM_assistant,no_match,,high,Passing a null optional API parameter is unrelated to the cyclic-import alerts.,no_match,,author_confirmed,author_manual_review,author,d77eefea4c8b0bf72f78c25596411118770c0676395c300b9c2c8cc57f9cc9a8
case-244800b3cbf68e43bdd2,mf-d203a5cd8555d2dfca68,LLM_assistant,no_match,,high,The incorrect test credential title is unrelated to the cyclic-import alerts.,no_match,,author_confirmed,author_manual_review,author,e5b1794cc373d20fa986e85242f3a333650af21d7beae3c826f04bc8b0e5a88a
case-244866c4d24233d35c00,mf-e2ca3438984357511f85,LLM_assistant,no_match,,high,The lost synchronization in cached-client initialization is unrelated to CodeQL's unclosed files in operation and client code.,no_match,,author_confirmed,author_manual_review,author,da5309a26f22b016042c723dc349690ad926e352584c98589b74b2fd4694ed2d
case-244866c4d24233d35c00,mf-be6cb07e7523d0eabc5e,LLM_assistant,no_match,,high,The incorrect contributor instruction is unrelated to CodeQL's unclosed-file alerts.,no_match,,author_confirmed,author_manual_review,author,bdee5e4f8b203b0228d0c7d853e77cb04e5d6f57fcbfc8c8786138037bbbb9d1
case-244866c4d24233d35c00,mf-2a0c5319572942ff71a8,LLM_assistant,no_match,,high,The test's missing environment skip is unrelated to CodeQL's unclosed-file alerts.,no_match,,author_confirmed,author_manual_review,author,fe92b74f15a726082c81bfe68df4145faad69e04f7545d88cb065304a82469b2
case-244866c4d24233d35c00,mf-0b76ab78ce7b416fec04,LLM_assistant,no_match,,high,The misleading redundant client guard is unrelated to CodeQL's unclosed-file alerts.,no_match,,author_confirmed,author_manual_review,author,aaea6b3f92a6291c341a85b27c9a701134e5d26f06ae905a2df74744818c3990
case-244866c4d24233d35c00,mf-dd579c832f0c9e80f3d2,LLM_assistant,no_match,,high,The redundant caplog configuration is unrelated to CodeQL's unclosed-file alerts.,no_match,,author_confirmed,author_manual_review,author,360ff8a0cd3b675c252d2b111f4c075395f8de3afc0a6cee91e2743fe98d8cad
case-2480a35206f87bbbe5d3,mf-d53390406f684581eee3,LLM_assistant,related_distinct,,medium,The cost-filter mismatch and CodeQL's cyclic import (sf-d1fb24e84649b392744e) occur in block_cost_config.py but have distinct triggers and fixes.,related_distinct,,author_confirmed,author_manual_review,author,5a37286363af0cb8a5a88f57f5e1e3307c68cbb65d02bd601fb3b9ce35432a7f
case-251cb80f6be4da1148b5,mf-9bf7b1b61ecbe8ec3526,LLM_assistant,no_match,,high,The empty polyfill import is unrelated to CodeQL's constant conditions in other modules.,no_match,,author_confirmed,author_manual_review,author,addb169c3508dda1d4b92d0460a3609089810b16f44946f56298dc2e91dfea6f
case-251cb80f6be4da1148b5,mf-092fe9abe0094300bda7,LLM_assistant,no_match,,high,The empty polyfill import is unrelated to CodeQL's constant conditions in other modules.,no_match,,author_confirmed,author_manual_review,author,3f7c1fdc9d402cefa00aa817c6cd4a32ca9f5c06bf6fadfe1f2bbf3be4b6ea4f
case-251cb80f6be4da1148b5,mf-0dc550631651f5112e62,LLM_assistant,no_match,,high,The empty polyfill import is unrelated to CodeQL's constant conditions in other modules.,no_match,,author_confirmed,author_manual_review,author,3c771a2821fc9d3d2a19892e1b63ef4dfd244fab30a35ad9b8e59b6fb232407d
case-251cb80f6be4da1148b5,mf-28f49fef550f1ff744fe,LLM_assistant,no_match,,high,The empty polyfill import is unrelated to CodeQL's constant conditions in other modules.,no_match,,author_confirmed,author_manual_review,author,712f766bb6d0f4b4652d47b0c0fb42b9a1248452787a445b6f403bcfd1ab541d
case-251cb80f6be4da1148b5,mf-38822110cf36dea53a81,LLM_assistant,no_match,,high,The empty polyfill import is unrelated to CodeQL's constant conditions in other modules.,no_match,,author_confirmed,author_manual_review,author,ec5187935078f0ad1cfa872d9668310aa3bc37f6f51b5f0e98fc437e1e0da589
case-297b8514fd048d20c40e,mf-12c59df1e2dc57908e0f,LLM_assistant,no_match,,high,The nil ZipTaxRate lookup is distinct from CodeQL's potentially uninitialized temp_file.,no_match,,author_confirmed,author_manual_review,author,c4c85d90e0237978aa6e229ade0bf9fc85d39109767a7152bf3ba1def2a480f4
case-297b8514fd048d20c40e,mf-b95ad39514ee73bd620f,LLM_assistant,same_issue,sf-d1115807d6e72d59553a,high,Both identify that Tempfile.new can fail before temp_file is assigned and that the ensure block then uses the uninitialized local variable.,same_issue,sf-d1115807d6e72d59553a,author_confirmed,author_manual_review,author,d74e47f6537054817d0621588aa1af534013073b4cfc632d8529d566add8fa88
case-297b8514fd048d20c40e,mf-d190254c30e37a054b0b,LLM_assistant,no_match,,high,Using pre-refund monetary fields is distinct from CodeQL's potentially uninitialized temp_file.,no_match,,author_confirmed,author_manual_review,author,5a02ebccae5d83c4710f81faff9e971bcbded63a39370abcbf67616ee69a9635
case-297b8514fd048d20c40e,mf-92d243906c6c2406b0c9,LLM_assistant,no_match,,high,Live S3 use in tests is distinct from CodeQL's potentially uninitialized temp_file in production code.,no_match,,author_confirmed,author_manual_review,author,26f4d92b55c8e8eb0869fe44f1b35082e2618afbca6d174ac8d92837ba8f82b3
case-297b8514fd048d20c40e,mf-0605adbe3868c443f818,LLM_assistant,no_match,,high,The overly broad purchase-state filter is distinct from CodeQL's potentially uninitialized temp_file.,no_match,,author_confirmed,author_manual_review,author,a1634cf6293db1deded23d062b9a58f1b996c4eee47e4f2a1d7941483997314a
case-2d29c8266ee4ae3326fa,mf-ee7558d569faf7b8730c,LLM_assistant,related_distinct,,high,The empty-string validation and CodeQL's override-signature mismatch (sf-bbf3052aba77e3404899) concern the same SMTP provider method but different API contract defects.,related_distinct,,author_confirmed,author_manual_review,author,4749e07bb0148a6c6ab237237f4b53886d970619dffa956604c0088f277add46
case-2d29c8266ee4ae3326fa,mf-790979632e281052fd98,LLM_assistant,no_match,,high,Unescaped SMTP settings in an HTML test body are not represented by the override-signature alert.,no_match,,author_confirmed,author_manual_review,author,01cd0b90ea0f09215dc6028931377d2f957c3228cdb7d9cd9861a3496332bf2b
case-2d29c8266ee4ae3326fa,mf-069ae915857800fb7d56,LLM_assistant,related_distinct,,high,The inconsistent return shape and CodeQL's override-signature mismatch concern the same SMTP provider method but different implementation and inheritance contracts.,related_distinct,,author_confirmed,author_manual_review,author,bdbff8817a3216e879ee26d6b832d961f19aec67e19809476fc4cc278d019c7c
case-2d93edefa9bf78e1efb4,mf-baa7ab4723e2bf317723,LLM_assistant,no_match,,high,The duplicate-submit race is unrelated to CodeQL's nullable dereference in CommentsFragment.,no_match,,author_confirmed,author_manual_review,author,970587138cd90c3c06cec528dcce586b0e0fc5ca33242ce47100c85458fff9ef
case-2d93edefa9bf78e1efb4,mf-f171342f0e8e0c95fc20,LLM_assistant,no_match,,high,The nullable HTTP response body is a different value and component from CodeQL's nullable dereference in CommentsFragment.,no_match,,author_confirmed,author_manual_review,author,b0e6cd9b714a4d22c9d179b404c6ad7be49efc5576a3e73bcd80f76e92fde04a
case-2d93edefa9bf78e1efb4,mf-65c060400023c6b17038,LLM_assistant,no_match,,high,The unclosed HTTP response is unrelated to CodeQL's nullable dereference.,no_match,,author_confirmed,author_manual_review,author,22c703c5a86808d11b609e0fd5199f639224c4b01f2d72ead0c25e2334841e0c
case-2d93edefa9bf78e1efb4,mf-fdc96b066a9023e408ef,LLM_assistant,no_match,,high,The unclosed sink on exception is unrelated to CodeQL's nullable dereference.,no_match,,author_confirmed,author_manual_review,author,40fc0e67e302c893a041ffa5b12b483b70b656984748b93af4decdc7ab69a869
case-2d93edefa9bf78e1efb4,mf-97aea8ef0b2f12177151,LLM_assistant,related_distinct,,high,The premature loop break and CodeQL's nullable dereference (sf-2415746867738a4452bb) occur in the same updateUserTags loop but describe independent control-flow and null-safety defects.,related_distinct,,author_confirmed,author_manual_review,author,939f97642d2967b8aacc10eb5b980ab27f62aa167332ef358b4e7438cb0034e9
case-2f0bf603687d1eee9d5c,mf-c34117da37c451c9edaa,LLM_assistant,no_match,,high,"Duplicate user messages are not represented by CodeQL's base-exception, empty-handler, or unused-import alerts.",no_match,,author_confirmed,author_manual_review,author,ebcc255dc9be1114b91c2cbab01c910aa35663f4fe06f747200728e670bf8f98
case-2f0bf603687d1eee9d5c,mf-d2ab2e3e4f54ef70ad77,LLM_assistant,no_match,,high,Deleted test coverage is not represented by the preserved CodeQL alerts.,no_match,,author_confirmed,author_manual_review,author,36b39d8e3fcfad475b4a8b6befbb574ea2f2dc8dd5ba4ef8a9484fbb394a852a
case-2f0bf603687d1eee9d5c,mf-21753054a7b1debbd94d,LLM_assistant,no_match,,high,The invalid SLIP39 share-length heuristic is not represented by the preserved CodeQL alerts.,no_match,,author_confirmed,author_manual_review,author,28d332454be833cbe361bea647626f81b9209b2de54a8bf46dd8e87b1bb2a820
case-2f0bf603687d1eee9d5c,mf-8079437fb98c15834c7b,LLM_assistant,no_match,,high,Missing informational output is not represented by the preserved CodeQL alerts.,no_match,,author_confirmed,author_manual_review,author,b1d948fc7243b46bdbe1485f0baa0b25c2a896a2c601caf2adcf56d026e20548
case-2f0bf603687d1eee9d5c,mf-049aefde522deb214fa5,LLM_assistant,no_match,,high,The hot-loop Share import is a different import from CodeQL's unused import at line 121 and is not the same issue.,no_match,,author_confirmed,author_manual_review,author,2bb911d59d5ced97ea82b0e77cdff990001cd6e6012249288d0d8d7501941b21
case-31359bc417febbc38cfc,mf-40598673adf56e3f376b,LLM_assistant,no_match,,high,The falsy-zero websocket setting is unrelated to CodeQL's method first-parameter naming alert in truss_config.py.,no_match,,author_confirmed,author_manual_review,author,7b2b24bdcddbb4bbd50b9441872eedf89ed9d08bef652ac1ff2387d28ff248a4
case-31359bc417febbc38cfc,mf-8af7d3a0e5bbb385db55,LLM_assistant,no_match,,high,The falsy-zero websocket setting is unrelated to CodeQL's method first-parameter naming alert.,no_match,,author_confirmed,author_manual_review,author,3d5f86042ce5ac4b8469a02409b25b864830e65aaec5de7d4ac1868ac59ef87e
case-31359bc417febbc38cfc,mf-405ed915ba99a8903464,LLM_assistant,no_match,,high,Use of assert for production validation is unrelated to CodeQL's method first-parameter naming alert.,no_match,,author_confirmed,author_manual_review,author,4144b9b56fa75817d7e0e8260e337a6d199b8dacefd6f3823d4fc6d826ee0e51
case-315d6ae6a9b8cfaf69af,mf-2dfdcd58da3741126d7e,LLM_assistant,no_match,,high,Unbounded tracemalloc state is not represented by CodeQL's broad/empty handlers or unused imports.,no_match,,author_confirmed,author_manual_review,author,fd0d1d97a2dbbd734a16da8fda7656b17accc359fa158aa26a6594902240088d
case-315d6ae6a9b8cfaf69af,mf-429351e2c9471c144603,LLM_assistant,no_match,,high,The missing output-directory initialization is not represented by the preserved CodeQL handlers at other lines.,no_match,,author_confirmed,author_manual_review,author,d1f6108e2759ec00706333274425c65fc16f77ec3c543064081584315ea2f379
case-315d6ae6a9b8cfaf69af,mf-d274fd50ca5fa1c69337,LLM_assistant,no_match,,high,"The cleanup glob omits detailed-analysis files; the preserved CodeQL alerts concern exception handlers and imports, not filename retention.",no_match,,author_confirmed,author_manual_review,author,2d633ce2397c61e6fd76e9e699cdce6368c2e921f3d4b9bd7b103fb60766bf18
case-315d6ae6a9b8cfaf69af,mf-54149849285b7d6f7854,LLM_assistant,related_distinct,,medium,"The duplicated object scan is near CodeQL's broad empty handler at line 226 (sf-2a026153bb37163cb108 and sf-7d836c22dbb5f775cca9) in the same monitoring routine, but performance duplication and exception swallowing are separate defects.",related_distinct,,author_confirmed,author_manual_review,author,319f984c66e869a4f00ed045b975c4ee83cdf05e83f750e6aa3cdfcf9da9f323
case-315d6ae6a9b8cfaf69af,mf-0217923431cd129563c5,LLM_assistant,related_distinct,,medium,"The discarded tracemalloc snapshot occurs near broad exception handlers in the same memory-analysis implementation, but the ineffective analysis and handler breadth are different issues.",related_distinct,,author_confirmed,author_manual_review,author,b8f762fa8671110d2cbb0062fd88f60bdf54e6f05d76aa6aa72af32d52181deb
case-315d6ae6a9b8cfaf69af,mf-4ce3a87d1affe05bac75,LLM_assistant,same_issue,sf-670658b6035afcb2b7f1,high,Both identify the unused os import introduced by the PR.,same_issue,sf-670658b6035afcb2b7f1,author_confirmed,author_manual_review,author,4c6be6b4444d522d5dbd451d978dd00caa279219cf837f8e2f5cd29375d6a5d4
case-36ffe6b241bac7e92bef,mf-a9fbc368dfcc1c57fceb,LLM_assistant,no_match,,high,The empty webhook event list is unrelated to CodeQL's model-registry cyclic imports.,no_match,,author_confirmed,author_manual_review,author,5f2c457697577f920a7c68610565d72d9964ac83cd3e55e24eadf8ce6f922817
case-37aad921cd746c69ff61,mf-ea5a0598f7507b6d1bd2,LLM_assistant,no_match,,high,"The dropped chain-of-thought prompt is not represented by CodeQL's mixed-return, ineffectual-statement, redundant-assignment, or unused-import alerts.",no_match,,author_confirmed,author_manual_review,author,80b956a68525cb67a72a45b05da0904c26177244cde673a12a7a6f5956700472
case-37aad921cd746c69ff61,mf-c608d1ae996fc5125dd3,LLM_assistant,no_match,,high,In-place mutation of training_chat is not represented by the preserved CodeQL alerts.,no_match,,author_confirmed,author_manual_review,author,92583e328fe2010c81928d1ca67bf3eedfdf5c874324a15609f435640fd54c98
case-37aad921cd746c69ff61,mf-0747eb5279913add22c6,LLM_assistant,no_match,,high,The stale enum name in an error message is not represented by the mixed-return alert in chat_formatter or other preserved alerts.,no_match,,author_confirmed,author_manual_review,author,42ed6eca498f1a3964738b0a6f18aedcad115543808d50c53c055139eb555c4d
case-37aad921cd746c69ff61,mf-54c14eef8773cab6043a,LLM_assistant,no_match,,high,The removed backend guard is not represented by the preserved CodeQL alerts.,no_match,,author_confirmed,author_manual_review,author,cc7835d844735195e9dc2f0da2b5498b8757a8c76c26061c18a8708fd2cc0a02
case-3a0f70a817d7306d446f,mf-04ce9e2d2e419b78d709,LLM_assistant,related_distinct,,medium,"The ineffective retry exception types and CodeQL's mixed return paths (sf-7e87ec7b0f5350b9e7e6) occur in ddns/util/http.py, but concern different control-flow defects.",related_distinct,,author_confirmed,author_manual_review,author,55757dbcbea934a4a8120050d892a87a0ba50680410f52aad16cc6056728551e
case-3a0f70a817d7306d446f,mf-e7fea018c5e755d093c0,LLM_assistant,no_match,,high,The test's incorrect logger name is not represented by the mixed-return alerts.,no_match,,author_confirmed,author_manual_review,author,1abe29d4ff7f1e04a9be899d6ddf5255600321451112559edbf4a21395742a62
case-3a0f70a817d7306d446f,mf-ed4bb5620eaab50f8128,LLM_assistant,no_match,,high,The reduced error log level is not represented by the mixed-return alerts.,no_match,,author_confirmed,author_manual_review,author,1596efd08a8a57f5c5dce35131bfa932e34196683a5d2170528f09f9d9f7c755
case-3b5889bf8c2dda15fe1f,mf-6f293a252dd9597a03d2,LLM_assistant,no_match,,high,The stale dedupQueries return-shape consumer is distinct from CodeQL's semicolon-style alert.,no_match,,author_confirmed,author_manual_review,author,974ccef6633ea50e748984d95b56cce3792ba0e8b4247168fd430a58d128bb42
case-3b5889bf8c2dda15fe1f,mf-2b89f99c16be501884dd,LLM_assistant,no_match,,high,The CLI's stale return-shape handling is unrelated to CodeQL's semicolon-style alert.,no_match,,author_confirmed,author_manual_review,author,f70476a7c6c467e12183aeda707e4af641c9f75dde98982965b347ac241971ed
case-3b5889bf8c2dda15fe1f,mf-9c874f6161a35cbd6201,LLM_assistant,no_match,,high,The CLI's stale return-shape handling is unrelated to CodeQL's semicolon-style alert.,no_match,,author_confirmed,author_manual_review,author,a422aa356da7cde4d3ad279d23f73cb996e8f096a3d6025060a3062432ad022b
case-3b5889bf8c2dda15fe1f,mf-d846b8ce12a430e777ee,LLM_assistant,no_match,,high,The evaluator CLI's stale return-shape handling is unrelated to CodeQL's semicolon-style alert.,no_match,,author_confirmed,author_manual_review,author,ee877df24942a5755c25136149620e262da9ba1d262de3eca14240f10ca17287
case-3b5889bf8c2dda15fe1f,mf-688817759420cda854ab,LLM_assistant,no_match,,high,The misleading environment type assertions are unrelated to CodeQL's semicolon-style alert.,no_match,,author_confirmed,author_manual_review,author,801047c1dc2c70efe2db38f40aff90ca3186e78afece4d6059c21af7c5edf12e
case-42cb40725b6715e6b56e,mf-f76ab379582a5b38426f,LLM_assistant,same_issue,sf-a51e3a1fab37f5d26d1e,high,Both identify statements after an unconditional return as unreachable.,same_issue,sf-a51e3a1fab37f5d26d1e,author_confirmed,author_manual_review,author,9f6e08d4f2d61081605e11e9e2931b070f9c8b9a681d8b819b91ff1e24e616bc
case-42cb40725b6715e6b56e,mf-19f8cec751191666f8b0,LLM_assistant,related_distinct,,medium,"The static Pro feature text is in the pricing page that CodeQL reports as containing unreachable JSX (sf-a51e3a1fab37f5d26d1e), but stale content and reachability are different defects.",related_distinct,,author_confirmed,author_manual_review,author,7bb74a4fe4662c0c77e21c00f1a94d018db33b842d72d21bf590190f8cfc2425
case-42cb40725b6715e6b56e,mf-9a6fd6bd4da8e67291c3,LLM_assistant,related_distinct,,medium,The static Teams feature text and CodeQL's unreachable JSX occur in the same pricing page but have distinct causes and fixes.,related_distinct,,author_confirmed,author_manual_review,author,19f3ad92e9b0b9589e91d641682163c743647d561adffbb281b81da6a639bc72
case-42cb40725b6715e6b56e,mf-03493138acbd7201fe49,LLM_assistant,related_distinct,,high,"The nonfunctional annual toggle lies inside the JSX made unreachable by the earlier return, but adding toggle state does not fix the reachability defect and removing the return does not implement the toggle.",related_distinct,,author_confirmed,author_manual_review,author,f5b920031f94a4f783d0efba59eded0ca1cf945c9a59684dbe19b81dce7e925e
case-42cb40725b6715e6b56e,mf-d4dbb27d8bf714f6b9dd,LLM_assistant,no_match,,high,The duplicated TypeScript interface is not represented by the unreachable-statement alert.,no_match,,author_confirmed,author_manual_review,author,a993b1c92f0bfab11e3f050421581e8865946b419492472b6aa55dad5498d368
case-42cb40725b6715e6b56e,mf-9576a7c55cdc3a884b12,LLM_assistant,no_match,,high,The hardcoded dark styling is not represented by the unreachable-statement alert.,no_match,,author_confirmed,author_manual_review,author,ecf8cafd29133247541e6d6204a3b43f8c455fd6806aaa72fe802a89f05bce2d
case-4305c02b5fa838228719,mf-552896033c91c50a58d4,LLM_assistant,related_distinct,,medium,The duplicated enum value and CodeQL's unused imports in state.py share the state module but are independent semantic and cleanup defects.,related_distinct,,author_confirmed,author_manual_review,author,31b41a0282d3da82fc892cc59d78592e5c09066da3f06493e5ee22330a1f2f5a
case-4305c02b5fa838228719,mf-a6dcddc4fbcb67dc2c0e,LLM_assistant,no_match,,high,The endpoint overwrite is not represented by the session import/binding/export alerts.,no_match,,author_confirmed,author_manual_review,author,6497f247995003d138584bd9aab95e78beb87f71a8affa2fe0106c0eb9068c76
case-4305c02b5fa838228719,mf-99c734b4cba70372a3bd,LLM_assistant,same_issue,sf-db0ad4255383099c1685,high,Both identify that current remains in __all__ after its definition was removed.,same_issue,sf-db0ad4255383099c1685,author_confirmed,author_manual_review,author,cc215cbea72a7b960423dcb27cf2d5af885546d66ab82d94ba446b40f6417956
case-4305c02b5fa838228719,mf-647412377623b1f5e9f2,LLM_assistant,related_distinct,,high,"The changed Session.current fallback and CodeQL's cyclic import/mis-bound current method occur in the same class, but the runtime lookup policy is not the import cycle or first-parameter naming issue.",related_distinct,,author_confirmed,author_manual_review,author,e4d4862586b64dedad425488638b6ea938a77645e10edf61964e44bed9da2089
case-4305c02b5fa838228719,mf-1693294a764ffb38e526,LLM_assistant,related_distinct,,medium,The enum serialization change and CodeQL's unused imports occur in state.py but are different API compatibility and cleanup issues.,related_distinct,,author_confirmed,author_manual_review,author,5d8a44cd7881797291cd025d50ee81aabdf3e8c7437edf318b73ceaf77c24cbc
case-4305c02b5fa838228719,mf-84f1ddb348a539a5a56f,LLM_assistant,no_match,,high,The partially mutated Config object is not represented by the session import/binding/export alerts.,no_match,,author_confirmed,author_manual_review,author,94a7f471647b1d9cde074ef7a14ad702658d63d03050accc6ce6ab4dc48c79cb
case-4305c02b5fa838228719,mf-49537ee0651348ecdcb1,LLM_assistant,no_match,,high,The incomplete valid-parameter set is not represented by the session import/binding/export alerts.,no_match,,author_confirmed,author_manual_review,author,fcc6f1f966b3af5f8749aa4d79231d18c0c837483db8c6b8a5a12feab51b29ca
case-4305c02b5fa838228719,mf-0f310d689f69619f4dd4,LLM_assistant,no_match,,high,The unused TYPE_CHECKING import is in agentops/__init__.py and is distinct from CodeQL's unused imports in session.py and state.py.,no_match,,author_confirmed,author_manual_review,author,25faa872e94ad612f3abbd9b3593ac7360b4345e64a088cd0d341b6637a461e6
case-4305c02b5fa838228719,mf-2611be738d52d45f6f1b,LLM_assistant,same_issue,sf-f8233e6508e59ad656b7,high,Both identify the unused enum.auto import.,same_issue,sf-f8233e6508e59ad656b7,author_confirmed,author_manual_review,author,059f467aa45fcd0112543827168fb7c7bb8b2619a2e651aa7e165dd5a274abc2
case-45ecc9b9b423e37da22e,mf-a9cb5a58c0f51c24a928,LLM_assistant,related_distinct,,medium,"The leaked implementation keyword and CodeQL's cyclic imports occur in expand, but the argument-routing defect is not the import cycle; the unused config_override at line 1506 is also a separate variable.",related_distinct,,author_confirmed,author_manual_review,author,2312dfa5f1de636d4902a20fb037884a8ac58b70f20e95c98e9b87f87bcb3684
case-45ecc9b9b423e37da22e,mf-22f74f8f0c84638055d2,LLM_assistant,related_distinct,,medium,"Dropped positional argument forwarding occurs in the same expand implementation as CodeQL's cyclic imports, but is not the same defect.",related_distinct,,author_confirmed,author_manual_review,author,09c70fed4ba83fd967baad90596b50e2467799a6bcfefc6377a8132d169072f7
case-45ecc9b9b423e37da22e,mf-fb6eac006fcc7d7290b5,LLM_assistant,no_match,,high,The unchecked implementations attribute is in state.py and is not represented by CodeQL's nodes.py import and unused-local alerts.,no_match,,author_confirmed,author_manual_review,author,f4ef48cdf19784b9c2c1abe45826207fef7262f84c6de8b3b7f977b47380f38c
case-45ecc9b9b423e37da22e,mf-20c7c147fd4209d83f15,LLM_assistant,related_distinct,,medium,The misleading expand docstring and CodeQL's cyclic imports share the expand implementation but require distinct documentation/API and import-structure fixes.,related_distinct,,author_confirmed,author_manual_review,author,79de9c672778c2889cb7c8fc7d9a35d333bd7d8e145241046b4b33687b6f1fe8
case-4a764f3847aeba71b091,mf-a1600d11992286e37002,LLM_assistant,related_distinct,,medium,"The datetime serialization crash and CodeQL's cyclic import occur in task_v2_service.py, but are independent serialization and module-structure defects.",related_distinct,,author_confirmed,author_manual_review,author,3e9a5179222badb896122e08a4a2448d29298a533d6a3ed7a6fdbf8458dc9288
case-4a764f3847aeba71b091,mf-16eb74fd4d335e2ae3aa,LLM_assistant,related_distinct,,medium,The swallowed workflow error and CodeQL's cyclic import occur in task_v2_service.py but are not the same exception or dependency defect.,related_distinct,,author_confirmed,author_manual_review,author,1e6af6a421dfeb0c337af5f52020c38f4fb9ff4574427ace7c632495c68c372a
case-4d8ff19fb340c20d7a49,mf-a2495632cde5879faf08,LLM_assistant,no_match,,high,The conditional-expression precedence bug is unrelated to CodeQL's unsafe imports in _run_impl.py.,no_match,,author_confirmed,author_manual_review,author,78cef31ead4c10df1cb600b88a539c97e9fdd70f227ad06c30ad3c2af781a26b
case-4d8ff19fb340c20d7a49,mf-eae775697827afef7c69,LLM_assistant,no_match,,high,The timeout default/documentation mismatch is unrelated to CodeQL's unsafe imports.,no_match,,author_confirmed,author_manual_review,author,a3054737af482c83e4bd099d2a305fea3fdb714a3d390c08ba96063b84c9d8ef
case-4d8ff19fb340c20d7a49,mf-e96883a48bc70de9d0ef,LLM_assistant,related_distinct,,medium,"Ignoring pending safety checks and CodeQL's unsafe cyclic imports occur in _run_impl.py, but are separate execution-policy and module-initialization defects.",related_distinct,,author_confirmed,author_manual_review,author,ada2bc24b6e8695bf429bb1daebb4526695d01e0538f5d118fd257b477e768b4
case-58d2a55832abcd11e69d,mf-0fc2be736c1349593b26,LLM_assistant,no_match,,high,The removed cache write-permission guard is unrelated to CodeQL's unclosed file in commands.py.,no_match,,author_confirmed,author_manual_review,author,7c44aa2a2c747fef5017511f16e394a99fe8bd126034159f9c20682fe92d872c
case-58d2a55832abcd11e69d,mf-978427103ece67b75469,LLM_assistant,same_issue,sf-baf43c533bc7dca99a82,high,Both identify the file handle opened for dagger.log without a corresponding close.,same_issue,sf-baf43c533bc7dca99a82,author_confirmed,author_manual_review,author,5fb67ab387485472f90eb1e9e75d38cd9efa3f9d772af5d76b2cd0e7f52d6568
case-58d2a55832abcd11e69d,mf-5bc9455528cad51b8670,LLM_assistant,no_match,,high,The unused Python image constant is unrelated to CodeQL's unclosed file.,no_match,,author_confirmed,author_manual_review,author,70bab5e687cc0eb3c56eb99d5d97ed38c5767d156799fd7bee629595da3710d5
case-5bc4ea80f1c42b093e67,mf-1c22ca3a62944a8b13dc,LLM_assistant,same_issue,sf-cb35e23bf36e4b979a2e|sf-604eb391bf6dcbca5586,high,The same bare except both catches BaseException subclasses and has an empty pass body; the reviewer explicitly identifies both aspects represented by the two CodeQL alerts.,same_issue,sf-cb35e23bf36e4b979a2e|sf-604eb391bf6dcbca5586,author_confirmed,author_manual_review,author,31a0099b7cfb03a71c367dc6f29eb8ec012ac624e3762434b78d9f71ce956759
case-5bc4ea80f1c42b093e67,mf-de0a47743edfbae81b3c,LLM_assistant,related_distinct,,medium,"The repeated import and CodeQL's bare empty handler occur in the same reward function, but performance overhead and exception swallowing are distinct defects.",related_distinct,,author_confirmed,author_manual_review,author,139b81f7bd97f81e8dc076d44a438569aeab3c4ad8cb6068ad18aa26302947ce
case-5bc4ea80f1c42b093e67,mf-78a5558f822b175f3d21,LLM_assistant,no_match,,high,The unused transformed metadata is not represented by the exception-handler alerts.,no_match,,author_confirmed,author_manual_review,author,9d490e61d36d953b8dc7136d7e77167fdbd1e902068fab4a2d29e41a1855bd37
case-5bc4ea80f1c42b093e67,mf-3325e5f71e1bb0cca3b0,LLM_assistant,no_match,,high,The inconsistent dictionary access is not represented by the exception-handler alerts.,no_match,,author_confirmed,author_manual_review,author,2f75fdc857ecdaf1a229f5f169ba65f537b6f0959e4ed482a2d6c9ef5e9b957d
case-5f4c438794b17fe2dd2c,mf-635a8fa8dd95b82f2dc3,LLM_assistant,same_issue,sf-0b38ef893d2c500061ee,high,"Both identify the implicit None return on the non-not-found ClientError path in _does_model_exist, mixed with explicit Boolean returns.",same_issue,sf-0b38ef893d2c500061ee,author_confirmed,author_manual_review,author,1f6364db5e96182e900155257d75ce3a871765c4c69333fed2d50ed48f9faafe
case-5f4c438794b17fe2dd2c,mf-700f5e0e90116b503a30,LLM_assistant,no_match,,high,The non-idempotent directory creation is unrelated to CodeQL's mixed-return path in a SageMaker helper.,no_match,,author_confirmed,author_manual_review,author,af8eff05fac58f10ec81ed132a10bd4888869fc2c3ad06b8600df2224170212f
case-5f4c438794b17fe2dd2c,mf-dcd04294e7df0c6fb774,LLM_assistant,no_match,,high,The stale docstring parameter is unrelated to CodeQL's mixed-return path.,no_match,,author_confirmed,author_manual_review,author,12399f5a388b369a66da08af005a2a34004b7b3b2d0b21e8af7e087a5194a68c
case-63f02cda0a1f10073dfa,mf-e2dd7f12367d0eb0f5fd,LLM_assistant,no_match,,high,The unvalidated sort field is unrelated to CodeQL's mixed-return alert in pipelines.py.,no_match,,author_confirmed,author_manual_review,author,f9ffd39ef7660f45f831d1b8ae43fc18859fb3bef7059ce697edf3047d3bcadd
case-63f02cda0a1f10073dfa,mf-60451dcd106846ca5810,LLM_assistant,no_match,,high,The frontend request race is unrelated to CodeQL's mixed-return alert.,no_match,,author_confirmed,author_manual_review,author,ff6bf756c525dbb54e792311cff7c440efc78deb987aa089469ad1baa7ad12b5
case-63f02cda0a1f10073dfa,mf-fd4713590673c43f864f,LLM_assistant,no_match,,high,The case-sensitive sort order is unrelated to CodeQL's mixed-return alert.,no_match,,author_confirmed,author_manual_review,author,8c9075ed88a4882bac4549120100200293be3f21f0c6853e3113b010fe7277c7
case-63f02cda0a1f10073dfa,mf-4c5f8cc03a17a7b845ac,LLM_assistant,no_match,,high,The unchecked select value split is unrelated to CodeQL's mixed-return alert.,no_match,,author_confirmed,author_manual_review,author,3a90a00223eb02d37741aa0c9b14edabb2aa7a0f3ad8d19555c7bed40953881d
case-63f02cda0a1f10073dfa,mf-5076c74e3223d5bcf3f2,LLM_assistant,no_match,,high,The missing React effect dependency is unrelated to CodeQL's mixed-return alert.,no_match,,author_confirmed,author_manual_review,author,b129077352a96890e167592ae76b0775b0beab850a534de8223125356f665a05
case-697674ac2a65b8707ff3,mf-f15e99944ac7d75de146,LLM_assistant,related_distinct,,high,The missing exception boundary and CodeQL's semicolon-style alert occur in the git-diff block but are different reliability and formatting issues.,related_distinct,,author_confirmed,author_manual_review,author,cee3f345d63718c7d53438b72d24900d8887755e6ada6ed2d9efe5ff37a21330
case-697674ac2a65b8707ff3,mf-57aac85f586c50bcd59a,LLM_assistant,no_match,,high,The SDK/server result-key mismatch is not represented by the semicolon-style alert.,no_match,,author_confirmed,author_manual_review,author,d758a095c4d56ea43e13f65cc3aec55ae421ec986a93ef23d0293c7b2f8e54ff
case-697674ac2a65b8707ff3,mf-d973a365d7d05b398f67,LLM_assistant,related_distinct,,medium,The old/new property-name mismatch and CodeQL's semicolon-style alert occur in diff.ts but have distinct API and formatting remedies.,related_distinct,,author_confirmed,author_manual_review,author,fb8e1d48b77b6182f8b798d6bc76df9bf93eafd003249236acdcf02046cf74ea
case-697674ac2a65b8707ff3,mf-c2c65ccae8b170b015d5,LLM_assistant,no_match,,high,The omitted schema field is not represented by the semicolon-style alert.,no_match,,author_confirmed,author_manual_review,author,c95de25773457db7e28f7c80115d63ab8764619fc908f75092f6d5a48bca98ec
case-697674ac2a65b8707ff3,mf-d369a62dac828ab3b673,LLM_assistant,no_match,,high,The incomplete change type is not represented by the semicolon-style alert.,no_match,,author_confirmed,author_manual_review,author,25d461fd8de732977248ab49f6f128605047267c929ec70f820d524da4e0db84
case-697674ac2a65b8707ff3,mf-5816ad7079803c567b93,LLM_assistant,related_distinct,,medium,Sequential independent extraction and CodeQL's semicolon-style alert occur in diff.ts but are independent performance and formatting issues.,related_distinct,,author_confirmed,author_manual_review,author,3aa51f7ca79f6f09dc6e1dabbda76ff70d00fa1b9e76f6c6cefd58f2fcfc58fb
case-6bf52025747941db38d4,mf-f5cc5858f872be366b8e,LLM_assistant,no_match,,high,Leaking subscriber fields into generated requests is distinct from CodeQL's constant condition.,no_match,,author_confirmed,author_manual_review,author,bcdb9753a3cf9bdb4c3d6128fd5d6fd24236dca6e3ee064dbcba2bef33571718
case-6bf52025747941db38d4,mf-8a61b43f4edd538c377d,LLM_assistant,related_distinct,,medium,Omitted subscriber fields and CodeQL's constant condition occur around initialization in the same drawer but are separate data-mapping and control-flow defects.,related_distinct,,author_confirmed,author_manual_review,author,c3d061c86c20ab4f0d85d4e08dbacb5ac228d21127e5897e8551c570d5b283da
case-6bf52025747941db38d4,mf-c7527305bf43a7131335,LLM_assistant,related_distinct,,medium,Removed subscriber validation and CodeQL's constant condition occur in the same form initialization but are not the same defect.,related_distinct,,author_confirmed,author_manual_review,author,e8af6f9b2305e28800852acaaa3910f73767f17e7f18a636187f16335f7ef501
case-6bf52025747941db38d4,mf-b60f4c49ae57fe25d1f0,LLM_assistant,no_match,,high,The unsafe subscriber type assertion is not represented by the constant-condition alert.,no_match,,author_confirmed,author_manual_review,author,77b4e6d7c1ac22658f5116fca785b601127b90af0296b586cd8c9f714a446e71
case-6bf52025747941db38d4,mf-f566900eadb98d2612df,LLM_assistant,no_match,,high,Duplicated payload validation is not represented by the constant-condition alert.,no_match,,author_confirmed,author_manual_review,author,36216b78f4711323351eacddc7363d14ee2f913631e271d8c1f2c0c1e4804cdc
case-6bf52025747941db38d4,mf-362c2375bc0f47b3e925,LLM_assistant,no_match,,high,The unused testData prop is not represented by the constant-condition alert.,no_match,,author_confirmed,author_manual_review,author,6aca96f50271cf2b0dca10313914a77b3cc8228731a4eca977ec54f36fad7d89
case-76a0ff6983e0ca3793b2,mf-86d1493c792523b86f6a,LLM_assistant,no_match,,high,The obsolete icon context customization is unrelated to CodeQL's inconsistent state update in ModalAdd.,no_match,,author_confirmed,author_manual_review,author,39be7d5a346c44f70513a52e933affd459a1666f368f71f485ddda3106c601a2
case-76a0ff6983e0ca3793b2,mf-1a39fd8178921a6cb9bf,LLM_assistant,related_distinct,,medium,The anchor's default navigation and CodeQL's inconsistent state update occur in ModalAdd but are independent event and state defects.,related_distinct,,author_confirmed,author_manual_review,author,096f6e9795be7a14d450af7368382026af126bf6dcba8878faf8c8462c1d8b5c
case-79e114ffc3cc4f095ea9,mf-1bc5db39e4340e1ecb5c,LLM_assistant,no_match,,high,Manual packet review found no preserved CodeQL reference describing the same defect; available rules were js/automatic-semicolon-insertion.,no_match,,author_confirmed,author_manual_review,author,fddd38436789430b80126a317531f373036a8443f368482898888693b16346fb
case-79e114ffc3cc4f095ea9,mf-33882f35fc566696a9be,LLM_assistant,no_match,,high,Manual packet review found no preserved CodeQL reference describing the same defect; available rules were js/automatic-semicolon-insertion.,no_match,,author_confirmed,author_manual_review,author,6d93494e313fdf6e36324e2b75d94546b951e477f2becffc08712dfced0fadb2
case-79e114ffc3cc4f095ea9,mf-7cb67d71cda9dea64fa4,LLM_assistant,no_match,,high,Manual packet review found no preserved CodeQL reference describing the same defect; available rules were js/automatic-semicolon-insertion.,no_match,,author_confirmed,author_manual_review,author,250d4997f0b2e9ce56eed7856282360de73dfad58885ba90c1c117523542d89d
case-7c3045f6e85b3f5f1b49,mf-a79abce0f18236d9ee7d,LLM_assistant,no_match,,high,"Manual packet review found no preserved CodeQL reference describing the same defect; available rules were js/automatic-semicolon-insertion, js/unused-local-variable.",no_match,,author_confirmed,author_manual_review,author,0608fca385e21e2d5679613e39f597fe6a945dc5bb4d76d5913630cfe270d0d4
case-7c3045f6e85b3f5f1b49,mf-1ba868eb6fd84d8f4a5f,LLM_assistant,no_match,,high,"Manual packet review found no preserved CodeQL reference describing the same defect; available rules were js/automatic-semicolon-insertion, js/unused-local-variable.",no_match,,author_confirmed,author_manual_review,author,2ea7753e81457ad62ed5050f73d7b38020270fb57a0b0d9906bff7d57df21422
case-7c3045f6e85b3f5f1b49,mf-486f933a8c2c6e83fd1c,LLM_assistant,no_match,,high,"Manual packet review found no preserved CodeQL reference describing the same defect; available rules were js/automatic-semicolon-insertion, js/unused-local-variable.",no_match,,author_confirmed,author_manual_review,author,f4764f25b0d56b28df4d2b2d5854fed6d9ae5a6a47582aa65c633ba24d720a85
case-7c3045f6e85b3f5f1b49,mf-af3f9fc19aa9dda6784c,LLM_assistant,no_match,,high,"Manual packet review found no preserved CodeQL reference describing the same defect; available rules were js/automatic-semicolon-insertion, js/unused-local-variable.",no_match,,author_confirmed,author_manual_review,author,f3049034efc4ef463a57ccc330f2cad669f15ecdcee1133da1aa42d85428fcd1
case-7c3045f6e85b3f5f1b49,mf-c9f17771bb51dd4f436b,LLM_assistant,same_issue,sf-90bfb3eacb71ecf24609,high,Both identify the unused normalizeUrl import.,same_issue,sf-90bfb3eacb71ecf24609,author_confirmed,author_manual_review,author,c48710141c80da422a145ed38503f8ebea9c510bac24efb50047d0426cb4b105
case-7cf6b8b222a8054d4a1c,mf-15da7f709fb7908a527b,LLM_assistant,no_match,,high,Manual packet review found no preserved CodeQL reference describing the same defect; available rules were py/missing-equals.,no_match,,author_confirmed,author_manual_review,author,4e6be8d482aa85e3e235b15059037fa18805210ffc75fead2652d49d047a8518
case-7cf6b8b222a8054d4a1c,mf-0062c6b8964071b991aa,LLM_assistant,related_distinct,,medium,"Manual packet review found the Reviewer finding and the preserved CodeQL alert set (py/missing-equals) in the same component or causal neighborhood, but with materially different failure conditions and fixes.",related_distinct,,author_confirmed,author_manual_review,author,8517775410d6d9010237043bca830026f0ec23e61681c800cb81f70a3e235634
case-7cf6b8b222a8054d4a1c,mf-bd07a33a7889db2eab31,LLM_assistant,related_distinct,,medium,"Manual packet review found the Reviewer finding and the preserved CodeQL alert set (py/missing-equals) in the same component or causal neighborhood, but with materially different failure conditions and fixes.",related_distinct,,author_confirmed,author_manual_review,author,5d68d2b1508af5789ed1fc861ef1dbd5e00c2df2994dfe5aa5a04457c43c609b
case-7cf6b8b222a8054d4a1c,mf-5e38f0ba981b8b016134,LLM_assistant,related_distinct,,medium,"Manual packet review found the Reviewer finding and the preserved CodeQL alert set (py/missing-equals) in the same component or causal neighborhood, but with materially different failure conditions and fixes.",related_distinct,,author_confirmed,author_manual_review,author,c02fd5721f6229a3e94093500cd2be4e29ecdb063ed023cfe0576fc8b947a349
case-7cf6b8b222a8054d4a1c,mf-7ac21c15681a41240f2f,LLM_assistant,no_match,,high,Manual packet review found no preserved CodeQL reference describing the same defect; available rules were py/missing-equals.,no_match,,author_confirmed,author_manual_review,author,31d7cff380445a846d54ff2d11854d5d76a73b2c2293338a020a74f481c67bef
case-7d141ea370270a99cd74,mf-cebdd6427cc3301ad641,LLM_assistant,related_distinct,,medium,"Manual packet review found the Reviewer finding and the preserved CodeQL alert set (py/cyclic-import) in the same component or causal neighborhood, but with materially different failure conditions and fixes.",related_distinct,,author_confirmed,author_manual_review,author,a4c2beb9dc9dbe8525c0c79fd86f1767a281e29a25115f6b2bf8f72c45a98c70
case-7d141ea370270a99cd74,mf-067ae68bed41b516bb41,LLM_assistant,related_distinct,,medium,"Manual packet review found the Reviewer finding and the preserved CodeQL alert set (py/cyclic-import) in the same component or causal neighborhood, but with materially different failure conditions and fixes.",related_distinct,,author_confirmed,author_manual_review,author,24daacaa73be0912ceee33751936e4d86ec2c7bf18fa44a74ba64715ebfc0532
case-7d141ea370270a99cd74,mf-c5144267e18d3c989e0d,LLM_assistant,no_match,,high,Manual packet review found no preserved CodeQL reference describing the same defect; available rules were py/cyclic-import.,no_match,,author_confirmed,author_manual_review,author,bc4d921e82eab7881f86806bdd3c954033209ecac8e10ce73c0b96cfb7df081b
case-7d141ea370270a99cd74,mf-9fee80ce80403f935798,LLM_assistant,related_distinct,,medium,"Manual packet review found the Reviewer finding and the preserved CodeQL alert set (py/cyclic-import) in the same component or causal neighborhood, but with materially different failure conditions and fixes.",related_distinct,,author_confirmed,author_manual_review,author,2a000cba251b83f1798b2aab1a7cdbdd9a46c227e44fcb1f16c927571f76d9a2
case-83f2a806231ce243a56f,mf-3326a96cb3ecb10e0aa0,LLM_assistant,no_match,,high,Manual packet review found no preserved CodeQL reference describing the same defect; available rules were js/trivial-conditional.,no_match,,author_confirmed,author_manual_review,author,21dd83e2a0f0cd38ef4aa1b9a785342c6b45cd2ad4be283d0a557071b7ec43f5
case-83f2a806231ce243a56f,mf-a553de59c7908142e51e,LLM_assistant,no_match,,high,Manual packet review found no preserved CodeQL reference describing the same defect; available rules were js/trivial-conditional.,no_match,,author_confirmed,author_manual_review,author,28a200d279c5e271a9acc8987ee6f450487a22ef5930970f9cff91fbad8f2b0e
case-83f2a806231ce243a56f,mf-5f3d72cdea770697ae51,LLM_assistant,no_match,,high,Manual packet review found no preserved CodeQL reference describing the same defect; available rules were js/trivial-conditional.,no_match,,author_confirmed,author_manual_review,author,f2e9b68fdf9b35f4fd974daff947868cb321c842e94a5ff503039bfec5d70d3e
case-83f2a806231ce243a56f,mf-15148e13a8eb2c7f65b7,LLM_assistant,related_distinct,,medium,"Manual packet review found the Reviewer finding and the preserved CodeQL alert set (js/trivial-conditional) in the same component or causal neighborhood, but with materially different failure conditions and fixes.",related_distinct,,author_confirmed,author_manual_review,author,dcd48785a886f5f5ed61528494b03cf87d12382dbc4099fc6bd02c6c2c12a550
case-83f2a806231ce243a56f,mf-33eb50ee9a61533687ee,LLM_assistant,no_match,,high,Manual packet review found no preserved CodeQL reference describing the same defect; available rules were js/trivial-conditional.,no_match,,author_confirmed,author_manual_review,author,f65107047c85885f1168c679ccdfc3888ef0febe8db1b07c0635dd817c2b9691
case-83f2a806231ce243a56f,mf-09c9e7fe424d79ef3c49,LLM_assistant,no_match,,high,Manual packet review found no preserved CodeQL reference describing the same defect; available rules were js/trivial-conditional.,no_match,,author_confirmed,author_manual_review,author,e958044a3a3844b3cce337b1f0c12fc1e1afc0742bf6049b6eb3b32f97ac4508
case-83f2a806231ce243a56f,mf-3f652f11a3ad75b57265,LLM_assistant,no_match,,high,Manual packet review found no preserved CodeQL reference describing the same defect; available rules were js/trivial-conditional.,no_match,,author_confirmed,author_manual_review,author,5a2a857b687a03057b166e6dd0d066285fbfa50424c714254326e1c03ff5a9b2
case-83f2a806231ce243a56f,mf-37ba5543b102cdd07e1d,LLM_assistant,no_match,,high,Manual packet review found no preserved CodeQL reference describing the same defect; available rules were js/trivial-conditional.,no_match,,author_confirmed,author_manual_review,author,a3a436d45dc2e1f2c2107d0c5aa52a010b5266a63f1f9fb0a7794873e0e4f2b2
case-88ffb0e14443460c1357,mf-64844f1df2e4496e96cc,LLM_assistant,no_match,,high,Manual packet review found no preserved CodeQL reference describing the same defect; available rules were py/commented-out-code.,no_match,,author_confirmed,author_manual_review,author,a0978454e2cab80e59112b4a7e690ba3ae45dc534a4465337033f4b4f3133924
case-88ffb0e14443460c1357,mf-696bd6fe4c0045110405,LLM_assistant,no_match,,high,Manual packet review found no preserved CodeQL reference describing the same defect; available rules were py/commented-out-code.,no_match,,author_confirmed,author_manual_review,author,a60ff1508019995c4aae3406f66eede2d1ab62fff230a9008064614058fa592b
case-88ffb0e14443460c1357,mf-7ff5503d5cc54367ffaa,LLM_assistant,no_match,,high,Manual packet review found no preserved CodeQL reference describing the same defect; available rules were py/commented-out-code.,no_match,,author_confirmed,author_manual_review,author,e1244bc83304d58a4e75091a671c81feb4fda0d8a0ae2bbc5ab5db7515ed6bf3
case-88ffb0e14443460c1357,mf-4bac31e656f0a3c4b002,LLM_assistant,no_match,,high,Manual packet review found no preserved CodeQL reference describing the same defect; available rules were py/commented-out-code.,no_match,,author_confirmed,author_manual_review,author,84c1d39836d489fa2c65acefc364c07932be85488417178723111a922489ad25
case-88ffb0e14443460c1357,mf-74a2ead661289c89786f,LLM_assistant,no_match,,high,Manual packet review found no preserved CodeQL reference describing the same defect; available rules were py/commented-out-code.,no_match,,author_confirmed,author_manual_review,author,178d446fa645bb95383cedbcd20072ba9c59df71173337476e4306ecc4cda84b
case-88ffb0e14443460c1357,mf-7ae87a3b0abfc2f83fb4,LLM_assistant,no_match,,high,Manual packet review found no preserved CodeQL reference describing the same defect; available rules were py/commented-out-code.,no_match,,author_confirmed,author_manual_review,author,ad274e26725d767f8f36d4eb1437ed5ef9d931975a097f88ca54e490b0aeda20
case-88ffb0e14443460c1357,mf-b96d2a56f6c15f88d833,LLM_assistant,related_distinct,,medium,"Manual packet review found the Reviewer finding and the preserved CodeQL alert set (py/commented-out-code) in the same component or causal neighborhood, but with materially different failure conditions and fixes.",related_distinct,,author_confirmed,author_manual_review,author,577aa0b06058ab0b2a5361f59cceb020573ddf242a859e0f09d704c8b884e02d
case-88ffb0e14443460c1357,mf-2225f45569cd5edfb74d,LLM_assistant,related_distinct,,medium,"Manual packet review found the Reviewer finding and the preserved CodeQL alert set (py/commented-out-code) in the same component or causal neighborhood, but with materially different failure conditions and fixes.",related_distinct,,author_confirmed,author_manual_review,author,b4ecde27279f0664f42f4953840bfcb7e0df54c3e3bf244e211ba1f468b88700
case-88ffb0e14443460c1357,mf-d2e1cefb0067940b21c1,LLM_assistant,related_distinct,,medium,"Manual packet review found the Reviewer finding and the preserved CodeQL alert set (py/commented-out-code) in the same component or causal neighborhood, but with materially different failure conditions and fixes.",related_distinct,,author_confirmed,author_manual_review,author,52acf0c60b7e29b63ba0e6048d4bdf19263c897102f08e6bae85c3185525875f
case-88ffb0e14443460c1357,mf-5e5c461babc2601ed365,LLM_assistant,no_match,,high,Manual packet review found no preserved CodeQL reference describing the same defect; available rules were py/commented-out-code.,no_match,,author_confirmed,author_manual_review,author,202a11d830321172dcd224f96ee7263a669b767101effe0d76bbae566977e838
case-88ffb0e14443460c1357,mf-1eca72368f9ccff9e4cc,LLM_assistant,no_match,,high,Manual packet review found no preserved CodeQL reference describing the same defect; available rules were py/commented-out-code.,no_match,,author_confirmed,author_manual_review,author,902a4e747baadc2f62ee8ca3e141649bd7f81874e13de67cdaa4befa87f8eaa8
case-88ffb0e14443460c1357,mf-79db3380db8bf0e7d47c,LLM_assistant,no_match,,high,Manual packet review found no preserved CodeQL reference describing the same defect; available rules were py/commented-out-code.,no_match,,author_confirmed,author_manual_review,author,7e08aee59d88b019c273323a9bcef8d8d92f6bce1cdc5739888e3ee529814161
case-88ffb0e14443460c1357,mf-f1fbb5e9909994b8daff,LLM_assistant,no_match,,high,Manual packet review found no preserved CodeQL reference describing the same defect; available rules were py/commented-out-code.,no_match,,author_confirmed,author_manual_review,author,80d3dc6d0283659079cf551d62366759140c7b2edbdee6f798a4c40837e0cfc3
case-88ffb0e14443460c1357,mf-de4ec7e316421cdcb8a0,LLM_assistant,no_match,,high,Manual packet review found no preserved CodeQL reference describing the same defect; available rules were py/commented-out-code.,no_match,,author_confirmed,author_manual_review,author,de44b47f5f0f44879b23cc558d7b9b912a31592a7817d33e8a4f19fb489df6fd
case-88ffb0e14443460c1357,mf-b30324d46bab4679a299,LLM_assistant,no_match,,high,Manual packet review found no preserved CodeQL reference describing the same defect; available rules were py/commented-out-code.,no_match,,author_confirmed,author_manual_review,author,3aa0aeb07a5d12f41dc0c8ee8433824a28a2293fef2c42fbbe64f5f76b3c655b
case-8c23b92c89e208d5060f,mf-831477ae267362caf7a9,LLM_assistant,related_distinct,,medium,"Manual packet review found the Reviewer finding and the preserved CodeQL alert set (py/missing-equals) in the same component or causal neighborhood, but with materially different failure conditions and fixes.",related_distinct,,author_confirmed,author_manual_review,author,4130e33d118cde796c63dfebe0ae56088a1eb4c5d826e8375d00c933b1237eb0
case-8c23b92c89e208d5060f,mf-21b347e03332fd715b40,LLM_assistant,no_match,,high,Manual packet review found no preserved CodeQL reference describing the same defect; available rules were py/missing-equals.,no_match,,author_confirmed,author_manual_review,author,49ac40793f09d4eabca7d634efdf61a6c5791eb3f0b967bc75ddcb0dc2cd77b1
case-8ed0c47b940923bc72d2,mf-4524e2b2719d9c2a10c9,LLM_assistant,no_match,,high,Manual packet review found no preserved CodeQL reference describing the same defect; available rules were py/not-named-self.,no_match,,author_confirmed,author_manual_review,author,fe980074ee4dc869d035b3214a63eebd1befa0fdf24a06d8e90628909c4738b5
case-8ed0c47b940923bc72d2,mf-850e5af82ac5dbc7a1de,LLM_assistant,no_match,,high,Manual packet review found no preserved CodeQL reference describing the same defect; available rules were py/not-named-self.,no_match,,author_confirmed,author_manual_review,author,545b94aac25f275617fb5ae14690edb3cd8648f93ef655b26d6f77bb5c3a6bfa
case-8ed0c47b940923bc72d2,mf-aa26695be72605877670,LLM_assistant,no_match,,high,Manual packet review found no preserved CodeQL reference describing the same defect; available rules were py/not-named-self.,no_match,,author_confirmed,author_manual_review,author,ba4618ccbd62978f4801afd62347eb419864a930a40d47027444fd551c8ee210
case-8ed0c47b940923bc72d2,mf-65210896f885100489cd,LLM_assistant,no_match,,high,Manual packet review found no preserved CodeQL reference describing the same defect; available rules were py/not-named-self.,no_match,,author_confirmed,author_manual_review,author,159e7f8737c8d04e2dc8f1d622cccaa1c088b317ba37cff28f54d2a692d6d294
case-8ed0c47b940923bc72d2,mf-08fec9d05ecf0e3d2d59,LLM_assistant,no_match,,high,Manual packet review found no preserved CodeQL reference describing the same defect; available rules were py/not-named-self.,no_match,,author_confirmed,author_manual_review,author,2b0d9ae647e9ecba0b9b9e81395e976fa578fd8500c16dd81beff6cf93132e6b
case-8ed0c47b940923bc72d2,mf-ef772fcf55183045162e,LLM_assistant,no_match,,high,Manual packet review found no preserved CodeQL reference describing the same defect; available rules were py/not-named-self.,no_match,,author_confirmed,author_manual_review,author,396175d3b0eedb2b0aa3cef7b722e289e20ffa4317cf16775e884cd0ceb32a68
case-8ed0c47b940923bc72d2,mf-cd9fa25cbd53e74f778e,LLM_assistant,no_match,,high,Manual packet review found no preserved CodeQL reference describing the same defect; available rules were py/not-named-self.,no_match,,author_confirmed,author_manual_review,author,4aa75bf48bd7c2d41faa13239d91686653d39a0bd4f9ba33d8df69087d265303
case-8ed0c47b940923bc72d2,mf-61f5d2a5d0a58d1ee061,LLM_assistant,no_match,,high,Manual packet review found no preserved CodeQL reference describing the same defect; available rules were py/not-named-self.,no_match,,author_confirmed,author_manual_review,author,4a3019e204abeed097cc807f5486ea1b15a63c0c021c6c60aa5418303875e4d4
case-8ed0c47b940923bc72d2,mf-9d5d440716ba4d2b9d32,LLM_assistant,no_match,,high,Manual packet review found no preserved CodeQL reference describing the same defect; available rules were py/not-named-self.,no_match,,author_confirmed,author_manual_review,author,a9875d5df123ce786ee3ebb108f9370e9143ff24243948fef2b73ac147aa267e
case-8ed0c47b940923bc72d2,mf-320645582e794f8085d0,LLM_assistant,no_match,,high,Manual packet review found no preserved CodeQL reference describing the same defect; available rules were py/not-named-self.,no_match,,author_confirmed,author_manual_review,author,9b5ee54f9283803b0c4c610b4eaf9e7f6bd014618f9719a5f1ef30017c596037
case-8ed0c47b940923bc72d2,mf-4f7ccd05ecd30b178908,LLM_assistant,no_match,,high,Manual packet review found no preserved CodeQL reference describing the same defect; available rules were py/not-named-self.,no_match,,author_confirmed,author_manual_review,author,205fefb8080a6166e8c6d1a608d40f145efd379c2c6ff6c11380e3fceb83f379
case-8ed0c47b940923bc72d2,mf-5b3b0b529fee1c5fcf5e,LLM_assistant,related_distinct,,medium,"Manual packet review found the Reviewer finding and the preserved CodeQL alert set (py/not-named-self) in the same component or causal neighborhood, but with materially different failure conditions and fixes.",related_distinct,,author_confirmed,author_manual_review,author,bc3c276f140bba22e78e14ca08ca138d2c5daf1ef5072d01b00e322f8dbae89e
case-8ed0c47b940923bc72d2,mf-eeb42993b5a48ae84ada,LLM_assistant,no_match,,high,Manual packet review found no preserved CodeQL reference describing the same defect; available rules were py/not-named-self.,no_match,,author_confirmed,author_manual_review,author,f9bce53c63c1eccacc9feaa3d4d1fcf7ad2304349d9f5e6b2216a297ebb4eab2
case-8ed0c47b940923bc72d2,mf-cdacaba4317c6157a0b5,LLM_assistant,no_match,,high,Manual packet review found no preserved CodeQL reference describing the same defect; available rules were py/not-named-self.,no_match,,author_confirmed,author_manual_review,author,248466b96863527dcd5b33bc53a41cbf454008e30334a8de1edd3e17d17f666e
case-8ed0c47b940923bc72d2,mf-e99a013df430cef8d6cf,LLM_assistant,no_match,,high,Manual packet review found no preserved CodeQL reference describing the same defect; available rules were py/not-named-self.,no_match,,author_confirmed,author_manual_review,author,5a9762757f6f2e7f2dfbc58c62187c448db5dbdade2f2821748644a78531176f
case-8f13a23ad6dd97124ee6,mf-a2e8924c8bcaf90a52c4,LLM_assistant,related_distinct,,medium,"Manual packet review found the Reviewer finding and the preserved CodeQL alert set (py/cyclic-import, py/empty-except, py/repeated-import) in the same component or causal neighborhood, but with materially different failure conditions and fixes.",related_distinct,,author_confirmed,author_manual_review,author,bd8bc5587506aeb7cb4820f509c5bd4ee2050c86e2436a2044bd9c34b78abf27
case-8f13a23ad6dd97124ee6,mf-e56def5baa41838fd3ed,LLM_assistant,related_distinct,,medium,"Manual packet review found the Reviewer finding and the preserved CodeQL alert set (py/cyclic-import, py/empty-except, py/repeated-import) in the same component or causal neighborhood, but with materially different failure conditions and fixes.",related_distinct,,author_confirmed,author_manual_review,author,3183c3a46cc87331337573b20510b77c2ee58ffccf11d087eca263f54b05d948
case-8f13a23ad6dd97124ee6,mf-7f4d338ddd2877d44d6d,LLM_assistant,no_match,,high,"Manual packet review found no preserved CodeQL reference describing the same defect; available rules were py/cyclic-import, py/empty-except, py/repeated-import.",no_match,,author_confirmed,author_manual_review,author,33bbbdedb830ee79951f15daba5082b015e49e9d4be2d8467986011e178a1401
case-8f13a23ad6dd97124ee6,mf-0430bb6216e9b10af7f2,LLM_assistant,no_match,,high,"Manual packet review found no preserved CodeQL reference describing the same defect; available rules were py/cyclic-import, py/empty-except, py/repeated-import.",no_match,,author_confirmed,author_manual_review,author,c191c3746cff52e89d0e228dc3c6151266f259caac761b44dc197585c3dda88d
case-8f13a23ad6dd97124ee6,mf-7138a9d88a5ac00e9708,LLM_assistant,no_match,,high,"Manual packet review found no preserved CodeQL reference describing the same defect; available rules were py/cyclic-import, py/empty-except, py/repeated-import.",no_match,,author_confirmed,author_manual_review,author,707e1407e7289ad19ffb7d2a31185bd67a738c4b2614cd1c24daae0335c5e6de
case-8f13a23ad6dd97124ee6,mf-1b886dde4ef37e01bd11,LLM_assistant,related_distinct,,medium,"Manual packet review found the Reviewer finding and the preserved CodeQL alert set (py/cyclic-import, py/empty-except, py/repeated-import) in the same component or causal neighborhood, but with materially different failure conditions and fixes.",related_distinct,,author_confirmed,author_manual_review,author,dae380417504212286bf921e05300611940f3660c73a7d0a51da4a0368d5c0be
case-8f13a23ad6dd97124ee6,mf-812bafc2a9addcf2e08d,LLM_assistant,no_match,,high,"Manual packet review found no preserved CodeQL reference describing the same defect; available rules were py/cyclic-import, py/empty-except, py/repeated-import.",no_match,,author_confirmed,author_manual_review,author,cb1708c92653e89efd488000a3e67cd4213a35ee8c4e4fe21f2a8897706f2af3
case-92bf2b6fee0cab272d63,mf-1f497b6902878db4e8ef,LLM_assistant,related_distinct,,medium,"Manual packet review found the Reviewer finding and the preserved CodeQL alert set (js/automatic-semicolon-insertion, js/useless-assignment-to-local) in the same component or causal neighborhood, but with materially different failure conditions and fixes.",related_distinct,,author_confirmed,author_manual_review,author,68594f30ecc13555f91388f7a2ce68d1dae7ce0c022d8e32e76c5187a7d2a526
case-92bf2b6fee0cab272d63,mf-e9213729ab8f05a716a0,LLM_assistant,related_distinct,,medium,"Manual packet review found the Reviewer finding and the preserved CodeQL alert set (js/automatic-semicolon-insertion, js/useless-assignment-to-local) in the same component or causal neighborhood, but with materially different failure conditions and fixes.",related_distinct,,author_confirmed,author_manual_review,author,d11e331085c71155aa04491c24424cd2886cf9d432fc87e4e96e3842cf3eba76
case-92bf2b6fee0cab272d63,mf-4810031f7ec6f3885e07,LLM_assistant,related_distinct,,medium,"Manual packet review found the Reviewer finding and the preserved CodeQL alert set (js/automatic-semicolon-insertion, js/useless-assignment-to-local) in the same component or causal neighborhood, but with materially different failure conditions and fixes.",related_distinct,,author_confirmed,author_manual_review,author,d5bced679298ab9561d04a5854b540e3f08dd1e038752f22d697f31430c29ebf
case-92bf2b6fee0cab272d63,mf-73fdbfa6bb5a61d9e0a6,LLM_assistant,related_distinct,,medium,"Manual packet review found the Reviewer finding and the preserved CodeQL alert set (js/automatic-semicolon-insertion, js/useless-assignment-to-local) in the same component or causal neighborhood, but with materially different failure conditions and fixes.",related_distinct,,author_confirmed,author_manual_review,author,5c462b1a98d5472e644aa7d92783b071e55a88e708896a2e83570398752b04f7
case-92bf2b6fee0cab272d63,mf-e1c5d2a244d8bd4d1f88,LLM_assistant,related_distinct,,medium,"Manual packet review found the Reviewer finding and the preserved CodeQL alert set (js/automatic-semicolon-insertion, js/useless-assignment-to-local) in the same component or causal neighborhood, but with materially different failure conditions and fixes.",related_distinct,,author_confirmed,author_manual_review,author,6c84e0892eaebbd07c79561296b7e902c34c0f157b315a0706e24ae9ef163565
case-92bf2b6fee0cab272d63,mf-add5c5be8f1ffeae502c,LLM_assistant,related_distinct,,medium,"Manual packet review found the Reviewer finding and the preserved CodeQL alert set (js/automatic-semicolon-insertion, js/useless-assignment-to-local) in the same component or causal neighborhood, but with materially different failure conditions and fixes.",related_distinct,,author_confirmed,author_manual_review,author,db1624c65ca7ed84aebff5a8ac8a7961e074bce543101055462dada17e8d17c5
case-945185d91e4e23d356a8,mf-b2c38038d079e5196eb0,LLM_assistant,no_match,,high,Manual packet review found no preserved CodeQL reference describing the same defect; available rules were js/automatic-semicolon-insertion.,no_match,,author_confirmed,author_manual_review,author,8972448a2229040a441355591615c31fe142b3cf58d93e0bb146ab2f986e9305
case-945185d91e4e23d356a8,mf-f748396ff5cc4f389f70,LLM_assistant,no_match,,high,Manual packet review found no preserved CodeQL reference describing the same defect; available rules were js/automatic-semicolon-insertion.,no_match,,author_confirmed,author_manual_review,author,e59de565e21ee57c5b989eeaa38a52acd82a07cfe725f237f2fd3637675d0177
case-945185d91e4e23d356a8,mf-b193b84c4dfcb32ce635,LLM_assistant,no_match,,high,Manual packet review found no preserved CodeQL reference describing the same defect; available rules were js/automatic-semicolon-insertion.,no_match,,author_confirmed,author_manual_review,author,2d8e3979144141d46a99d348e8b30620a168cc7bfe8286c131c345088439621b
case-945185d91e4e23d356a8,mf-40a26d33c3737278ed4a,LLM_assistant,no_match,,high,Manual packet review found no preserved CodeQL reference describing the same defect; available rules were js/automatic-semicolon-insertion.,no_match,,author_confirmed,author_manual_review,author,b8e35e227e20c88877fcbddb230f7a8c672e33102d982cd9743976dd6424a34c
case-945185d91e4e23d356a8,mf-05ec75ad5345b6fc7887,LLM_assistant,no_match,,high,Manual packet review found no preserved CodeQL reference describing the same defect; available rules were js/automatic-semicolon-insertion.,no_match,,author_confirmed,author_manual_review,author,0d131321dc4d6f5e577a631afba7b0e5ccd8613e05e026a446d5c925ec0b7634
case-945185d91e4e23d356a8,mf-2c73adb157d0b95f15e9,LLM_assistant,no_match,,high,Manual packet review found no preserved CodeQL reference describing the same defect; available rules were js/automatic-semicolon-insertion.,no_match,,author_confirmed,author_manual_review,author,bc787da777bc86f3b2fe3f4348ee7cd23a6a7d68a124ea01cab9577ae95b9849
case-9a3caf429ad89e36d4f9,mf-71a68737fb31b24423f7,LLM_assistant,related_distinct,,medium,"Manual packet review found the Reviewer finding and the preserved CodeQL alert set (py/import-and-import-from) in the same component or causal neighborhood, but with materially different failure conditions and fixes.",related_distinct,,author_confirmed,author_manual_review,author,964865416caf5b6a89cb25919b7d6108e80e4ebe640c6460e3c587ce6613cffb
case-9a3caf429ad89e36d4f9,mf-94ba281cd3d800a3e94e,LLM_assistant,related_distinct,,medium,"Manual packet review found the Reviewer finding and the preserved CodeQL alert set (py/import-and-import-from) in the same component or causal neighborhood, but with materially different failure conditions and fixes.",related_distinct,,author_confirmed,author_manual_review,author,ad78cf230a48107f26e3d26c13c0bc062bd7e2c83c45a539259bce758aeb7330
case-9a3caf429ad89e36d4f9,mf-336f6f1529aac3a29f28,LLM_assistant,related_distinct,,medium,"Manual packet review found the Reviewer finding and the preserved CodeQL alert set (py/import-and-import-from) in the same component or causal neighborhood, but with materially different failure conditions and fixes.",related_distinct,,author_confirmed,author_manual_review,author,9524bd9489972961017d299ae4e071fc380536d086f38d504fcd4eddaf090b12
case-9a3caf429ad89e36d4f9,mf-d89ae357727b60bc7bc1,LLM_assistant,related_distinct,,medium,"Manual packet review found the Reviewer finding and the preserved CodeQL alert set (py/import-and-import-from) in the same component or causal neighborhood, but with materially different failure conditions and fixes.",related_distinct,,author_confirmed,author_manual_review,author,c19954e6cee82b66ccafe514593d16bda8b871233c60977941762ccd857de8b2
case-9a3caf429ad89e36d4f9,mf-74a2185554d0a8bb5164,LLM_assistant,no_match,,high,Manual packet review found no preserved CodeQL reference describing the same defect; available rules were py/import-and-import-from.,no_match,,author_confirmed,author_manual_review,author,32a7338cd8950ed2e9ecdb4af3a4867979e9a46c61ac15d0e23cfa149cd2125e
case-9a3caf429ad89e36d4f9,mf-2335a349ff7ebd8282d2,LLM_assistant,no_match,,high,Manual packet review found no preserved CodeQL reference describing the same defect; available rules were py/import-and-import-from.,no_match,,author_confirmed,author_manual_review,author,209feb224a28bd79c0233c2312d643fccc4188962e4433c027351856e0833c7b
case-9d55cc1091c28ad2789b,mf-38a1079ab42c3cb46a19,LLM_assistant,related_distinct,,medium,"Semantic packet review placed the reviewer finding in the same component or causal neighbourhood as the preserved CodeQL alert set (java/class-name-matches-super-class), but the failure condition and required fix are materially different.",related_distinct,,author_confirmed,author_manual_review,author,482a912358b52c9e869912458c93a5f1d75b04af12e9ce2449c7f61e030b3819
case-9d55cc1091c28ad2789b,mf-03475a566f139e77b170,LLM_assistant,no_match,,high,"Semantic packet review found no preserved CodeQL reference describing the same root defect. Similar files, categories, or nearby lines were not treated as recovery; available rules were java/class-name-matches-super-class.",no_match,,author_confirmed,author_manual_review,author,614159bfd2e4cc5262f2ec384c01695dc2d4929c837fc2aa46bdabd262de2f0d
case-9d55cc1091c28ad2789b,mf-6630e14170ac1afe4afb,LLM_assistant,no_match,,high,"Semantic packet review found no preserved CodeQL reference describing the same root defect. Similar files, categories, or nearby lines were not treated as recovery; available rules were java/class-name-matches-super-class.",no_match,,author_confirmed,author_manual_review,author,d24f7e975658315c0a2956aa926878656996c128804ffc0a9e73be2a6d82c9a4
case-9ecda84deae5c45643ca,mf-29aa660d4483c948a468,LLM_assistant,no_match,,high,"Semantic packet review found no preserved CodeQL reference describing the same root defect. Similar files, categories, or nearby lines were not treated as recovery; available rules were py/empty-except.",no_match,,author_confirmed,author_manual_review,author,b55292abcbf37400ecaa7a98836a843057f85375067819559089713dccba3911
case-9ecda84deae5c45643ca,mf-ccadc6455a7dbe3c4f5a,LLM_assistant,related_distinct,,medium,"Semantic packet review placed the reviewer finding in the same component or causal neighbourhood as the preserved CodeQL alert set (py/empty-except), but the failure condition and required fix are materially different.",related_distinct,,author_confirmed,author_manual_review,author,2e11f8204f487f68da7aa3ea3354956e3bc825d2c8ac160c389cf90865f31d7e
case-9ecda84deae5c45643ca,mf-0da7da7c1b8ea28bacc5,LLM_assistant,no_match,,high,"Semantic packet review found no preserved CodeQL reference describing the same root defect. Similar files, categories, or nearby lines were not treated as recovery; available rules were py/empty-except.",no_match,,author_confirmed,author_manual_review,author,b217eb4cb7816c90e15f82cbe456b36d99ea507c1fd0c484b3ac1005bec925f0
case-9ecda84deae5c45643ca,mf-90b6f4f6d8ae5fb0d2c1,LLM_assistant,no_match,,high,"Semantic packet review found no preserved CodeQL reference describing the same root defect. Similar files, categories, or nearby lines were not treated as recovery; available rules were py/empty-except.",no_match,,author_confirmed,author_manual_review,author,e80e28828124305adb6558645e0ddf953ebea6e9e17e767cc38210d08a88de0a
case-9ecda84deae5c45643ca,mf-2545c9e3a4af622c5aa8,LLM_assistant,no_match,,high,"Semantic packet review found no preserved CodeQL reference describing the same root defect. Similar files, categories, or nearby lines were not treated as recovery; available rules were py/empty-except.",no_match,,author_confirmed,author_manual_review,author,6145fa531abf4e7b1a360f9908727e69e7f99f6a41c33a98f9a1534e1ab1a06f
case-9ecda84deae5c45643ca,mf-84708a447db577378b3c,LLM_assistant,no_match,,high,"Semantic packet review found no preserved CodeQL reference describing the same root defect. Similar files, categories, or nearby lines were not treated as recovery; available rules were py/empty-except.",no_match,,author_confirmed,author_manual_review,author,203ca9c5e46a42becc5f1d3ebd08f75b47df287837389805c8c605641d8a911a
case-9ecda84deae5c45643ca,mf-d2755b58a4f482821e9a,LLM_assistant,same_issue,sf-e1086cd1d7f07720b8f6,high,Both identify the empty exception handler that silently ignores JSONDecodeError.,same_issue,sf-e1086cd1d7f07720b8f6,author_confirmed,author_manual_review,author,f96ebe77efed3915872c6b58470da9461879785439cba35802775935dd6bca38
case-9f4690cc7d4420be0c68,mf-45ed5424676439c2af64,LLM_assistant,same_issue,sf-2093911c47d6ba072532,high,Both identify the allowSubdomains block as unreachable.,same_issue,sf-2093911c47d6ba072532,author_confirmed,author_manual_review,author,2b0b890aa206cd2422493a2e4b6625a55f80502248a6f484f5d7603b6866a45a
case-9f4690cc7d4420be0c68,mf-f53c31d862635d71767e,LLM_assistant,related_distinct,,medium,"Semantic packet review placed the reviewer finding in the same component or causal neighbourhood as the preserved CodeQL alert set (js/unreachable-statement), but the failure condition and required fix are materially different.",related_distinct,,author_confirmed,author_manual_review,author,3cb70d2bd0062990aed0502a770e3990a696f8df3e391de215ab65f5ec484e40
case-9f8fcb774f327764ac98,mf-6d1aeabf26770fb0908e,LLM_assistant,related_distinct,,medium,"Semantic packet review placed the reviewer finding in the same component or causal neighbourhood as the preserved CodeQL alert set (py/not-named-self), but the failure condition and required fix are materially different.",related_distinct,,author_confirmed,author_manual_review,author,7610be9f5715450993c2284ba7591192c46fc3d672bce74619aa5069693033aa
case-9f8fcb774f327764ac98,mf-d686255708eab358aa24,LLM_assistant,no_match,,high,"Semantic packet review found no preserved CodeQL reference describing the same root defect. Similar files, categories, or nearby lines were not treated as recovery; available rules were py/not-named-self.",no_match,,author_confirmed,author_manual_review,author,33067f0b4265f76ae6c6968f1d47d94a7c3334f79cbf2c44e5504c88cacd214a
case-9f8fcb774f327764ac98,mf-2a1ef82d4f2090acd548,LLM_assistant,no_match,,high,"Semantic packet review found no preserved CodeQL reference describing the same root defect. Similar files, categories, or nearby lines were not treated as recovery; available rules were py/not-named-self.",no_match,,author_confirmed,author_manual_review,author,566830aa53ce5249f47251dc4fd22d9a23fc49d9a61e1c4284f25f7b9159f0a9
case-9f8fcb774f327764ac98,mf-3fc52211b7cc1c14c1a7,LLM_assistant,no_match,,high,"Semantic packet review found no preserved CodeQL reference describing the same root defect. Similar files, categories, or nearby lines were not treated as recovery; available rules were py/not-named-self.",no_match,,author_confirmed,author_manual_review,author,2c8e153339fae63d32e917468446df7df6699546c08517b80edfe76a6ebb0d46
case-9f8fcb774f327764ac98,mf-81cd302339f5af197039,LLM_assistant,no_match,,high,"Semantic packet review found no preserved CodeQL reference describing the same root defect. Similar files, categories, or nearby lines were not treated as recovery; available rules were py/not-named-self.",no_match,,author_confirmed,author_manual_review,author,2c559264ace99819533377546e1801f73ca7c1ee7707b82660f951350b9841a3
case-9f8fcb774f327764ac98,mf-f1e9b514b3eb01986c89,LLM_assistant,no_match,,high,"Semantic packet review found no preserved CodeQL reference describing the same root defect. Similar files, categories, or nearby lines were not treated as recovery; available rules were py/not-named-self.",no_match,,author_confirmed,author_manual_review,author,f80c795cd69930df9203990560907c4b94d0df20891b41eb830cebb2808d5f78
case-9f8fcb774f327764ac98,mf-131f11ca0d7dd33087ae,LLM_assistant,no_match,,high,"Semantic packet review found no preserved CodeQL reference describing the same root defect. Similar files, categories, or nearby lines were not treated as recovery; available rules were py/not-named-self.",no_match,,author_confirmed,author_manual_review,author,c51f356dc4dc93eda3321f21029b33f050d0611be6c9881a63ed3679b9a0c273
case-9f8fcb774f327764ac98,mf-28ad222924bb6032655f,LLM_assistant,no_match,,high,"Semantic packet review found no preserved CodeQL reference describing the same root defect. Similar files, categories, or nearby lines were not treated as recovery; available rules were py/not-named-self.",no_match,,author_confirmed,author_manual_review,author,c2cc233fbe9c6537ac6c11b0babf67e5038c6f1ea05024a5e8b097a4ab3b3552
case-9fc71d49b20c11c24094,mf-86e9ef9a46449938610f,LLM_assistant,related_distinct,,medium,"Semantic packet review placed the reviewer finding in the same component or causal neighbourhood as the preserved CodeQL alert set (py/mixed-returns), but the failure condition and required fix are materially different.",related_distinct,,author_confirmed,author_manual_review,author,22acd25969189bf728fe020c8cb6513da4921b1c1a1162cd59ed1a298af5d318
case-9fc71d49b20c11c24094,mf-ea2143b43d6c648cd7d5,LLM_assistant,no_match,,high,"Semantic packet review found no preserved CodeQL reference describing the same root defect. Similar files, categories, or nearby lines were not treated as recovery; available rules were py/mixed-returns.",no_match,,author_confirmed,author_manual_review,author,b2badebef914130f34d0f7b1289062ba01314e7b5a23f5aefcecbcb5f2ace84c
case-a312421c7f686d168d04,mf-84aaa0c70d433042f5d5,LLM_assistant,no_match,,high,"Semantic packet review found no preserved CodeQL reference describing the same root defect. Similar files, categories, or nearby lines were not treated as recovery; available rules were py/illegal-raise.",no_match,,author_confirmed,author_manual_review,author,78fd8f2fb17587615bd1efc62d440c246eaf880a981d8a5b7a84988e22a93779
case-a312421c7f686d168d04,mf-07d8e1ee6e4065c79559,LLM_assistant,related_distinct,,medium,"Semantic packet review placed the reviewer finding in the same component or causal neighbourhood as the preserved CodeQL alert set (py/illegal-raise), but the failure condition and required fix are materially different.",related_distinct,,author_confirmed,author_manual_review,author,d83e26b31c78b07e7aeaae7557886e4df4992e2e6ba18b91a1187987c963ddb5
case-a312421c7f686d168d04,mf-97232908a780bcf2aa31,LLM_assistant,related_distinct,,medium,"Semantic packet review placed the reviewer finding in the same component or causal neighbourhood as the preserved CodeQL alert set (py/illegal-raise), but the failure condition and required fix are materially different.",related_distinct,,author_confirmed,author_manual_review,author,e5862c79a4b9bfa68c714857f5a077d5a0695a4ca52b7e93e6b9548e1d69f43a
case-a312421c7f686d168d04,mf-c56876a04ec3dac33d57,LLM_assistant,related_distinct,,medium,"Semantic packet review placed the reviewer finding in the same component or causal neighbourhood as the preserved CodeQL alert set (py/illegal-raise), but the failure condition and required fix are materially different.",related_distinct,,author_confirmed,author_manual_review,author,248af356427ae45fa820897ff0d71ea8c3b813fff6970294dab5ea33423f5d68
case-a312421c7f686d168d04,mf-60f1d7ac2603107cd06e,LLM_assistant,related_distinct,,medium,"Semantic packet review placed the reviewer finding in the same component or causal neighbourhood as the preserved CodeQL alert set (py/illegal-raise), but the failure condition and required fix are materially different.",related_distinct,,author_confirmed,author_manual_review,author,6190e1d5e578faf2e437ebab2b503f6497a9af9464af5c49c2a66018cfe03bac
case-aafc976b852cd121ef7e,mf-ea3d6176b08e0b158966,LLM_assistant,no_match,,high,"Semantic packet review found no preserved CodeQL reference describing the same root defect. Similar files, categories, or nearby lines were not treated as recovery; available rules were py/clear-text-logging-sensitive-data, py/inheritance/signature-mismatch.",no_match,,author_confirmed,author_manual_review,author,06d1406b382957cbc9502f66e0fdd1785042e141e7db6d6cc95ad0cbc4643974
case-aafc976b852cd121ef7e,mf-d7fdc1bb492ba279c513,LLM_assistant,no_match,,high,"Semantic packet review found no preserved CodeQL reference describing the same root defect. Similar files, categories, or nearby lines were not treated as recovery; available rules were py/clear-text-logging-sensitive-data, py/inheritance/signature-mismatch.",no_match,,author_confirmed,author_manual_review,author,e95394c6eb46fed81c3898e45b6781ae03e802059df732f4fc7b80da4f74ddc5
case-aafc976b852cd121ef7e,mf-707aabd9b57a16bb48c8,LLM_assistant,no_match,,high,"Semantic packet review found no preserved CodeQL reference describing the same root defect. Similar files, categories, or nearby lines were not treated as recovery; available rules were py/clear-text-logging-sensitive-data, py/inheritance/signature-mismatch.",no_match,,author_confirmed,author_manual_review,author,da466403f6094e7ac542e483fe767f67b7153ae53baa6b81702914cc6b9f98dc
case-aafc976b852cd121ef7e,mf-7bdd8b686e3908da9bd6,LLM_assistant,no_match,,high,"Semantic packet review found no preserved CodeQL reference describing the same root defect. Similar files, categories, or nearby lines were not treated as recovery; available rules were py/clear-text-logging-sensitive-data, py/inheritance/signature-mismatch.",no_match,,author_confirmed,author_manual_review,author,0be96e1cf50705bffde728dcdfcaa088be4af5d6a94abae84d66de73765e9796
case-aafc976b852cd121ef7e,mf-cfb58197d2ab6dc3d034,LLM_assistant,related_distinct,,medium,"Semantic packet review placed the reviewer finding in the same component or causal neighbourhood as the preserved CodeQL alert set (py/clear-text-logging-sensitive-data, py/inheritance/signature-mismatch), but the failure condition and required fix are materially different.",related_distinct,,author_confirmed,author_manual_review,author,12134e06454253700250b9c90dd57075a66fa44e777cb8d4b70102bbf726615f
case-aafc976b852cd121ef7e,mf-143433eec9e8fef3f60d,LLM_assistant,no_match,,high,"Semantic packet review found no preserved CodeQL reference describing the same root defect. Similar files, categories, or nearby lines were not treated as recovery; available rules were py/clear-text-logging-sensitive-data, py/inheritance/signature-mismatch.",no_match,,author_confirmed,author_manual_review,author,87c7680d2578e62ec49c4aa3bb0fb073c8dade5e431a74e59f3131e6aa89a0f8
case-aafc976b852cd121ef7e,mf-7801d14c6be671131956,LLM_assistant,no_match,,high,"Semantic packet review found no preserved CodeQL reference describing the same root defect. Similar files, categories, or nearby lines were not treated as recovery; available rules were py/clear-text-logging-sensitive-data, py/inheritance/signature-mismatch.",no_match,,author_confirmed,author_manual_review,author,3de08745a7eedc66b77a21e301b8280e87ae76f285074f73d9a602f9e523a9fb
case-aafc976b852cd121ef7e,mf-c2f73265655d6a40d040,LLM_assistant,no_match,,high,"Semantic packet review found no preserved CodeQL reference describing the same root defect. Similar files, categories, or nearby lines were not treated as recovery; available rules were py/clear-text-logging-sensitive-data, py/inheritance/signature-mismatch.",no_match,,author_confirmed,author_manual_review,author,59c1133f4570bc3b7599a3b284b1ba883320c5a80600f6a0bf905536009c1523
case-b0fb6829dda02eb08ec0,mf-3a1e5145a172d3760fdc,LLM_assistant,no_match,,high,"Semantic packet review found no preserved CodeQL reference describing the same root defect. Similar files, categories, or nearby lines were not treated as recovery; available rules were py/cyclic-import.",no_match,,author_confirmed,author_manual_review,author,060c20e69318b27b6a1edf0e39788821f4b22dac471d002eb0a4ab60bd273326
case-b0fb6829dda02eb08ec0,mf-212835e9e3b1c8453b89,LLM_assistant,no_match,,high,"Semantic packet review found no preserved CodeQL reference describing the same root defect. Similar files, categories, or nearby lines were not treated as recovery; available rules were py/cyclic-import.",no_match,,author_confirmed,author_manual_review,author,c6624084253733f16d5b1bb52d38785f80f670ca1f4c7a7fa0ffc92a6250f221
case-b0fb6829dda02eb08ec0,mf-15d72922ec2a3877b2e0,LLM_assistant,no_match,,high,"Semantic packet review found no preserved CodeQL reference describing the same root defect. Similar files, categories, or nearby lines were not treated as recovery; available rules were py/cyclic-import.",no_match,,author_confirmed,author_manual_review,author,46d23650193002f113b254377b42934711ac5ebadaafbc82c95efb57f7da5f31
case-bd12d899319fd7a1cd2e,mf-5db3004ed6c126931e34,LLM_assistant,no_match,,high,"Semantic packet review found no preserved CodeQL reference describing the same root defect. Similar files, categories, or nearby lines were not treated as recovery; available rules were js/trivial-conditional.",no_match,,author_confirmed,author_manual_review,author,8cbfe7e221f969b6c97c6632b710c64ba6691ca964bc0861832c099bd9d2d4d8
case-bd12d899319fd7a1cd2e,mf-fcb467f50ecea0bb0a8a,LLM_assistant,no_match,,high,"Semantic packet review found no preserved CodeQL reference describing the same root defect. Similar files, categories, or nearby lines were not treated as recovery; available rules were js/trivial-conditional.",no_match,,author_confirmed,author_manual_review,author,7e87e8f886640c549325c71e5f18e9e3186bb22e55a518c4e1b45a6643f430b5
case-bd12d899319fd7a1cd2e,mf-4be826c53bdd16846712,LLM_assistant,no_match,,high,"Semantic packet review found no preserved CodeQL reference describing the same root defect. Similar files, categories, or nearby lines were not treated as recovery; available rules were js/trivial-conditional.",no_match,,author_confirmed,author_manual_review,author,fa4272942382dc71bf7ee2fdbfa6b5d1cf311490b262b2dfe7ef69590ca2918e
case-bd5b217579b468056361,mf-a4375fa96141362ac526,LLM_assistant,no_match,,high,"Semantic packet review found no preserved CodeQL reference describing the same root defect. Similar files, categories, or nearby lines were not treated as recovery; available rules were py/commented-out-code.",no_match,,author_confirmed,author_manual_review,author,20e7e01c8e60a7530feb10e309b9401dece4e3af684b6d05f6cfb4f55a06f9b4
case-bd5b217579b468056361,mf-0df25e44750471402ab3,LLM_assistant,no_match,,high,"Semantic packet review found no preserved CodeQL reference describing the same root defect. Similar files, categories, or nearby lines were not treated as recovery; available rules were py/commented-out-code.",no_match,,author_confirmed,author_manual_review,author,de634995718c9946b64ed3a3990ae4be37ee60e83e947e927cbee56d4e7ccd04
case-bd5b217579b468056361,mf-9d3090cac65d206b6fcb,LLM_assistant,no_match,,high,"Semantic packet review found no preserved CodeQL reference describing the same root defect. Similar files, categories, or nearby lines were not treated as recovery; available rules were py/commented-out-code.",no_match,,author_confirmed,author_manual_review,author,43706bfbbd202ed7eba945b54e73ee7ee5dd360d02b72fd99c7ebca977410f4c
case-bd5b217579b468056361,mf-56be8a06d02102fa15e9,LLM_assistant,no_match,,high,"Semantic packet review found no preserved CodeQL reference describing the same root defect. Similar files, categories, or nearby lines were not treated as recovery; available rules were py/commented-out-code.",no_match,,author_confirmed,author_manual_review,author,70e570d9475b7bff757a6283ffc47f0c6dda6dad6f8dfd619c5513349487f279
case-bd5b217579b468056361,mf-092eaf587012b3bfaa55,LLM_assistant,same_issue,sf-9bd12a3a7915c4b27d1d,high,"Semantic packet review found that the reviewer describes the same underlying defect as the matched CodeQL alert. The reviewer's primary location is downstream or on a causally linked declaration, so strict location matching missed it.",same_issue,sf-9bd12a3a7915c4b27d1d,author_confirmed,author_manual_review,author,e65a949640ed5544838ffb643925bb9c38c89bd361e165083b4425b8d6f38415
case-bd5b217579b468056361,mf-9f34871abcceb2ff2228,LLM_assistant,no_match,,high,"Semantic packet review found no preserved CodeQL reference describing the same root defect. Similar files, categories, or nearby lines were not treated as recovery; available rules were py/commented-out-code.",no_match,,author_confirmed,author_manual_review,author,b6f951083bc9f7f506753318087ea26dba0115abb15e099dc91fdea049bdd6f1
case-bd5b217579b468056361,mf-87f978dd638da8a0356c,LLM_assistant,no_match,,high,"Semantic packet review found no preserved CodeQL reference describing the same root defect. Similar files, categories, or nearby lines were not treated as recovery; available rules were py/commented-out-code.",no_match,,author_confirmed,author_manual_review,author,1906d1e918c9f26eb2ab7e213c49bb97255e0ab782ca3fde3b15bc2d480b1543
case-bdc46ccfb585e0813fba,mf-3eed06114b19097d8f81,LLM_assistant,no_match,,high,"Semantic packet review found no preserved CodeQL reference describing the same root defect. Similar files, categories, or nearby lines were not treated as recovery; available rules were js/automatic-semicolon-insertion.",no_match,,author_confirmed,author_manual_review,author,68868dcbe8ffbdcd373a9a0bd4915c18530533654424c3bc48f4c73d541b53d3
case-bdc46ccfb585e0813fba,mf-0a38965bf9c50bc54895,LLM_assistant,related_distinct,,medium,"Semantic packet review placed the reviewer finding in the same component or causal neighbourhood as the preserved CodeQL alert set (js/automatic-semicolon-insertion), but the failure condition and required fix are materially different.",related_distinct,,author_confirmed,author_manual_review,author,52f6093b25c1a499f11c90d3dffb9d04a7a98088601c87293db70e2b34306696
case-bdc46ccfb585e0813fba,mf-d7f7abc898dc93355f0d,LLM_assistant,no_match,,high,"Semantic packet review found no preserved CodeQL reference describing the same root defect. Similar files, categories, or nearby lines were not treated as recovery; available rules were js/automatic-semicolon-insertion.",no_match,,author_confirmed,author_manual_review,author,0ee1803cdeecb9c31e8596c2b87dbc35e395af007c8eb1a7dc718c91be0a69a5
case-bdc46ccfb585e0813fba,mf-596581936e7c507bf3ee,LLM_assistant,related_distinct,,medium,"Semantic packet review placed the reviewer finding in the same component or causal neighbourhood as the preserved CodeQL alert set (js/automatic-semicolon-insertion), but the failure condition and required fix are materially different.",related_distinct,,author_confirmed,author_manual_review,author,3c67e03dc7f485479c8f6f975924b0f5d4dbac269963f9aee098cadd68b58e49
case-bdc46ccfb585e0813fba,mf-e00f626b4add2cdf554b,LLM_assistant,no_match,,high,"Semantic packet review found no preserved CodeQL reference describing the same root defect. Similar files, categories, or nearby lines were not treated as recovery; available rules were js/automatic-semicolon-insertion.",no_match,,author_confirmed,author_manual_review,author,00534aa4139f83991ddbc763255a5f5f15993c516298d3bf5bee68919b27c924
case-be4814e7e2c136ec014f,mf-5a95ebef3151533efd1a,LLM_assistant,no_match,,high,"Semantic packet review found no preserved CodeQL reference describing the same root defect. Similar files, categories, or nearby lines were not treated as recovery; available rules were js/automatic-semicolon-insertion.",no_match,,author_confirmed,author_manual_review,author,d003ddb209a85f558ab1379362c60dcf303e2829809182b49bc143b3d3808fe1
case-be4814e7e2c136ec014f,mf-76b05e8f3cb26d92235f,LLM_assistant,no_match,,high,"Semantic packet review found no preserved CodeQL reference describing the same root defect. Similar files, categories, or nearby lines were not treated as recovery; available rules were js/automatic-semicolon-insertion.",no_match,,author_confirmed,author_manual_review,author,2dcbcc893c9f7a9fa587e2ceaaa0fdf6e892e59c9ea3f6fb71c9b36b539a9393
case-be4814e7e2c136ec014f,mf-887ed8fd660dc33a68ab,LLM_assistant,no_match,,high,"Semantic packet review found no preserved CodeQL reference describing the same root defect. Similar files, categories, or nearby lines were not treated as recovery; available rules were js/automatic-semicolon-insertion.",no_match,,author_confirmed,author_manual_review,author,033ba1c00caa67ed8875c8e4f8e4805b504ab06d52e2e01da8b2e2777e4d7910
case-be4814e7e2c136ec014f,mf-2a433dd97a431ddbd703,LLM_assistant,no_match,,high,"Semantic packet review found no preserved CodeQL reference describing the same root defect. Similar files, categories, or nearby lines were not treated as recovery; available rules were js/automatic-semicolon-insertion.",no_match,,author_confirmed,author_manual_review,author,1654cdbdb876e2d8f494861d9119ae5c97898d4e387f08c7cbf55c1d562865ed
case-be4814e7e2c136ec014f,mf-1d7317540d2145d19b35,LLM_assistant,no_match,,high,"Semantic packet review found no preserved CodeQL reference describing the same root defect. Similar files, categories, or nearby lines were not treated as recovery; available rules were js/automatic-semicolon-insertion.",no_match,,author_confirmed,author_manual_review,author,88634f568059cf8d71807875889c75f81bbfe75aa7170826e531d1e99c7fceb8
case-bf504bf40300ad6e13d5,mf-df92e079267ba44a31f0,LLM_assistant,no_match,,high,"Semantic packet review found no preserved CodeQL reference describing the same root defect. Similar files, categories, or nearby lines were not treated as recovery; available rules were py/side-effect-in-assert.",no_match,,author_confirmed,author_manual_review,author,4ec2ad5bf3dfef9af16d2021a47f172bf9fab435a2c26b385828b6ed18c47315
case-bf504bf40300ad6e13d5,mf-bef1ddadeca1c2d6c267,LLM_assistant,no_match,,high,"Semantic packet review found no preserved CodeQL reference describing the same root defect. Similar files, categories, or nearby lines were not treated as recovery; available rules were py/side-effect-in-assert.",no_match,,author_confirmed,author_manual_review,author,3290cde638c5b5fd7cd90f9a09ee8aa10a41096ffda1a4164a4d4e26ffb8b75f
case-bf504bf40300ad6e13d5,mf-8c0a97fcd0754f6483b7,LLM_assistant,related_distinct,,medium,"Semantic packet review placed the reviewer finding in the same component or causal neighbourhood as the preserved CodeQL alert set (py/side-effect-in-assert), but the failure condition and required fix are materially different.",related_distinct,,author_confirmed,author_manual_review,author,d19604acfd6efc1eb0f7f9a9b93a4a45349b766b354333fbe1c166c6d4e7a11d
case-c1c67da67371cc6f4e74,mf-5418f62a8e47ef4ed808,LLM_assistant,no_match,,high,"Semantic packet review found no preserved CodeQL reference describing the same root defect. Similar files, categories, or nearby lines were not treated as recovery; available rules were py/cyclic-import.",no_match,,author_confirmed,author_manual_review,author,88fe13ae7af11283fd7aff2ef46fce99ee52370a93a763adfe4d780ef279bad9
case-c1c67da67371cc6f4e74,mf-264574f2284c7d223bf1,LLM_assistant,related_distinct,,medium,"Semantic packet review placed the reviewer finding in the same component or causal neighbourhood as the preserved CodeQL alert set (py/cyclic-import), but the failure condition and required fix are materially different.",related_distinct,,author_confirmed,author_manual_review,author,6ca186ed6da4f8285576b2bc28828c99c66f9c62d28622d06f2b57dd71946995
case-c1c67da67371cc6f4e74,mf-4d26b8364d53ae6cf2a6,LLM_assistant,related_distinct,,medium,"Semantic packet review placed the reviewer finding in the same component or causal neighbourhood as the preserved CodeQL alert set (py/cyclic-import), but the failure condition and required fix are materially different.",related_distinct,,author_confirmed,author_manual_review,author,1a071245d3c6d4de0025640299958fa3b30a40ebf27e6e1524d9e2331b39e4cb
case-c1f71d6f3f82b8cb893c,mf-9b34ea1c95eb06159684,LLM_assistant,same_issue,sf-69416ecdc65b7d2e254f,high,Both identify the broad exception handler with a pass body that silently discards macro-processing failures.,same_issue,sf-69416ecdc65b7d2e254f,author_confirmed,author_manual_review,author,e35ad4851ce3a1e6a05173c186cf96aca245eba1d0e3886c53b2d3abac33719f
case-c1f71d6f3f82b8cb893c,mf-a55f18e96800aefe9ec3,LLM_assistant,no_match,,high,"Semantic packet review found no preserved CodeQL reference describing the same root defect. Similar files, categories, or nearby lines were not treated as recovery; available rules were py/empty-except.",no_match,,author_confirmed,author_manual_review,author,3d75109b644382b49e020ef6787a79febbb0aee0c9f4d12eb6518e2d4df49637
case-c4848de88db37b12c136,mf-e31c0f771720a0bbfc75,LLM_assistant,no_match,,high,"Semantic packet review found no preserved CodeQL reference describing the same root defect. Similar files, categories, or nearby lines were not treated as recovery; available rules were py/mixed-tuple-returns.",no_match,,author_confirmed,author_manual_review,author,770ee615b950b164da0511d5bacf00bffaaaa4cdc980a806714bc4c82a73ef6c
case-c4848de88db37b12c136,mf-9a205bc4af9cf209e505,LLM_assistant,no_match,,high,"Semantic packet review found no preserved CodeQL reference describing the same root defect. Similar files, categories, or nearby lines were not treated as recovery; available rules were py/mixed-tuple-returns.",no_match,,author_confirmed,author_manual_review,author,2fa7cbcb4a79a75fce6850651369d69b5f0437f9e88de3eca20af55748908cc8
case-c4848de88db37b12c136,mf-c7ed00226aebee386cea,LLM_assistant,no_match,,high,"Semantic packet review found no preserved CodeQL reference describing the same root defect. Similar files, categories, or nearby lines were not treated as recovery; available rules were py/mixed-tuple-returns.",no_match,,author_confirmed,author_manual_review,author,e903c1e30ee990d1f8f78768769c234bea1d7d4ed05c3434e1581575aa26f573
case-c4848de88db37b12c136,mf-186d9143625aa97f999f,LLM_assistant,no_match,,high,"Semantic packet review found no preserved CodeQL reference describing the same root defect. Similar files, categories, or nearby lines were not treated as recovery; available rules were py/mixed-tuple-returns.",no_match,,author_confirmed,author_manual_review,author,bf1e63a6d090c291821a01385cfd350d9fb5ad46ac9bfca5290407c9156b3653
case-c4848de88db37b12c136,mf-2dab483d5800b65289a3,LLM_assistant,no_match,,high,"Semantic packet review found no preserved CodeQL reference describing the same root defect. Similar files, categories, or nearby lines were not treated as recovery; available rules were py/mixed-tuple-returns.",no_match,,author_confirmed,author_manual_review,author,f0ca93c98adc6b7b23d6f0e2389285b631590630389d7f7e6d6d2df8fb440d43
case-c4848de88db37b12c136,mf-4b2f41fdb1b9ac571330,LLM_assistant,no_match,,high,"Semantic packet review found no preserved CodeQL reference describing the same root defect. Similar files, categories, or nearby lines were not treated as recovery; available rules were py/mixed-tuple-returns.",no_match,,author_confirmed,author_manual_review,author,0daf2c4e61fc91bd63c7358916625a77bd6c7bb480953ce160de8eab58be1c81
case-cdcb44d35c9fd57cf181,mf-bb952e0db1edf51f3ce8,LLM_assistant,no_match,,high,"Semantic packet review found no preserved CodeQL reference describing the same root defect. Similar files, categories, or nearby lines were not treated as recovery; available rules were js/automatic-semicolon-insertion.",no_match,,author_confirmed,author_manual_review,author,c60c0c2a42cc54909921c4a0870988415d45b2b58898127ba422364d39856dbf
case-cdcb44d35c9fd57cf181,mf-c9f3b1945a2b60103307,LLM_assistant,no_match,,high,"Semantic packet review found no preserved CodeQL reference describing the same root defect. Similar files, categories, or nearby lines were not treated as recovery; available rules were js/automatic-semicolon-insertion.",no_match,,author_confirmed,author_manual_review,author,839f6a040a672736af52b05c10dcee0f973abe56d3bd16c41d0468412b08987c
case-cdcb44d35c9fd57cf181,mf-d3a41440f14741d96eb2,LLM_assistant,no_match,,high,"Semantic packet review found no preserved CodeQL reference describing the same root defect. Similar files, categories, or nearby lines were not treated as recovery; available rules were js/automatic-semicolon-insertion.",no_match,,author_confirmed,author_manual_review,author,be29716c4d0d8658a02b00bcf14725469b512a2c824b3168b057ac7be4f090aa
case-cdcb44d35c9fd57cf181,mf-ddd8b29fac46cac2ce0c,LLM_assistant,no_match,,high,"Semantic packet review found no preserved CodeQL reference describing the same root defect. Similar files, categories, or nearby lines were not treated as recovery; available rules were js/automatic-semicolon-insertion.",no_match,,author_confirmed,author_manual_review,author,686c64cd7bbda3153a31f53f4a98d6e02d9da52e0268a5dc1f72f767940f931b
case-cdcb44d35c9fd57cf181,mf-a43a628a606c18d0c92b,LLM_assistant,no_match,,high,"Semantic packet review found no preserved CodeQL reference describing the same root defect. Similar files, categories, or nearby lines were not treated as recovery; available rules were js/automatic-semicolon-insertion.",no_match,,author_confirmed,author_manual_review,author,aec87de88d76b1885cf113fd0feaab4906b820781134c20551062f630983e2ca
case-cdcb44d35c9fd57cf181,mf-491a3667c425d509e538,LLM_assistant,no_match,,high,"Semantic packet review found no preserved CodeQL reference describing the same root defect. Similar files, categories, or nearby lines were not treated as recovery; available rules were js/automatic-semicolon-insertion.",no_match,,author_confirmed,author_manual_review,author,25ffe9211027b179414119476badff2f1fcdd2e0ca3c5b4e9b840dd46342efa9
case-cdcb44d35c9fd57cf181,mf-8b82d7d112cae7dfbe12,LLM_assistant,no_match,,high,"Semantic packet review found no preserved CodeQL reference describing the same root defect. Similar files, categories, or nearby lines were not treated as recovery; available rules were js/automatic-semicolon-insertion.",no_match,,author_confirmed,author_manual_review,author,e8833d59d7815dc950f29db927cb614c60756fad5ff3d039a9e9fa318db9f69a
case-cdcb44d35c9fd57cf181,mf-cebbd1c922485b5f3f60,LLM_assistant,no_match,,high,"Semantic packet review found no preserved CodeQL reference describing the same root defect. Similar files, categories, or nearby lines were not treated as recovery; available rules were js/automatic-semicolon-insertion.",no_match,,author_confirmed,author_manual_review,author,c8447b9a037707d20dacfda67efc5468ba0ecd5a9a8db385c6d669ed4925261b
case-d316f6c41322a9e21b99,mf-dbbc00174bc1de6c19a9,LLM_assistant,no_match,,high,"Semantic packet review found no preserved CodeQL reference describing the same root defect. Similar files, categories, or nearby lines were not treated as recovery; available rules were py/unsafe-cyclic-import.",no_match,,author_confirmed,author_manual_review,author,9b922e0c5d404e3c301d762bbdd21c4aa17140a9551b77f7f2bd9ccad4c84586
case-dd8a6cbe3c950793b3a1,mf-cef43247e30358f1d9d4,LLM_assistant,same_issue,sf-80a69a188f9920e6084e,high,Both identify the empty broad exception handler in get_macros.,same_issue,sf-80a69a188f9920e6084e,author_confirmed,author_manual_review,author,b8abba1a75dbc5a3ccede5cef170affab3509dd881038c6076068d2174298b75
case-dd8a6cbe3c950793b3a1,mf-aaa0f9db8044d3e0a727,LLM_assistant,no_match,,high,"Semantic packet review found no preserved CodeQL reference describing the same root defect. Similar files, categories, or nearby lines were not treated as recovery; available rules were py/cyclic-import, py/empty-except.",no_match,,author_confirmed,author_manual_review,author,f359d0dfb3945e501b994ce4d075534afc0af22efe41977762350e52d9386b69
case-dd8a6cbe3c950793b3a1,mf-000c4a27071a30d5da59,LLM_assistant,related_distinct,,medium,"Semantic packet review placed the reviewer finding in the same component or causal neighbourhood as the preserved CodeQL alert set (py/cyclic-import, py/empty-except), but the failure condition and required fix are materially different.",related_distinct,,author_confirmed,author_manual_review,author,2154ed16771672d8ab3d9ef194e6db192069a58f26f1e8d97d89ad095bab7dca
case-dd8a6cbe3c950793b3a1,mf-5d615f5d6ec319a1bce0,LLM_assistant,related_distinct,,medium,"Semantic packet review placed the reviewer finding in the same component or causal neighbourhood as the preserved CodeQL alert set (py/cyclic-import, py/empty-except), but the failure condition and required fix are materially different.",related_distinct,,author_confirmed,author_manual_review,author,fe40765cea9a9b759b2c26c0aa7cbcbc78edf9a7ccfd2627576a527c1f36d85a
case-dd8a6cbe3c950793b3a1,mf-38cf6c485080f4647746,LLM_assistant,no_match,,high,"Semantic packet review found no preserved CodeQL reference describing the same root defect. Similar files, categories, or nearby lines were not treated as recovery; available rules were py/cyclic-import, py/empty-except.",no_match,,author_confirmed,author_manual_review,author,a4e238f9d6c8cd571a4ebb7c89fecc3fdbc162e093f30def11c551c8137ce9c7
case-dd8a6cbe3c950793b3a1,mf-890a7ef771f7530aa907,LLM_assistant,no_match,,high,"Semantic packet review found no preserved CodeQL reference describing the same root defect. Similar files, categories, or nearby lines were not treated as recovery; available rules were py/cyclic-import, py/empty-except.",no_match,,author_confirmed,author_manual_review,author,c5ab7bcc2374679b5563e21ce1c401a68c1054e31a59b1ecdc26edea09c3249f
case-de715ff30c32d51c5df9,mf-7479285c606be50e461c,LLM_assistant,related_distinct,,medium,"Semantic packet review placed the reviewer finding in the same component or causal neighbourhood as the preserved CodeQL alert set (py/undefined-export), but the failure condition and required fix are materially different.",related_distinct,,author_confirmed,author_manual_review,author,fc4db009b599da3731183ee2ce45b07bdbb0642f9da65deb8e63269928c83654
case-de715ff30c32d51c5df9,mf-5d9620da06d67955163e,LLM_assistant,no_match,,high,"Semantic packet review found no preserved CodeQL reference describing the same root defect. Similar files, categories, or nearby lines were not treated as recovery; available rules were py/undefined-export.",no_match,,author_confirmed,author_manual_review,author,87cc2e521332532bd9aa9dd72749435cd30106866609d3b083207d9487d914d4
case-de715ff30c32d51c5df9,mf-222da9e5612d4010d870,LLM_assistant,related_distinct,,medium,"Semantic packet review placed the reviewer finding in the same component or causal neighbourhood as the preserved CodeQL alert set (py/undefined-export), but the failure condition and required fix are materially different.",related_distinct,,author_confirmed,author_manual_review,author,ef29751d5201cc246a2e38ee3680996a06d7f39c2f3d91e1b45daf4a29a12fa0
case-de715ff30c32d51c5df9,mf-d53cc2c549c0aea178a5,LLM_assistant,related_distinct,,medium,"Semantic packet review placed the reviewer finding in the same component or causal neighbourhood as the preserved CodeQL alert set (py/undefined-export), but the failure condition and required fix are materially different.",related_distinct,,author_confirmed,author_manual_review,author,024d51360f54a59d04225decaf59466f818d300fef01a70fcee3ee6b3054b4be
case-de715ff30c32d51c5df9,mf-dafb2406160a2de223e7,LLM_assistant,related_distinct,,medium,"Semantic packet review placed the reviewer finding in the same component or causal neighbourhood as the preserved CodeQL alert set (py/undefined-export), but the failure condition and required fix are materially different.",related_distinct,,author_confirmed,author_manual_review,author,bd78546e151353e9d7febd8844369f171597a0e14dd426a574ffe13e228dc01f
case-e05358259ffc4ca862c7,mf-ad1cd6a0e50d377ad617,LLM_assistant,no_match,,high,"Semantic packet review found no preserved CodeQL reference describing the same root defect. Similar files, categories, or nearby lines were not treated as recovery; available rules were cpp/ambiguously-signed-bit-field.",no_match,,author_confirmed,author_manual_review,author,f53879618c369729719cd8e31f37733730859fc8075b844d3183ce06bdfb8e9c
case-e05358259ffc4ca862c7,mf-956eb14a4a5c48cb986b,LLM_assistant,no_match,,high,"Semantic packet review found no preserved CodeQL reference describing the same root defect. Similar files, categories, or nearby lines were not treated as recovery; available rules were cpp/ambiguously-signed-bit-field.",no_match,,author_confirmed,author_manual_review,author,c38287c56db3440b315f150c9518711bd4c042246b824b981864c7bd7ad4a13d
case-e1149ac47af28879db97,mf-52a47e56c5686df377d4,LLM_assistant,related_distinct,,medium,"Semantic packet review placed the reviewer finding in the same component or causal neighbourhood as the preserved CodeQL alert set (js/react/inconsistent-state-update), but the failure condition and required fix are materially different.",related_distinct,,author_confirmed,author_manual_review,author,a173e4247d7652eb50fe0de41152edfb28377dbaaea7355b433a535c325e59d4
case-e1149ac47af28879db97,mf-b92f8546fa1be585dde1,LLM_assistant,related_distinct,,medium,"Semantic packet review placed the reviewer finding in the same component or causal neighbourhood as the preserved CodeQL alert set (js/react/inconsistent-state-update), but the failure condition and required fix are materially different.",related_distinct,,author_confirmed,author_manual_review,author,d672802a02fb2bd6a77d76f5ea5a3447261a9a4f16b6389a22ec5f430acf4372
case-e1149ac47af28879db97,mf-bcf17348de6f5defc6c1,LLM_assistant,related_distinct,,medium,"Semantic packet review placed the reviewer finding in the same component or causal neighbourhood as the preserved CodeQL alert set (js/react/inconsistent-state-update), but the failure condition and required fix are materially different.",related_distinct,,author_confirmed,author_manual_review,author,332407c5884fb0522917cff86f2d7bbe28c0281fe3a7e818df9a334dd7a406f0
case-e17525ec35113f1fa642,mf-d8caefb409f9efcfcffe,LLM_assistant,no_match,,high,"Semantic packet review found no preserved CodeQL reference describing the same root defect. Similar files, categories, or nearby lines were not treated as recovery; available rules were py/unsafe-cyclic-import, py/unused-import.",no_match,,author_confirmed,author_manual_review,author,d1c09edbc549511bace35412bf88bb858bd55cf54736413fdf46b363388401d0
case-e17525ec35113f1fa642,mf-9568c7498dcdf7969dc3,LLM_assistant,no_match,,high,"Semantic packet review found no preserved CodeQL reference describing the same root defect. Similar files, categories, or nearby lines were not treated as recovery; available rules were py/unsafe-cyclic-import, py/unused-import.",no_match,,author_confirmed,author_manual_review,author,575eff40049588d439f2f8842ecf6ef4e80ff1da171770b618ff06a6ca4d58ef
case-e17525ec35113f1fa642,mf-072b311361d10f9a9d10,LLM_assistant,no_match,,high,"Semantic packet review found no preserved CodeQL reference describing the same root defect. Similar files, categories, or nearby lines were not treated as recovery; available rules were py/unsafe-cyclic-import, py/unused-import.",no_match,,author_confirmed,author_manual_review,author,30bda17a1012a0b1bd597a143ad6fe7d49dd7d16b74e3b6ec912b890591cb379
case-e17525ec35113f1fa642,mf-4564130417ca6bb5a1ed,LLM_assistant,no_match,,high,"Semantic packet review found no preserved CodeQL reference describing the same root defect. Similar files, categories, or nearby lines were not treated as recovery; available rules were py/unsafe-cyclic-import, py/unused-import.",no_match,,author_confirmed,author_manual_review,author,896eecf54f4a4203c7882d212ce5e2c83f2c760fb45a9350f21bf512ffeffcb3
case-e17525ec35113f1fa642,mf-635403fd439a1c9c7144,LLM_assistant,no_match,,high,"Semantic packet review found no preserved CodeQL reference describing the same root defect. Similar files, categories, or nearby lines were not treated as recovery; available rules were py/unsafe-cyclic-import, py/unused-import.",no_match,,author_confirmed,author_manual_review,author,362c06166d4daa82bba2391bb56b6f69ea4e20f14bf08dbd8cda2e48050d6574
case-e17525ec35113f1fa642,mf-ba25313abd1ae7ec632c,LLM_assistant,same_issue,sf-9707ddc44025d43b9420,high,Both identify the unused json import.,same_issue,sf-9707ddc44025d43b9420,author_confirmed,author_manual_review,author,c9ec30b60b02f989e5bcdb2fa0e92a63a8cc4de82aecd8c1472a3580962ec39b
case-e17525ec35113f1fa642,mf-1a65b8d48a7a0017e1c5,LLM_assistant,no_match,,high,"Semantic packet review found no preserved CodeQL reference describing the same root defect. Similar files, categories, or nearby lines were not treated as recovery; available rules were py/unsafe-cyclic-import, py/unused-import.",no_match,,author_confirmed,author_manual_review,author,20345065fae7adfd3f18e5dabee4ca8e3d9cc271da4113932505ac352c2324ec
case-e17525ec35113f1fa642,mf-c38fd549b9074a2c3ec6,LLM_assistant,no_match,,high,"Semantic packet review found no preserved CodeQL reference describing the same root defect. Similar files, categories, or nearby lines were not treated as recovery; available rules were py/unsafe-cyclic-import, py/unused-import.",no_match,,author_confirmed,author_manual_review,author,34f4256c692708eb89d3a8ca22f65fd95ed9277db2cd77301259f66978295435
case-e17525ec35113f1fa642,mf-fa4d319cea380e178815,LLM_assistant,related_distinct,,medium,"Semantic packet review placed the reviewer finding in the same component or causal neighbourhood as the preserved CodeQL alert set (py/unsafe-cyclic-import, py/unused-import), but the failure condition and required fix are materially different.",related_distinct,,author_confirmed,author_manual_review,author,b925d41a897ba073e897baec297e54cb7dc44a97816dc22007a0263204c6fe2e
case-e7abb649407ce2a06e66,mf-622a656f3bddf65c7440,LLM_assistant,no_match,,high,"Semantic packet review found no preserved CodeQL reference describing the same root defect. Similar files, categories, or nearby lines were not treated as recovery; available rules were js/trivial-conditional.",no_match,,author_confirmed,author_manual_review,author,d24125076ff4744a775363902d8c1be2b10e07740a8e600afcf4cce4ae28e718
case-e7abb649407ce2a06e66,mf-9a1aa3fd7a9fddbd10cf,LLM_assistant,related_distinct,,medium,"Semantic packet review placed the reviewer finding in the same component or causal neighbourhood as the preserved CodeQL alert set (js/trivial-conditional), but the failure condition and required fix are materially different.",related_distinct,,author_confirmed,author_manual_review,author,514a83daedf00ca6a31978842f3e5ca42fc79fa34aa4f3cbd6e33134c7bf8e36
case-e7abb649407ce2a06e66,mf-2e6078bb9b85b03916a5,LLM_assistant,no_match,,high,"Semantic packet review found no preserved CodeQL reference describing the same root defect. Similar files, categories, or nearby lines were not treated as recovery; available rules were js/trivial-conditional.",no_match,,author_confirmed,author_manual_review,author,19b7f0769e04412054b5adbab551bb7cfe391c39fac30fd11ba8be8e0a149ea4
case-e89c9074a262db9762f8,mf-bb6a3f0a23ca48b754ae,LLM_assistant,related_distinct,,medium,"Semantic packet review placed the reviewer finding in the same component or causal neighbourhood as the preserved CodeQL alert set (cpp/dead-code-goto, cpp/trivial-switch), but the failure condition and required fix are materially different.",related_distinct,,author_confirmed,author_manual_review,author,58f4399df40748c77a4a31ca67fd25f59e45b623befdb2a8727943adab7717d9
case-e89c9074a262db9762f8,mf-96b6c500864da9fdbd21,LLM_assistant,no_match,,high,"Semantic packet review found no preserved CodeQL reference describing the same root defect. Similar files, categories, or nearby lines were not treated as recovery; available rules were cpp/dead-code-goto, cpp/trivial-switch.",no_match,,author_confirmed,author_manual_review,author,279338f8dd47a5a0dbe802322a079933e033f0e43c54886c9b95b54ba450fb73
case-eb632a8157027d4e78d3,mf-897bdbf03255afd041b0,LLM_assistant,no_match,,high,"Semantic packet review found no preserved CodeQL reference describing the same root defect. Similar files, categories, or nearby lines were not treated as recovery; available rules were java/uncaught-number-format-exception.",no_match,,author_confirmed,author_manual_review,author,ec19e782a99c0b2a645116731697604ce8bbc72b5368c6645317177d3b90e4f7
case-eb632a8157027d4e78d3,mf-b6339e87579d4379bf51,LLM_assistant,same_issue,sf-b49da04053e1e5d3cbb2,high,Both identify an unguarded numeric parse that can raise NumberFormatException in hasCachedStories.,same_issue,sf-b49da04053e1e5d3cbb2,author_confirmed,author_manual_review,author,43313b4ded84628d1c8858ccb67bebb14a494004ef96f3c863a1d0d0eaca4568
case-eb632a8157027d4e78d3,mf-f03c32b68d4e07953f8d,LLM_assistant,same_issue,sf-66f43337977775ee9dbe|sf-d1d49c96d7e500dfccb1,high,The reviewer groups the adjacent unguarded Integer.parseInt and Long.parseLong operations; the two CodeQL alerts represent those same parse failures.,same_issue,sf-66f43337977775ee9dbe|sf-d1d49c96d7e500dfccb1,author_confirmed,author_manual_review,author,688ad2bbc7c015046a4dc310a05b8349402024361119489914257517dddf8f52
case-eb632a8157027d4e78d3,mf-8cc251c176acb5c9ccdc,LLM_assistant,no_match,,high,"Semantic packet review found no preserved CodeQL reference describing the same root defect. Similar files, categories, or nearby lines were not treated as recovery; available rules were java/uncaught-number-format-exception.",no_match,,author_confirmed,author_manual_review,author,19974058c2f081067edaa24e220d8854c2a82028cb64675a75d4f369d1359b43
case-eb632a8157027d4e78d3,mf-bd47f0a186492dce143f,LLM_assistant,no_match,,high,"Semantic packet review found no preserved CodeQL reference describing the same root defect. Similar files, categories, or nearby lines were not treated as recovery; available rules were java/uncaught-number-format-exception.",no_match,,author_confirmed,author_manual_review,author,068e55b33acd2a1a9ace98cfe413cbd56f5d9b4509fd8caf3dca5eaa128c85c9
case-ec595a9d4a209dd1c064,mf-7c2ab5711722b6e601de,LLM_assistant,no_match,,high,"Semantic packet review found no preserved CodeQL reference describing the same root defect. Similar files, categories, or nearby lines were not treated as recovery; available rules were js/automatic-semicolon-insertion.",no_match,,author_confirmed,author_manual_review,author,56a955e2a7323a8a73e74a595ca62ef75e0460edeac0f8286a1f85cc8229c976
case-ec595a9d4a209dd1c064,mf-81b315dd0b62a5dfacef,LLM_assistant,no_match,,high,"Semantic packet review found no preserved CodeQL reference describing the same root defect. Similar files, categories, or nearby lines were not treated as recovery; available rules were js/automatic-semicolon-insertion.",no_match,,author_confirmed,author_manual_review,author,d4dcee4d917879909726a5d4c7d6c39f2470b4ce66e1657ab87cff91c38e6277
case-ec595a9d4a209dd1c064,mf-707e54aee390bcdac268,LLM_assistant,no_match,,high,"Semantic packet review found no preserved CodeQL reference describing the same root defect. Similar files, categories, or nearby lines were not treated as recovery; available rules were js/automatic-semicolon-insertion.",no_match,,author_confirmed,author_manual_review,author,cd83c4c8ef26c90ed6a81393612d2f6810bedcd1bd562961b436ddc2ddcd1e14
case-ec595a9d4a209dd1c064,mf-1371e0a4aae6b5393e26,LLM_assistant,related_distinct,,medium,"Semantic packet review placed the reviewer finding in the same component or causal neighbourhood as the preserved CodeQL alert set (js/automatic-semicolon-insertion), but the failure condition and required fix are materially different.",related_distinct,,author_confirmed,author_manual_review,author,1726e81ac56e83916982f53e1e744296251374bd178aa9b0f2585ea253ddaed8
case-ec595a9d4a209dd1c064,mf-af2abc2075bab3c4f9cd,LLM_assistant,related_distinct,,medium,"Semantic packet review placed the reviewer finding in the same component or causal neighbourhood as the preserved CodeQL alert set (js/automatic-semicolon-insertion), but the failure condition and required fix are materially different.",related_distinct,,author_confirmed,author_manual_review,author,68d16e4c5fa64e90a0f15a6738d35162cf449027c04ebaf5db9a889c6c5a2465
case-ed9ae96c6bb9c789e7e4,mf-07406908a2ae0ef03f46,LLM_assistant,related_distinct,,medium,"Semantic packet review placed the reviewer finding in the same component or causal neighbourhood as the preserved CodeQL alert set (cpp/declaration-hides-variable), but the failure condition and required fix are materially different.",related_distinct,,author_confirmed,author_manual_review,author,803fa02edd377d73d90405db834f5bbdec8ac1c8fe6f9194a00f8eed386546ea
case-ed9ae96c6bb9c789e7e4,mf-5a95627e3134bc6cb036,LLM_assistant,related_distinct,,medium,"Semantic packet review placed the reviewer finding in the same component or causal neighbourhood as the preserved CodeQL alert set (cpp/declaration-hides-variable), but the failure condition and required fix are materially different.",related_distinct,,author_confirmed,author_manual_review,author,52b17d106e7473b71bd4915c1c2107f964d8791813ae9499e99c45c6c4a382b7
case-f6e573c08f4abfb387e2,mf-43a7f20ac62f263b829a,LLM_assistant,related_distinct,,high,The reviewer identifies loss of subclass polymorphism in adapter-name lookup. CodeQL reports mixed implicit/explicit returns in receive (sf-b08aaf1d077e3cedee32); these occur in the same method but have different failure conditions and remedies.,related_distinct,,author_confirmed,author_manual_review,author,3640381b3d343d35ae2a0b86fba5f318d4938c0aa631efa129f6c62df9a0826d
case-f6e573c08f4abfb387e2,mf-118a10b38eb10d087991,LLM_assistant,no_match,,high,"Semantic packet review found no preserved CodeQL reference describing the same root defect. Similar files, categories, or nearby lines were not treated as recovery; available rules were py/mixed-returns.",no_match,,author_confirmed,author_manual_review,author,96d8c83e42bfde41ad1c50b1a4625dcf45d7a0528a35711e7437d83f1ec8a1fb
case-f81566b1a6263aebc2fc,mf-8cc2305a4595efb7a81e,LLM_assistant,no_match,,high,"Semantic packet review found no preserved CodeQL reference describing the same root defect. Similar files, categories, or nearby lines were not treated as recovery; available rules were py/cyclic-import, py/unused-global-variable.",no_match,,author_confirmed,author_manual_review,author,d119b6c7d86d54021b755c05f7643fc4a5a2b023454c4ed5978ad71736464954
case-f81566b1a6263aebc2fc,mf-a39f8b2df762d0d5a9b5,LLM_assistant,no_match,,high,"Semantic packet review found no preserved CodeQL reference describing the same root defect. Similar files, categories, or nearby lines were not treated as recovery; available rules were py/cyclic-import, py/unused-global-variable.",no_match,,author_confirmed,author_manual_review,author,e4fc710d10fd6cad20474ac9f613a46fa36aee40bc37fa5a023bdb3cc2d58aca
case-f81566b1a6263aebc2fc,mf-f649089dd5bcec77b9cd,LLM_assistant,related_distinct,,medium,"Semantic packet review placed the reviewer finding in the same component or causal neighbourhood as the preserved CodeQL alert set (py/cyclic-import, py/unused-global-variable), but the failure condition and required fix are materially different.",related_distinct,,author_confirmed,author_manual_review,author,d911a8c0f8c1d227938dd55e4c1bf5797b192d062c8811cf17dff01f5e10c7fc
case-f81566b1a6263aebc2fc,mf-e8f9cdecec33f520bbab,LLM_assistant,related_distinct,,medium,"Semantic packet review placed the reviewer finding in the same component or causal neighbourhood as the preserved CodeQL alert set (py/cyclic-import, py/unused-global-variable), but the failure condition and required fix are materially different.",related_distinct,,author_confirmed,author_manual_review,author,cee35535c208028df54050fdb06cc686ea3dbfe1ce8a053c692b2bca29e60608
case-f81566b1a6263aebc2fc,mf-2583b6801488bcd56e31,LLM_assistant,no_match,,high,"Semantic packet review found no preserved CodeQL reference describing the same root defect. Similar files, categories, or nearby lines were not treated as recovery; available rules were py/cyclic-import, py/unused-global-variable.",no_match,,author_confirmed,author_manual_review,author,5e24c9c99793fa1206f72561005a2dc8610bf1d75c3dc04c9f8a24a8ee4a3bec
case-faac3cfabce2584d7a03,mf-9767e8bdfa0cd2d28cff,LLM_assistant,no_match,,high,"Semantic packet review found no preserved CodeQL reference describing the same root defect. Similar files, categories, or nearby lines were not treated as recovery; available rules were js/redundant-operation.",no_match,,author_confirmed,author_manual_review,author,1f9ea96d019c382d85d771b9ca37694868dbf4c87bafe744ccfcc8d723d2b404
case-faac3cfabce2584d7a03,mf-3c3eaf1c890b4f92ba77,LLM_assistant,no_match,,high,"Semantic packet review found no preserved CodeQL reference describing the same root defect. Similar files, categories, or nearby lines were not treated as recovery; available rules were js/redundant-operation.",no_match,,author_confirmed,author_manual_review,author,892d3682e1902e4251d042990a6f22c4be6a5cf6864d44414c06fd5784c1272e
case-0f974a189406b0e9fdff,mf-7aa82b27b25d0197e8dd,deterministic_rule,no_reference,,high,The frozen all_case_reference_alerts inventory contains zero CodeQL reference rows for this case; semantic equivalence therefore cannot be evaluated.,no_reference,,author_confirmed,author_manual_review,author,3a3a77910ecb48903ca2c5b59920948973a352b4debff934d194f0f3cff22782
case-0f974a189406b0e9fdff,mf-1436ac6c1721973d6e1b,deterministic_rule,no_reference,,high,The frozen all_case_reference_alerts inventory contains zero CodeQL reference rows for this case; semantic equivalence therefore cannot be evaluated.,no_reference,,author_confirmed,author_manual_review,author,6ad9e26ced4acbfecbc006c15bcb44428a3c41610ce4e3f902fb61660df0b75b
case-0f974a189406b0e9fdff,mf-4434205666add2827565,deterministic_rule,no_reference,,high,The frozen all_case_reference_alerts inventory contains zero CodeQL reference rows for this case; semantic equivalence therefore cannot be evaluated.,no_reference,,author_confirmed,author_manual_review,author,6b4f719067b726a2dc281b7444d8b2a829510291099341afdb032246d669fc07
case-15a2421f1bcb68a912e0,mf-24cfffa166268d43b043,deterministic_rule,no_reference,,high,The frozen all_case_reference_alerts inventory contains zero CodeQL reference rows for this case; semantic equivalence therefore cannot be evaluated.,no_reference,,author_confirmed,author_manual_review,author,5f789d14d249ed435ef06ecc515f211ab7ac7e800c07bfd68852196f032b1443
case-15a2421f1bcb68a912e0,mf-0fc52af15eb3fee3b9e6,deterministic_rule,no_reference,,high,The frozen all_case_reference_alerts inventory contains zero CodeQL reference rows for this case; semantic equivalence therefore cannot be evaluated.,no_reference,,author_confirmed,author_manual_review,author,cbcea1f54f2b0e565daf3fbd213bb4d4b20db0309c9dddae3bf3f062f0e3d0cc
case-1855415e884ee1ba48cc,mf-2e3567c77bbd65bbbbea,deterministic_rule,no_reference,,high,The frozen all_case_reference_alerts inventory contains zero CodeQL reference rows for this case; semantic equivalence therefore cannot be evaluated.,no_reference,,author_confirmed,author_manual_review,author,353551f16f1bc804c4f2f50cc4a7f2954f5e6014db9b4d14564b79369feabe89
case-1855415e884ee1ba48cc,mf-948bc8ad5bc6eb423de6,deterministic_rule,no_reference,,high,The frozen all_case_reference_alerts inventory contains zero CodeQL reference rows for this case; semantic equivalence therefore cannot be evaluated.,no_reference,,author_confirmed,author_manual_review,author,4053a50c0fe53ccfc4139d4d7fdd02455e4399705d31e07b1890a61eec2b6eed
case-1855415e884ee1ba48cc,mf-fd539680c4092b94b570,deterministic_rule,no_reference,,high,The frozen all_case_reference_alerts inventory contains zero CodeQL reference rows for this case; semantic equivalence therefore cannot be evaluated.,no_reference,,author_confirmed,author_manual_review,author,c214cd2e0c870a7779c5583845486dc745df7198bf94c82c740e5956273cd9cd
case-23301a5c36a69f5fffff,mf-692162bb0bca480990a7,deterministic_rule,no_reference,,high,The frozen all_case_reference_alerts inventory contains zero CodeQL reference rows for this case; semantic equivalence therefore cannot be evaluated.,no_reference,,author_confirmed,author_manual_review,author,f6baf7582d75486cbb5e271dddd4002f690f015c3ac062f38c1bfa208cdb3ff7
case-23301a5c36a69f5fffff,mf-bd61f509a6ea92b113b1,deterministic_rule,no_reference,,high,The frozen all_case_reference_alerts inventory contains zero CodeQL reference rows for this case; semantic equivalence therefore cannot be evaluated.,no_reference,,author_confirmed,author_manual_review,author,4cbf2425efb55b75cf323eff462582cd6ad2c2855e1852aae12a58f09ba8080a
case-23301a5c36a69f5fffff,mf-8de636b6a4d824fe0ccb,deterministic_rule,no_reference,,high,The frozen all_case_reference_alerts inventory contains zero CodeQL reference rows for this case; semantic equivalence therefore cannot be evaluated.,no_reference,,author_confirmed,author_manual_review,author,b5c419d6c5b53aeb16d59c77fb9c1ff5411776256d4d7df5408b7cc779327246
case-23301a5c36a69f5fffff,mf-783e4201e0c38a5b364a,deterministic_rule,no_reference,,high,The frozen all_case_reference_alerts inventory contains zero CodeQL reference rows for this case; semantic equivalence therefore cannot be evaluated.,no_reference,,author_confirmed,author_manual_review,author,ce5734c5dfaa48fb6a78c2075b843c265f329faf176440dd245cf01e5916341e
case-23301a5c36a69f5fffff,mf-1234318698a18b1af6e4,deterministic_rule,no_reference,,high,The frozen all_case_reference_alerts inventory contains zero CodeQL reference rows for this case; semantic equivalence therefore cannot be evaluated.,no_reference,,author_confirmed,author_manual_review,author,c863235813c957a12cc3884fffe184303b00491d4c7500ba24ca800484826793
case-23301a5c36a69f5fffff,mf-a6f6b210cf0df21589db,deterministic_rule,no_reference,,high,The frozen all_case_reference_alerts inventory contains zero CodeQL reference rows for this case; semantic equivalence therefore cannot be evaluated.,no_reference,,author_confirmed,author_manual_review,author,ff89817ef71c4f6a8c6a5b532aaf6a35f34fed3d8a7f1b14fb323cdd30fbc796
case-2aff113b02718d12fa5c,mf-2cb60288eb8abb21193a,deterministic_rule,no_reference,,high,The frozen all_case_reference_alerts inventory contains zero CodeQL reference rows for this case; semantic equivalence therefore cannot be evaluated.,no_reference,,author_confirmed,author_manual_review,author,5cf0ca349f7fff0053f38368ebf3ed1ba7d48a4faf8a989d7303f17d8b8c2430
case-2aff113b02718d12fa5c,mf-4460665426b297a92642,deterministic_rule,no_reference,,high,The frozen all_case_reference_alerts inventory contains zero CodeQL reference rows for this case; semantic equivalence therefore cannot be evaluated.,no_reference,,author_confirmed,author_manual_review,author,60ffcc647c57f949d51a49defeadca182e354524601f175c926a0aaba3212e33
case-33116a254af11ba01af8,mf-b5f4e40767c8e6a00cc6,deterministic_rule,no_reference,,high,The frozen all_case_reference_alerts inventory contains zero CodeQL reference rows for this case; semantic equivalence therefore cannot be evaluated.,no_reference,,author_confirmed,author_manual_review,author,d48ce1da3a181aefc640cde66a1efd0a23020363abd3358ed7b801446304ae30
case-33116a254af11ba01af8,mf-7cc904ed42afa9993782,deterministic_rule,no_reference,,high,The frozen all_case_reference_alerts inventory contains zero CodeQL reference rows for this case; semantic equivalence therefore cannot be evaluated.,no_reference,,author_confirmed,author_manual_review,author,39df73558e6fda3b2cf5536aa0feedc3588169118cb91ecaed43ff698f17b550
case-33116a254af11ba01af8,mf-8ba1e3c94cb7f7e91c25,deterministic_rule,no_reference,,high,The frozen all_case_reference_alerts inventory contains zero CodeQL reference rows for this case; semantic equivalence therefore cannot be evaluated.,no_reference,,author_confirmed,author_manual_review,author,509a0894fce65778f122b58aaa42a7ecd34c6de2292908af7a55c2865d8166c4
case-33116a254af11ba01af8,mf-cc41afbe2d21f2722d57,deterministic_rule,no_reference,,high,The frozen all_case_reference_alerts inventory contains zero CodeQL reference rows for this case; semantic equivalence therefore cannot be evaluated.,no_reference,,author_confirmed,author_manual_review,author,ac69012e939836012ed228dcccee70803b5658b4cd104bbafa394806a7b2711d
case-33116a254af11ba01af8,mf-9c0da61d62ff14f9f34f,deterministic_rule,no_reference,,high,The frozen all_case_reference_alerts inventory contains zero CodeQL reference rows for this case; semantic equivalence therefore cannot be evaluated.,no_reference,,author_confirmed,author_manual_review,author,e9a0e4b27f3a7ebde6e3089d62f13e418e852b6541f791d842a12579fbb679eb
case-3627763b793cf921a336,mf-64e3e324fd248eee188b,deterministic_rule,no_reference,,high,The frozen all_case_reference_alerts inventory contains zero CodeQL reference rows for this case; semantic equivalence therefore cannot be evaluated.,no_reference,,author_confirmed,author_manual_review,author,ad3caae686e12cd74077eb3363569f9268e690b2a042922e217c59cdc6b3ef1a
case-3627763b793cf921a336,mf-d30b828ec18b73bc5b6e,deterministic_rule,no_reference,,high,The frozen all_case_reference_alerts inventory contains zero CodeQL reference rows for this case; semantic equivalence therefore cannot be evaluated.,no_reference,,author_confirmed,author_manual_review,author,a0c336b492645bab6ade258e4b38e2f18c927c8fb76fc4ea794673cc70ba923a
case-3627763b793cf921a336,mf-14612235aa80e0ffd289,deterministic_rule,no_reference,,high,The frozen all_case_reference_alerts inventory contains zero CodeQL reference rows for this case; semantic equivalence therefore cannot be evaluated.,no_reference,,author_confirmed,author_manual_review,author,9abe877cc88355ddb93886c7d3466d6ed59f91dcbac8996b5f318c7214781de7
case-3627763b793cf921a336,mf-ae71c7795a30ecbc03e4,deterministic_rule,no_reference,,high,The frozen all_case_reference_alerts inventory contains zero CodeQL reference rows for this case; semantic equivalence therefore cannot be evaluated.,no_reference,,author_confirmed,author_manual_review,author,0c88165afc06248087f97cc6901f5eed172b5c527981ca4560247ef82b61ef60
case-3627763b793cf921a336,mf-91f1eb68b259f1557735,deterministic_rule,no_reference,,high,The frozen all_case_reference_alerts inventory contains zero CodeQL reference rows for this case; semantic equivalence therefore cannot be evaluated.,no_reference,,author_confirmed,author_manual_review,author,3a2af97275fc2e2b21bff0ca5d07d7b8e60f7dc2dc40a720c886973043009de5
case-3627763b793cf921a336,mf-44864ff9d31737d56f1e,deterministic_rule,no_reference,,high,The frozen all_case_reference_alerts inventory contains zero CodeQL reference rows for this case; semantic equivalence therefore cannot be evaluated.,no_reference,,author_confirmed,author_manual_review,author,c7a687e97469ba51dcb4a6e140eed80f6ae0a166b6c99cac3ac08e0a073a869b
case-3627763b793cf921a336,mf-d6b6af0695ccc75a1216,deterministic_rule,no_reference,,high,The frozen all_case_reference_alerts inventory contains zero CodeQL reference rows for this case; semantic equivalence therefore cannot be evaluated.,no_reference,,author_confirmed,author_manual_review,author,eb520b42c3b7f4b6feeab10fddbdc9d8b7351e952e02a472462e69b0f1537333
case-3627763b793cf921a336,mf-c88b56bf8f2b44c511b7,deterministic_rule,no_reference,,high,The frozen all_case_reference_alerts inventory contains zero CodeQL reference rows for this case; semantic equivalence therefore cannot be evaluated.,no_reference,,author_confirmed,author_manual_review,author,c3947e3f31a15ce6a3c7e49800aa174397bbe658063127ae0b7b2f3946f74da7
case-39bad374a9ade4062ccd,mf-1eb9251b666eea41b00e,deterministic_rule,no_reference,,high,The frozen all_case_reference_alerts inventory contains zero CodeQL reference rows for this case; semantic equivalence therefore cannot be evaluated.,no_reference,,author_confirmed,author_manual_review,author,408cd3199ca9ea5476ff4983a93a03fc7bdef5fd823cf12a06f861541a7a1aec
case-39bad374a9ade4062ccd,mf-2aa04019a4e20dd97893,deterministic_rule,no_reference,,high,The frozen all_case_reference_alerts inventory contains zero CodeQL reference rows for this case; semantic equivalence therefore cannot be evaluated.,no_reference,,author_confirmed,author_manual_review,author,3e286b5f479e30040e5cb341a1f2363457c2fa63eaba745507448c8f6e325099
case-4055614affc1d125415b,mf-fd7e850dfd4bea885455,deterministic_rule,no_reference,,high,The frozen all_case_reference_alerts inventory contains zero CodeQL reference rows for this case; semantic equivalence therefore cannot be evaluated.,no_reference,,author_confirmed,author_manual_review,author,0325e3a917e118298ba0935d4ff711b485a5ec9fa34f4b1e0f0e79ba44bb0dcc
case-4055614affc1d125415b,mf-807fe7f0f9b1db32d9ad,deterministic_rule,no_reference,,high,The frozen all_case_reference_alerts inventory contains zero CodeQL reference rows for this case; semantic equivalence therefore cannot be evaluated.,no_reference,,author_confirmed,author_manual_review,author,749a36e1548af5bed3df21ec9443ede38d865490acee783871b49f30df852136
case-4055614affc1d125415b,mf-c0fcbc34d03634bc05ef,deterministic_rule,no_reference,,high,The frozen all_case_reference_alerts inventory contains zero CodeQL reference rows for this case; semantic equivalence therefore cannot be evaluated.,no_reference,,author_confirmed,author_manual_review,author,118edf4557b6717bfeba7bb2a014d9ee4b4d9e8715bd57750260368c636c4a12
case-4055614affc1d125415b,mf-896bcde29363cdb19c45,deterministic_rule,no_reference,,high,The frozen all_case_reference_alerts inventory contains zero CodeQL reference rows for this case; semantic equivalence therefore cannot be evaluated.,no_reference,,author_confirmed,author_manual_review,author,ece834ba592e2ee9f13028aa50b6ccc61d21b2b6d59f3f9d93ef8de072e977be
case-4055614affc1d125415b,mf-e88cc379f8cd864f958a,deterministic_rule,no_reference,,high,The frozen all_case_reference_alerts inventory contains zero CodeQL reference rows for this case; semantic equivalence therefore cannot be evaluated.,no_reference,,author_confirmed,author_manual_review,author,4e5b2f65175370733ae9516dbaf743cb91f2e70d564cdea8e6240643194a84dc
case-44b8fa06262c22ac1334,mf-b0907c607ae1c057ad86,deterministic_rule,no_reference,,high,The frozen all_case_reference_alerts inventory contains zero CodeQL reference rows for this case; semantic equivalence therefore cannot be evaluated.,no_reference,,author_confirmed,author_manual_review,author,0c73e376a417f186956b51d9a45364b3a0e607a4906c41f55124c70ea3769e30
case-44b8fa06262c22ac1334,mf-0a2ac049702e14a6e8fd,deterministic_rule,no_reference,,high,The frozen all_case_reference_alerts inventory contains zero CodeQL reference rows for this case; semantic equivalence therefore cannot be evaluated.,no_reference,,author_confirmed,author_manual_review,author,40c8c8f58fc37b19e8ea7f5ce4dc98066fc7bb734f14200c70df0aba45d8ad31
case-44b8fa06262c22ac1334,mf-35ebcc68e6915d8e2af9,deterministic_rule,no_reference,,high,The frozen all_case_reference_alerts inventory contains zero CodeQL reference rows for this case; semantic equivalence therefore cannot be evaluated.,no_reference,,author_confirmed,author_manual_review,author,d90c87a57fd8026acaa98f0045c3271e5284b3e80a327c6b022bd8f9ed2257c7
case-44b8fa06262c22ac1334,mf-97c68a6cb933bb1792fa,deterministic_rule,no_reference,,high,The frozen all_case_reference_alerts inventory contains zero CodeQL reference rows for this case; semantic equivalence therefore cannot be evaluated.,no_reference,,author_confirmed,author_manual_review,author,87116e5a28ac810201ad531ccbc18199dcb0b8dd146c6d11953ddd2a5a20df44
case-456a99e5375f1a6b0158,mf-96ad6557369b816e46cc,deterministic_rule,no_reference,,high,The frozen all_case_reference_alerts inventory contains zero CodeQL reference rows for this case; semantic equivalence therefore cannot be evaluated.,no_reference,,author_confirmed,author_manual_review,author,85dca5a61f84dd74d078070a292a4c7e4621b4dc61f73afc5af5c025b482aa6d
case-456a99e5375f1a6b0158,mf-5dbd2048004ec5dd37c5,deterministic_rule,no_reference,,high,The frozen all_case_reference_alerts inventory contains zero CodeQL reference rows for this case; semantic equivalence therefore cannot be evaluated.,no_reference,,author_confirmed,author_manual_review,author,3685e7eafbfeaa2f2bad39548ac983ffa9ff5afc3656e8224c2caa2848983e23
case-456a99e5375f1a6b0158,mf-d564aed821e207e7f1ef,deterministic_rule,no_reference,,high,The frozen all_case_reference_alerts inventory contains zero CodeQL reference rows for this case; semantic equivalence therefore cannot be evaluated.,no_reference,,author_confirmed,author_manual_review,author,feb2b661b292ed36da06dba244f3236088cc7fd1d2aba4d3b58d075c7e208202
case-456a99e5375f1a6b0158,mf-3a28dc39254b4d79d510,deterministic_rule,no_reference,,high,The frozen all_case_reference_alerts inventory contains zero CodeQL reference rows for this case; semantic equivalence therefore cannot be evaluated.,no_reference,,author_confirmed,author_manual_review,author,1f980766d37dd703069734494749b0e96ec16f6661cff89068ac02adc9bf34a2
case-456a99e5375f1a6b0158,mf-25e1d02bf1ec2062b373,deterministic_rule,no_reference,,high,The frozen all_case_reference_alerts inventory contains zero CodeQL reference rows for this case; semantic equivalence therefore cannot be evaluated.,no_reference,,author_confirmed,author_manual_review,author,f6059d6a8c65632ef4e454ca1f78c98e3b7fc0912e31508a62ecaddeba3ce323
case-5049d6408b926501ef3e,mf-dc4954d1eb1974297928,deterministic_rule,no_reference,,high,The frozen all_case_reference_alerts inventory contains zero CodeQL reference rows for this case; semantic equivalence therefore cannot be evaluated.,no_reference,,author_confirmed,author_manual_review,author,8c9e7fa0e33ddb7c2e55f8bcbc03df6648e7cf4efa27e88324158b8cf0762a62
case-5049d6408b926501ef3e,mf-0ff9a273f4afff9c2c9c,deterministic_rule,no_reference,,high,The frozen all_case_reference_alerts inventory contains zero CodeQL reference rows for this case; semantic equivalence therefore cannot be evaluated.,no_reference,,author_confirmed,author_manual_review,author,2ae9ef0c05327bfac5fdb0072b4f5fa63ee3c1b2e74cf1e6482b7699f358f724
case-5049d6408b926501ef3e,mf-3196b332ad88737ce586,deterministic_rule,no_reference,,high,The frozen all_case_reference_alerts inventory contains zero CodeQL reference rows for this case; semantic equivalence therefore cannot be evaluated.,no_reference,,author_confirmed,author_manual_review,author,e8b2157e2d8370b04ccb41449c7ccbeeccd5a352b09fe2b1b1818ba588faf37f
case-5049d6408b926501ef3e,mf-a1e2c4a05a445ece64da,deterministic_rule,no_reference,,high,The frozen all_case_reference_alerts inventory contains zero CodeQL reference rows for this case; semantic equivalence therefore cannot be evaluated.,no_reference,,author_confirmed,author_manual_review,author,7c64c146961d6655724f68ed65ccf680d380f08290ec685f3c57f6f63787b9fe
case-60f7ca8a89bbb8cb0918,mf-8e4fadb48b7f06b03070,deterministic_rule,no_reference,,high,The frozen all_case_reference_alerts inventory contains zero CodeQL reference rows for this case; semantic equivalence therefore cannot be evaluated.,no_reference,,author_confirmed,author_manual_review,author,0141ca953793fd31aac7e7f0a6715fa3b599f8122da85d24e452a35e62a7fb8e
case-705a42a22ea1000106b3,mf-531a5ad17d302aea4f0b,deterministic_rule,no_reference,,high,The frozen all_case_reference_alerts inventory contains zero CodeQL reference rows for this case; semantic equivalence therefore cannot be evaluated.,no_reference,,author_confirmed,author_manual_review,author,5e499b46d7f241f1d21ed76c92d578f16fa00bfee8c58bd47f985d20c4f1b49d
case-705a42a22ea1000106b3,mf-0185a8b7a80088fefb0f,deterministic_rule,no_reference,,high,The frozen all_case_reference_alerts inventory contains zero CodeQL reference rows for this case; semantic equivalence therefore cannot be evaluated.,no_reference,,author_confirmed,author_manual_review,author,c6514e82081fcd3738ea5841917f4c977128c33005210a9ce2efbb0406830881
case-705a42a22ea1000106b3,mf-8c07d080fcbdec1d43c9,deterministic_rule,no_reference,,high,The frozen all_case_reference_alerts inventory contains zero CodeQL reference rows for this case; semantic equivalence therefore cannot be evaluated.,no_reference,,author_confirmed,author_manual_review,author,07d9b7bc0d22e8c41b19444fe7f26d9e1f54c2528c0c699abba672738bd38d2e
case-70e2ad7555f8d7f01060,mf-32f1da67ee4840c13231,deterministic_rule,no_reference,,high,The frozen all_case_reference_alerts inventory contains zero CodeQL reference rows for this case; semantic equivalence therefore cannot be evaluated.,no_reference,,author_confirmed,author_manual_review,author,f76cdcceaabebc014d731f1d3d4a18e7843365cfe4b016e96b9f78cd574cb329
case-72f34ef0f483fa5dc4a2,mf-c439c42426d53acd5554,deterministic_rule,no_reference,,high,The frozen all_case_reference_alerts inventory contains zero CodeQL reference rows for this case; semantic equivalence therefore cannot be evaluated.,no_reference,,author_confirmed,author_manual_review,author,33758ae36ed397717bec382d2430da3e89bb82cfb08e6d2076307885aa2296ab
case-72f34ef0f483fa5dc4a2,mf-7c951dfb9a9153ce38e2,deterministic_rule,no_reference,,high,The frozen all_case_reference_alerts inventory contains zero CodeQL reference rows for this case; semantic equivalence therefore cannot be evaluated.,no_reference,,author_confirmed,author_manual_review,author,a977632287bdcec2aab7ea1a3e66dc054a0073ec66f80a919ffcb883a05b807f
case-72f34ef0f483fa5dc4a2,mf-50b8ede407331b77e188,deterministic_rule,no_reference,,high,The frozen all_case_reference_alerts inventory contains zero CodeQL reference rows for this case; semantic equivalence therefore cannot be evaluated.,no_reference,,author_confirmed,author_manual_review,author,e990fd610b0adf589867d9909de8c9c28e19fecf70b3dbbdae612f533ce00781
case-72f34ef0f483fa5dc4a2,mf-16005ca736b240fbe252,deterministic_rule,no_reference,,high,The frozen all_case_reference_alerts inventory contains zero CodeQL reference rows for this case; semantic equivalence therefore cannot be evaluated.,no_reference,,author_confirmed,author_manual_review,author,601bb0849126d4f0beb3688a0093076e56d06c66efc1ed657cac6a3d6bba10dc
case-72f34ef0f483fa5dc4a2,mf-ec283b5d77dffd93c54a,deterministic_rule,no_reference,,high,The frozen all_case_reference_alerts inventory contains zero CodeQL reference rows for this case; semantic equivalence therefore cannot be evaluated.,no_reference,,author_confirmed,author_manual_review,author,33a8adcef688dbd4f8b09d81be512c7b7ca7673f5b575b48ddf88d16d999c05f
case-72f34ef0f483fa5dc4a2,mf-cc4dca0b8ea26c398f28,deterministic_rule,no_reference,,high,The frozen all_case_reference_alerts inventory contains zero CodeQL reference rows for this case; semantic equivalence therefore cannot be evaluated.,no_reference,,author_confirmed,author_manual_review,author,732e1129d37bf235126d9bbae81ae1a132f02e43b31d4fed8e0df88da820c33f
case-72f34ef0f483fa5dc4a2,mf-17fad82d710bc4efa01e,deterministic_rule,no_reference,,high,The frozen all_case_reference_alerts inventory contains zero CodeQL reference rows for this case; semantic equivalence therefore cannot be evaluated.,no_reference,,author_confirmed,author_manual_review,author,d095f497bc107acac9d0b1a3334b8b84670b8a54aa59625b52a8b3041994bd45
case-751c059c3e55e626a5f2,mf-d96719c757251a7ecd5f,deterministic_rule,no_reference,,high,The frozen all_case_reference_alerts inventory contains zero CodeQL reference rows for this case; semantic equivalence therefore cannot be evaluated.,no_reference,,author_confirmed,author_manual_review,author,f27b6289d7e00ebc11322bf3f2c75f254886bf0e48039993c279c7219a4cd556
case-79b3ba24aed8629cb6fa,mf-5fa1960d986713ec374c,deterministic_rule,no_reference,,high,The frozen all_case_reference_alerts inventory contains zero CodeQL reference rows for this case; semantic equivalence therefore cannot be evaluated.,no_reference,,author_confirmed,author_manual_review,author,5d47ddaf27f98eaa21c7c64223c38eac8b3fa4aaeb65180796b4470e9da51171
case-79b3ba24aed8629cb6fa,mf-2c66c4ec3f2df79a72f3,deterministic_rule,no_reference,,high,The frozen all_case_reference_alerts inventory contains zero CodeQL reference rows for this case; semantic equivalence therefore cannot be evaluated.,no_reference,,author_confirmed,author_manual_review,author,56b8500a05fbf2e2023801f873f8dbd0ec26a4f7b635c6cf06e56e4b8f5604a2
case-7c6f0f53534b13a179ae,mf-714bd37ffe785124c98a,deterministic_rule,no_reference,,high,The frozen all_case_reference_alerts inventory contains zero CodeQL reference rows for this case; semantic equivalence therefore cannot be evaluated.,no_reference,,author_confirmed,author_manual_review,author,a9c48407aeaf7cd0467a31028f76ff17607dbe21eb902f8f7251c62478ad5d4e
case-7c6f0f53534b13a179ae,mf-b750025d2fac450689b2,deterministic_rule,no_reference,,high,The frozen all_case_reference_alerts inventory contains zero CodeQL reference rows for this case; semantic equivalence therefore cannot be evaluated.,no_reference,,author_confirmed,author_manual_review,author,fd0ed87393017018955020e9bbf46d4e6fea1993afde821a4e2b299a8a59125e
case-7c6f0f53534b13a179ae,mf-9e0e62df63edd9cfd88a,deterministic_rule,no_reference,,high,The frozen all_case_reference_alerts inventory contains zero CodeQL reference rows for this case; semantic equivalence therefore cannot be evaluated.,no_reference,,author_confirmed,author_manual_review,author,40a4bb323a7ed8d523215037b46b5a742a61c6dff589b257b5cdf1d87b92ca06
case-7c6f0f53534b13a179ae,mf-59ce0afe97961d3a4068,deterministic_rule,no_reference,,high,The frozen all_case_reference_alerts inventory contains zero CodeQL reference rows for this case; semantic equivalence therefore cannot be evaluated.,no_reference,,author_confirmed,author_manual_review,author,d19feb1c3f4da6a60e26e0caf2293ff6c170a8c61ebe1bf27324bd03151e7edf
case-7f788149a3a2219a99e4,mf-047f0555a8096ee3850c,deterministic_rule,no_reference,,high,The frozen all_case_reference_alerts inventory contains zero CodeQL reference rows for this case; semantic equivalence therefore cannot be evaluated.,no_reference,,author_confirmed,author_manual_review,author,c8416c4378c7c6bf123b168538a51856b19957e182160ed6da69081c03939762
case-7f788149a3a2219a99e4,mf-edf4e2d85652ce3c7ce8,deterministic_rule,no_reference,,high,The frozen all_case_reference_alerts inventory contains zero CodeQL reference rows for this case; semantic equivalence therefore cannot be evaluated.,no_reference,,author_confirmed,author_manual_review,author,c496b527d3841fccc465239b8e44aeb57f4c572909babbdb5ea88d88534f2b79
case-7f788149a3a2219a99e4,mf-da0c1482946f8222b81e,deterministic_rule,no_reference,,high,The frozen all_case_reference_alerts inventory contains zero CodeQL reference rows for this case; semantic equivalence therefore cannot be evaluated.,no_reference,,author_confirmed,author_manual_review,author,0a7ba59650ae2be497df4b2db6b9970833de8c1110c9fb57865f39667643d5bb
case-7f788149a3a2219a99e4,mf-d13126d766d82e7fc087,deterministic_rule,no_reference,,high,The frozen all_case_reference_alerts inventory contains zero CodeQL reference rows for this case; semantic equivalence therefore cannot be evaluated.,no_reference,,author_confirmed,author_manual_review,author,0a5caa6eb50538e9496af68ab168e7ae29b22188b66205c169ed0dd8c0e1f4b8
case-7f788149a3a2219a99e4,mf-557da5a868a52daaaaea,deterministic_rule,no_reference,,high,The frozen all_case_reference_alerts inventory contains zero CodeQL reference rows for this case; semantic equivalence therefore cannot be evaluated.,no_reference,,author_confirmed,author_manual_review,author,0c9bad8d984297fe0925f574da7341a4fa760b2bc372a6624bbeaf279102dd1e
case-7f788149a3a2219a99e4,mf-bc8d61f4932729ecba13,deterministic_rule,no_reference,,high,The frozen all_case_reference_alerts inventory contains zero CodeQL reference rows for this case; semantic equivalence therefore cannot be evaluated.,no_reference,,author_confirmed,author_manual_review,author,5f748482d2ee3aa2f60181a1925ccd71311a1dfd3081222fc2e78683a6daf0e2
case-8021d18f5efd78f0cc50,mf-0dfd9a6e458799fad5d7,deterministic_rule,no_reference,,high,The frozen all_case_reference_alerts inventory contains zero CodeQL reference rows for this case; semantic equivalence therefore cannot be evaluated.,no_reference,,author_confirmed,author_manual_review,author,3edd2d0d8df6849a30f973d1a54f875ed454588f1ece9abb910605074059e1d1
case-8021d18f5efd78f0cc50,mf-4e51f253fde11e5e8ce2,deterministic_rule,no_reference,,high,The frozen all_case_reference_alerts inventory contains zero CodeQL reference rows for this case; semantic equivalence therefore cannot be evaluated.,no_reference,,author_confirmed,author_manual_review,author,204a096015cd05cebcb02404c40e91e80ebe86d097fe52b9e85e8268f983c15c
case-8021d18f5efd78f0cc50,mf-fae4644f083a4b1fea17,deterministic_rule,no_reference,,high,The frozen all_case_reference_alerts inventory contains zero CodeQL reference rows for this case; semantic equivalence therefore cannot be evaluated.,no_reference,,author_confirmed,author_manual_review,author,10ea88ed5dbd8a3c6904bd7dd3131cab3220126e5ae069984a81bfa0341c087b
case-8154f4ee5fa099eb0976,mf-3693cdaece5fe373dddd,deterministic_rule,no_reference,,high,The frozen all_case_reference_alerts inventory contains zero CodeQL reference rows for this case; semantic equivalence therefore cannot be evaluated.,no_reference,,author_confirmed,author_manual_review,author,15508a3153249550c1450e2c536156105c3055fb45e3fc88e67416c9fc852157
case-8154f4ee5fa099eb0976,mf-99f44828efbef1c4e6e2,deterministic_rule,no_reference,,high,The frozen all_case_reference_alerts inventory contains zero CodeQL reference rows for this case; semantic equivalence therefore cannot be evaluated.,no_reference,,author_confirmed,author_manual_review,author,248bc05a2b3534f7ddb3ebbbde87e71bcc4ed529a5c231334addd44fbed608a1
case-8154f4ee5fa099eb0976,mf-2fee843d3d44b5c4dfb2,deterministic_rule,no_reference,,high,The frozen all_case_reference_alerts inventory contains zero CodeQL reference rows for this case; semantic equivalence therefore cannot be evaluated.,no_reference,,author_confirmed,author_manual_review,author,ecdfabc5ff2d9cfac21d0aeccacc00bd5335c68dffa51bc8b96f3610c7fdccd2
case-8154f4ee5fa099eb0976,mf-1867cdedb411fb599fe7,deterministic_rule,no_reference,,high,The frozen all_case_reference_alerts inventory contains zero CodeQL reference rows for this case; semantic equivalence therefore cannot be evaluated.,no_reference,,author_confirmed,author_manual_review,author,3d49d7de7665bd330b72177190924592563b217833cecc1e7c1edb4178a35612
case-8154f4ee5fa099eb0976,mf-2d99c729ecf9349af376,deterministic_rule,no_reference,,high,The frozen all_case_reference_alerts inventory contains zero CodeQL reference rows for this case; semantic equivalence therefore cannot be evaluated.,no_reference,,author_confirmed,author_manual_review,author,80b5671e53c106f5032f189d00b324615b48da1b219ca87e3f5b5d5d42590a0e
case-880de7042f7b15901f54,mf-f5abbaaf9c239399540f,deterministic_rule,no_reference,,high,The frozen all_case_reference_alerts inventory contains zero CodeQL reference rows for this case; semantic equivalence therefore cannot be evaluated.,no_reference,,author_confirmed,author_manual_review,author,27cd4494f369198ec9471d20e1ee87d9a9ee5f8a8f725db60d71e6face8e8171
case-989968fe00597e97988b,mf-e3a269399aae152c6c78,deterministic_rule,no_reference,,high,The frozen all_case_reference_alerts inventory contains zero CodeQL reference rows for this case; semantic equivalence therefore cannot be evaluated.,no_reference,,author_confirmed,author_manual_review,author,e250d3d321055d2afee532e27a90cc5bef074bd7738e061d3fc78674818027cf
case-a08180d0d3a6396032fb,mf-53ee4ff66f126a0f82f8,deterministic_rule,no_reference,,high,The frozen all_case_reference_alerts inventory contains zero CodeQL reference rows for this case; semantic equivalence therefore cannot be evaluated.,no_reference,,author_confirmed,author_manual_review,author,5379c0d42642902e1878e272df8b7a43fd13c033d2f26eae583b074c6409e949
case-a08180d0d3a6396032fb,mf-2a5e168a33315c3147c0,deterministic_rule,no_reference,,high,The frozen all_case_reference_alerts inventory contains zero CodeQL reference rows for this case; semantic equivalence therefore cannot be evaluated.,no_reference,,author_confirmed,author_manual_review,author,1ea4823c0ba16282ef19917483b5a30091fa26406d839330680d178f3e73e942
case-aa2cbfc9848aab44dd69,mf-979adb3bc88cb24813f8,deterministic_rule,no_reference,,high,The frozen all_case_reference_alerts inventory contains zero CodeQL reference rows for this case; semantic equivalence therefore cannot be evaluated.,no_reference,,author_confirmed,author_manual_review,author,4f453e29ca1ba40709e754e3092e43c7bb0fe4e20cbbe2feee0e4989d30bfe0d
case-aa2cbfc9848aab44dd69,mf-9fe37c47e67c9bc59027,deterministic_rule,no_reference,,high,The frozen all_case_reference_alerts inventory contains zero CodeQL reference rows for this case; semantic equivalence therefore cannot be evaluated.,no_reference,,author_confirmed,author_manual_review,author,aabce8739a14cee34e64bb8dcdd6ae3d5a82d5357f370b8ac0243abcd1d0f3e4
case-aa2cbfc9848aab44dd69,mf-9783a670047614a010b7,deterministic_rule,no_reference,,high,The frozen all_case_reference_alerts inventory contains zero CodeQL reference rows for this case; semantic equivalence therefore cannot be evaluated.,no_reference,,author_confirmed,author_manual_review,author,bbc2a90ea1ddd0045cddf3554017de7c6d7306145cfebd769e0a444c029a3dbe
case-b3c04defeaeb2dfc8df4,mf-dd20cd1f14efba6d1745,deterministic_rule,no_reference,,high,The frozen all_case_reference_alerts inventory contains zero CodeQL reference rows for this case; semantic equivalence therefore cannot be evaluated.,no_reference,,author_confirmed,author_manual_review,author,9e34dd7ff46070f8eb1a4a97ff30a6dbf7e717bfd417156d4b110e4e281e5450
case-b3c04defeaeb2dfc8df4,mf-50066e83c0dafa52285c,deterministic_rule,no_reference,,high,The frozen all_case_reference_alerts inventory contains zero CodeQL reference rows for this case; semantic equivalence therefore cannot be evaluated.,no_reference,,author_confirmed,author_manual_review,author,40c80e064fd924106fd24332361024b7e98294943a3881851934d1945d13ea8a
case-b3c04defeaeb2dfc8df4,mf-dad7752325c1e7dab892,deterministic_rule,no_reference,,high,The frozen all_case_reference_alerts inventory contains zero CodeQL reference rows for this case; semantic equivalence therefore cannot be evaluated.,no_reference,,author_confirmed,author_manual_review,author,86da063b60f36ff4f33f6f8e2d90ef9247cc0439a376315eb9ff0def55344b4f
case-b3c04defeaeb2dfc8df4,mf-34f945b17f6ee3dd59dc,deterministic_rule,no_reference,,high,The frozen all_case_reference_alerts inventory contains zero CodeQL reference rows for this case; semantic equivalence therefore cannot be evaluated.,no_reference,,author_confirmed,author_manual_review,author,a46d4eca858378a99b4e23b8f4ce17718dc8332a77c78757bd90eb08c4e4f22b
case-b3c04defeaeb2dfc8df4,mf-3aa8cc7f6ecdb96f59e9,deterministic_rule,no_reference,,high,The frozen all_case_reference_alerts inventory contains zero CodeQL reference rows for this case; semantic equivalence therefore cannot be evaluated.,no_reference,,author_confirmed,author_manual_review,author,f30e9e26ab624bb79f271453a25d3d989237f2eff89f03eb62f0c0ce151f6211
case-b3c04defeaeb2dfc8df4,mf-fcfb1c991b7c65d85e88,deterministic_rule,no_reference,,high,The frozen all_case_reference_alerts inventory contains zero CodeQL reference rows for this case; semantic equivalence therefore cannot be evaluated.,no_reference,,author_confirmed,author_manual_review,author,d4623f4c3aaca2029656cdcc1b27cb0558d36de290faa47eb7f5e0a3793c861f
case-b3c04defeaeb2dfc8df4,mf-1fb842378cf785ab1008,deterministic_rule,no_reference,,high,The frozen all_case_reference_alerts inventory contains zero CodeQL reference rows for this case; semantic equivalence therefore cannot be evaluated.,no_reference,,author_confirmed,author_manual_review,author,348dcc189295b438852325857a41d258fe52a4e065b8185f2689c62d7561b086
case-c1987dda9a6823c29fea,mf-3031a0f84aa94686e61a,deterministic_rule,no_reference,,high,The frozen all_case_reference_alerts inventory contains zero CodeQL reference rows for this case; semantic equivalence therefore cannot be evaluated.,no_reference,,author_confirmed,author_manual_review,author,3718b96ead06481a50180d6b432a187e20aaf7cccad01d5b8ac13bd2edcdb13f
case-c1987dda9a6823c29fea,mf-472ee5c1ab66a8861050,deterministic_rule,no_reference,,high,The frozen all_case_reference_alerts inventory contains zero CodeQL reference rows for this case; semantic equivalence therefore cannot be evaluated.,no_reference,,author_confirmed,author_manual_review,author,251d40c00ca8e78b065320c404a7a2501a9cb8b83d99f94758591f6d2003d658
case-c1987dda9a6823c29fea,mf-6e0e928ef0cc7b376605,deterministic_rule,no_reference,,high,The frozen all_case_reference_alerts inventory contains zero CodeQL reference rows for this case; semantic equivalence therefore cannot be evaluated.,no_reference,,author_confirmed,author_manual_review,author,561ce5ac4eb59969bb8209164f167d6ed44dcf5f7726198e763a65ea7dd53622
case-ce25e18c3e1b45613955,mf-d9c648ee6608e228fb30,deterministic_rule,no_reference,,high,The frozen all_case_reference_alerts inventory contains zero CodeQL reference rows for this case; semantic equivalence therefore cannot be evaluated.,no_reference,,author_confirmed,author_manual_review,author,6352a64d95449cdeeb59ffed6cfcb5cd8a960ce913b7123bc2731fc59f55bd56
case-ce25e18c3e1b45613955,mf-e525111881b5ae918370,deterministic_rule,no_reference,,high,The frozen all_case_reference_alerts inventory contains zero CodeQL reference rows for this case; semantic equivalence therefore cannot be evaluated.,no_reference,,author_confirmed,author_manual_review,author,f66e9f4655891eadba7d0eb49617caf75d3635a0151e8d25ef682f59deb8f3bc
case-ce25e18c3e1b45613955,mf-540aa795c2653e49a0e4,deterministic_rule,no_reference,,high,The frozen all_case_reference_alerts inventory contains zero CodeQL reference rows for this case; semantic equivalence therefore cannot be evaluated.,no_reference,,author_confirmed,author_manual_review,author,f504732f469a5ef0511061eceab4bedd837e7af62fdb1f8a17afae2e000d9472
case-d76dbaa9ee6c731f26bb,mf-543ff6484a2d14f63d72,deterministic_rule,no_reference,,high,The frozen all_case_reference_alerts inventory contains zero CodeQL reference rows for this case; semantic equivalence therefore cannot be evaluated.,no_reference,,author_confirmed,author_manual_review,author,7b81a108c69296e034a775bc30825603a707d1c91c0ba1ea67c207b6c85ea602
case-d76dbaa9ee6c731f26bb,mf-43c7163cc72254ee2b7f,deterministic_rule,no_reference,,high,The frozen all_case_reference_alerts inventory contains zero CodeQL reference rows for this case; semantic equivalence therefore cannot be evaluated.,no_reference,,author_confirmed,author_manual_review,author,18c1d823b9d2c96eb2f9f1ebdda749b2f959cfc7231b64e9243e9ce289535a03
case-d76dbaa9ee6c731f26bb,mf-5f39035f346390477442,deterministic_rule,no_reference,,high,The frozen all_case_reference_alerts inventory contains zero CodeQL reference rows for this case; semantic equivalence therefore cannot be evaluated.,no_reference,,author_confirmed,author_manual_review,author,c688986c8303f36969a0be06bf04323bcbfb4e9c0901fa74e9830aee6c75a5f1
case-d76dbaa9ee6c731f26bb,mf-f244cea2d4587d0d3fe6,deterministic_rule,no_reference,,high,The frozen all_case_reference_alerts inventory contains zero CodeQL reference rows for this case; semantic equivalence therefore cannot be evaluated.,no_reference,,author_confirmed,author_manual_review,author,54d20212b377601f6fbbffd0bb9e7822224b9c11acf4c99336ecd8123cc5cea4
case-d76dbaa9ee6c731f26bb,mf-aa8cbc424c4d15ed78c2,deterministic_rule,no_reference,,high,The frozen all_case_reference_alerts inventory contains zero CodeQL reference rows for this case; semantic equivalence therefore cannot be evaluated.,no_reference,,author_confirmed,author_manual_review,author,e3435e254c4162e1b1beb6e4a6c1879ee31a2b32df71089d65c688776b561e13
case-db4252297ba545d8268f,mf-e417c73f1719a286732b,deterministic_rule,no_reference,,high,The frozen all_case_reference_alerts inventory contains zero CodeQL reference rows for this case; semantic equivalence therefore cannot be evaluated.,no_reference,,author_confirmed,author_manual_review,author,49088ce180f5eefbc3b5084d671d3897a58848fdcf36b33d2769854b59a10548
case-db4252297ba545d8268f,mf-77047f20d53adaa0819b,deterministic_rule,no_reference,,high,The frozen all_case_reference_alerts inventory contains zero CodeQL reference rows for this case; semantic equivalence therefore cannot be evaluated.,no_reference,,author_confirmed,author_manual_review,author,be8a4e6c219f30a66303b281f09b7faf58f6dbe8ee9cbc02bb55f080af686c24
case-db4252297ba545d8268f,mf-794f49ff0083598811f0,deterministic_rule,no_reference,,high,The frozen all_case_reference_alerts inventory contains zero CodeQL reference rows for this case; semantic equivalence therefore cannot be evaluated.,no_reference,,author_confirmed,author_manual_review,author,ef8870cb2b86c1c643ba9ff4f4f022d6cb9340e67d1350e6093497d28cb9ded9
case-db4252297ba545d8268f,mf-e247554b65c95bdfb024,deterministic_rule,no_reference,,high,The frozen all_case_reference_alerts inventory contains zero CodeQL reference rows for this case; semantic equivalence therefore cannot be evaluated.,no_reference,,author_confirmed,author_manual_review,author,ab4433a87fd1e3dd91f9b07cd097c62b1004f4f0e78c52c9905c63d100d99762
case-db4252297ba545d8268f,mf-9f3b897fa692ed0a84a9,deterministic_rule,no_reference,,high,The frozen all_case_reference_alerts inventory contains zero CodeQL reference rows for this case; semantic equivalence therefore cannot be evaluated.,no_reference,,author_confirmed,author_manual_review,author,8b9cbc036a1d82997391a6b197aab10da3e69e0bd42b0638bda64cece7063d64
case-e303faa725537be11450,mf-3793736c7cadef461cdb,LLM_assistant,no_match,,high,"Semantic packet review found no preserved CodeQL reference describing the same root defect. Similar files, categories, or nearby lines were not treated as recovery; available rules were py/clear-text-logging-sensitive-data.",no_match,,author_confirmed,author_manual_review,author,1b21c84e9df3d9df74772778d2aec68590893e8809af88d992b4b320061122c4
case-e303faa725537be11450,mf-a0abe1e92eea2f55428e,LLM_assistant,no_match,,high,"Semantic packet review found no preserved CodeQL reference describing the same root defect. Similar files, categories, or nearby lines were not treated as recovery; available rules were py/clear-text-logging-sensitive-data.",no_match,,author_confirmed,author_manual_review,author,4e9e22af1bbda7a0b1622c4ce674d3df47c68ab2ff8a273430cb949c9e5e95b0
case-e3f9933438baa76e6439,mf-1f1dad226611f10464a4,deterministic_rule,no_reference,,high,The frozen all_case_reference_alerts inventory contains zero CodeQL reference rows for this case; semantic equivalence therefore cannot be evaluated.,no_reference,,author_confirmed,author_manual_review,author,13a54d7994858dbaa07a4f0e1c9f750d1a48e21974cd88e6ee0df221d362b3fb
case-e3f9933438baa76e6439,mf-cd78aa4fca48efda5c17,deterministic_rule,no_reference,,high,The frozen all_case_reference_alerts inventory contains zero CodeQL reference rows for this case; semantic equivalence therefore cannot be evaluated.,no_reference,,author_confirmed,author_manual_review,author,e611eaf73c96a7c7fcb68fe7edcb6915a887b6a465ac2199ea9c3ea58f2704dd
case-e3f9933438baa76e6439,mf-a1c2e8c374a5d6ad1197,deterministic_rule,no_reference,,high,The frozen all_case_reference_alerts inventory contains zero CodeQL reference rows for this case; semantic equivalence therefore cannot be evaluated.,no_reference,,author_confirmed,author_manual_review,author,bf87b244552f426ff22c1d93da1fae687cec3f2f5a7fab125d80cbc25bfdbcff
case-e3f9933438baa76e6439,mf-f74e13ea7f8e8b7d67ad,deterministic_rule,no_reference,,high,The frozen all_case_reference_alerts inventory contains zero CodeQL reference rows for this case; semantic equivalence therefore cannot be evaluated.,no_reference,,author_confirmed,author_manual_review,author,873aa0cf3213f493afdb0e39add200bdbc35682137a75d8a975d6628740effaf
case-e81abc2d4c6f476893c2,mf-4e84b843a3ff94801e30,deterministic_rule,no_reference,,high,The frozen all_case_reference_alerts inventory contains zero CodeQL reference rows for this case; semantic equivalence therefore cannot be evaluated.,no_reference,,author_confirmed,author_manual_review,author,48f1051395f3c4198d1e018a1f8ba097b0d324fe147b150e92433c910c18faca
case-ee699d86c0aab7ef23c9,mf-40bd3ba89b570119dacc,deterministic_rule,no_reference,,high,The frozen all_case_reference_alerts inventory contains zero CodeQL reference rows for this case; semantic equivalence therefore cannot be evaluated.,no_reference,,author_confirmed,author_manual_review,author,622941c4d8c017f8cb7986c78731f0c23e919ff240015a17bb030caf0afc94c5
case-ee699d86c0aab7ef23c9,mf-d1b12c83901c342a1229,deterministic_rule,no_reference,,high,The frozen all_case_reference_alerts inventory contains zero CodeQL reference rows for this case; semantic equivalence therefore cannot be evaluated.,no_reference,,author_confirmed,author_manual_review,author,55fe51e2611d0de77892c533835058169ea48f0ca088610831edfe55b92383bb
case-ee699d86c0aab7ef23c9,mf-7f839306ff1135362eef,deterministic_rule,no_reference,,high,The frozen all_case_reference_alerts inventory contains zero CodeQL reference rows for this case; semantic equivalence therefore cannot be evaluated.,no_reference,,author_confirmed,author_manual_review,author,17a5975067b408b672e3ae273013ebaa577a4dfbd4c0b606e27d26c43ca20f32
case-ee699d86c0aab7ef23c9,mf-24fc44b8a10d2861a5dc,deterministic_rule,no_reference,,high,The frozen all_case_reference_alerts inventory contains zero CodeQL reference rows for this case; semantic equivalence therefore cannot be evaluated.,no_reference,,author_confirmed,author_manual_review,author,6cdbd0672a2fbdb592bd0d5e562ea0ebc3b4417d6a31cc45d76956e13401d2a0
case-ee699d86c0aab7ef23c9,mf-50022fd5ce84ec2d68a0,deterministic_rule,no_reference,,high,The frozen all_case_reference_alerts inventory contains zero CodeQL reference rows for this case; semantic equivalence therefore cannot be evaluated.,no_reference,,author_confirmed,author_manual_review,author,e0aabd4e64795a682b9b2c8fa273247b144c1849010e43af5bbe1fac5a52e7bd
case-ee699d86c0aab7ef23c9,mf-b419ebc9b95ce034f2aa,deterministic_rule,no_reference,,high,The frozen all_case_reference_alerts inventory contains zero CodeQL reference rows for this case; semantic equivalence therefore cannot be evaluated.,no_reference,,author_confirmed,author_manual_review,author,e6ccbbe81cbef6c435aeb73f8470d21f031894d8b15e74c6b9247d63e5937b81
case-ee699d86c0aab7ef23c9,mf-96e5462db09b4de0e35d,deterministic_rule,no_reference,,high,The frozen all_case_reference_alerts inventory contains zero CodeQL reference rows for this case; semantic equivalence therefore cannot be evaluated.,no_reference,,author_confirmed,author_manual_review,author,d2a213583f30f77e5881e31f9070a8f78a067c656b8513a3133f5d1225933760
case-10fff4befc55cc64d234,mf-dd7ed2d3c0fd8fd79070,LLM_assistant,no_match,,high,Discarded usage from the first LLM call is unrelated to the preserved cyclic-import and unused-jsonschema alerts.,no_match,,author_confirmed,author_manual_review,author,cdf4c627cd463706af95f04a86cc05a9af802ba395efded245e46c2b5e43414b
case-10fff4befc55cc64d234,mf-d650f5c922f573d9d692,LLM_assistant,no_match,,high,The falsy-zero display bug is unrelated to the preserved cyclic-import and unused-jsonschema alerts.,no_match,,author_confirmed,author_manual_review,author,e159138a83043811aa7b85d1b93af91190eba45b491d1ca34ea02b25e8693ab4
case-10fff4befc55cc64d234,mf-efdec81d5276eb99c448,LLM_assistant,no_match,,high,Reliance on a private LiteLLM attribute is unrelated to the preserved cyclic-import and unused-jsonschema alerts.,no_match,,author_confirmed,author_manual_review,author,491fa30927f9178c607f461f0ae816f1a7b5e02964ed8c8f9e772019c6b4fb22
case-144b11f4f95ea43bdd29,mf-882daccc297e73554d13,LLM_assistant,related_distinct,,medium,The reviewer reports leakage from the THREADS registry after an exception. CodeQL reports that the same THREADS symbol may be undefined due to a cyclic import (sf-a1f407c79d4ebd255972). They concern the same registry but have different triggers and fixes.,related_distinct,,author_confirmed,author_manual_review,author,b6ac462e60af6693a900d286d8dbd8906a7884f94a3d9287410c4a18b7e8ecae
case-144b11f4f95ea43bdd29,mf-c6b36525718a74a5d5e4,LLM_assistant,related_distinct,,medium,"The ignored file keyword occurs in print_override, while CodeQL reports import cycles involving that function and module. They concern the same component but not the same behavior or remedy.",related_distinct,,author_confirmed,author_manual_review,author,42bcb752d5b6bdac5f6148cff953b92cd73a128f552e4fdb72cfe9ce4adb509a
case-165e7025bc0ca85902b7,mf-4c24ce406a59f5c63483,LLM_assistant,no_match,,high,The middleware early return is not the same as the preserved constant conditional in Transcript or the unrelated comparison and redundant-operation alerts.,no_match,,author_confirmed,author_manual_review,author,2eeba141cd2190dc397268d00f06aab150aca0c5b2070f2e37bdbf68d106f014
case-165e7025bc0ca85902b7,mf-5a3f0ccfd8d19accd5ed,LLM_assistant,no_match,,high,The omitted domainVerified guard is not represented by the preserved CodeQL alerts.,no_match,,author_confirmed,author_manual_review,author,047050ac56a8f333a1bbac2128e4c6d8aa8d2214b056372ff982df1815f21998
case-165e7025bc0ca85902b7,mf-428d5e6c3aaefd72d1d2,LLM_assistant,no_match,,high,The invisible divider styling is not represented by the preserved CodeQL alerts.,no_match,,author_confirmed,author_manual_review,author,a9e9815a6c3ad54cb5373c7ee3f4c77f79a59e529aaf3425b8a88120723b6ca9
case-165e7025bc0ca85902b7,mf-36d55aaacaf0656d5aef,LLM_assistant,no_match,,high,The theme cleanup flash is not represented by the preserved CodeQL alerts.,no_match,,author_confirmed,author_manual_review,author,d5c1fb10800db2cca4820efbb45c98c88bebe90d965f9563dd314bb4717e3fd9
case-165e7025bc0ca85902b7,mf-08b78a0f6e4f5d3b4f31,LLM_assistant,no_match,,high,The dark-theme contrast issue is not represented by the preserved CodeQL alerts.,no_match,,author_confirmed,author_manual_review,author,6d26244ab99c70d3e0d1e0dcff2fe7a8cc51ac1d38f45962c483d8aaf01f0a18
case-165e7025bc0ca85902b7,mf-1fb47fb2d0f69fa237c8,LLM_assistant,no_match,,high,The misleading publication-date fallback is not represented by the preserved CodeQL alerts.,no_match,,author_confirmed,author_manual_review,author,a0f68cbf88023a11c3f5b8f987c7459a8d47a93198b9ec922210f719de75d4d9
case-165e7025bc0ca85902b7,mf-6e556d25334de4b2045c,LLM_assistant,no_match,,high,The unused server action is not represented by the preserved CodeQL alerts.,no_match,,author_confirmed,author_manual_review,author,c866db596b92501a3dbe10d2f1c494d2d1caba2cf29bd2fc554303f5b38c7dfd
case-165e7025bc0ca85902b7,mf-aee3f592b0a688fac756,LLM_assistant,no_match,,high,The competing theme persistence stores are not represented by the preserved CodeQL alerts.,no_match,,author_confirmed,author_manual_review,author,323223f48ecd5406b1ef1b5772d7d4a0cdbd489e1356b8e3fd9bac667596d2d0
case-1882b202ff282a7c3526,mf-fd90fa8ed7f2d0b8cebe,LLM_assistant,related_distinct,,medium,"The unsafe action-list indexing occurs in rules.py, where CodeQL reports cyclic imports (sf-089d538f0a9deb1ad54d and sf-a77b5099a874523b393e). They share the module but have distinct triggers and fixes.",related_distinct,,author_confirmed,author_manual_review,author,cc2c64c85f6a07ace4ac0be0cb3f76632dfdb0b2c9c5286153a78e3bc706bb55
case-1882b202ff282a7c3526,mf-e2c0b19c64ba611122ea,LLM_assistant,related_distinct,,medium,"The inaccurate return type occurs in rules.py, where CodeQL reports cyclic imports. They share the module but have distinct triggers and fixes.",related_distinct,,author_confirmed,author_manual_review,author,eebff672e69e5fd4a49257b1923d4461cda91485ea6ea3958b48c8d70a9eaf83
case-1882b202ff282a7c3526,mf-b0b282fdfd9832ba9af6,LLM_assistant,no_match,,high,The workflow_id type mismatch is not represented by the preserved cyclic-import alerts.,no_match,,author_confirmed,author_manual_review,author,05ea362b010f82dbcfc6e78578d0058252d2f56047093822c3d6e2645af42beb
case-1bd23fd02f55f8ceb10d,mf-67e6747d81fb5df13084,LLM_assistant,related_distinct,,medium,"The multimodal unpacking regression and CodeQL's overwritten msg assignment (sf-f213c0c7f7e42983170e) occur in the OpenAI mixin, but describe different data-flow and cleanup defects.",related_distinct,,author_confirmed,author_manual_review,author,4d1aa8ff9437aeedcfc3ed76a8281442652f824aa55206708e18f7ff89ebda7d
case-1bd23fd02f55f8ceb10d,mf-fa3babf9e8aa3e7d31df,LLM_assistant,no_match,,high,"The missing ValidationError handling is in _unpack_multimodal; CodeQL's mixed-return alert is in the nested _openai_mutlimodal_format function at line 133, with a different failure condition.",no_match,,author_confirmed,author_manual_review,author,e1396d2075f1b8c7ca230f99792bc3577a8c40647436adbae549f78bdb35fde5
case-1bd23fd02f55f8ceb10d,mf-d3dd325833944081821c,LLM_assistant,no_match,,high,The ineffective Pydantic lifecycle hook is not represented by the mixed-return or redundant-assignment CodeQL alerts.,no_match,,author_confirmed,author_manual_review,author,a1831c73b9a5c2244a543a22599db629a55ce076994f024d4ae414794227603b
case-1bd23fd02f55f8ceb10d,mf-6256b92f2425153918a7,LLM_assistant,no_match,,high,The malformed ValueError construction is not represented by the mixed-return or redundant-assignment CodeQL alerts.,no_match,,author_confirmed,author_manual_review,author,598a6289cad454d78b4ac8374d5b57c81166251d14f03112e4753264d1a51027
case-1bd23fd02f55f8ceb10d,mf-fe9a4e536880eb08dd99,LLM_assistant,no_match,,high,The restrictive multimodal capability test is not represented by the preserved CodeQL alerts.,no_match,,author_confirmed,author_manual_review,author,ca14fc6454784fda2233db60a073e6ce96d0c5e5bc95029b20df8519a7568435
case-1cee12de60b9ec498450,mf-75f501c7d0c6062c0535,LLM_assistant,same_issue,sf-c3b547f75b876dd13bb0|sf-b3da3dd41a305635db10,high,The reviewer groups the adjacent Uid and Gid dereferences before the error check; both CodeQL paths report the same missing-error-check defect.,same_issue,sf-c3b547f75b876dd13bb0|sf-b3da3dd41a305635db10,author_confirmed,author_manual_review,author,941e172f122a6a01b376a6e7ca198ecca59ac18a6cce7ca47bc793f5e2917ed3
case-1cee12de60b9ec498450,mf-25bda74def2cb5fa6093,LLM_assistant,no_match,,high,The unchecked Azure file-property pointers are in a different component from CodeQL's unchecked currentUser result.,no_match,,author_confirmed,author_manual_review,author,8b132bdfd3ab2d4b789670d81891358a2597acb8528ba4cd7f064dd5a9c51a35
case-1cee12de60b9ec498450,mf-69d7e19c359310aa79b5,LLM_assistant,no_match,,high,The discarded transformer error is unrelated to CodeQL's currentUser error check.,no_match,,author_confirmed,author_manual_review,author,84f0b0595cf44d545ec5e1d5b97fbff7fa0e36574fb1cd893a8ba58d8e30b608
case-1cee12de60b9ec498450,mf-be381602638c012b9372,LLM_assistant,no_match,,high,The atime assignment error is unrelated to CodeQL's currentUser error check.,no_match,,author_confirmed,author_manual_review,author,bc61581fbbf8fe66956240f5d0cfe4d0bce4580d65466d140066e0cba890d8bf
case-1cee12de60b9ec498450,mf-01c0f0f968089afb3c5a,LLM_assistant,related_distinct,,medium,The process-wide umask race and CodeQL's unchecked currentUser result occur in the same source-info provider but have different concurrency/error triggers and fixes.,related_distinct,,author_confirmed,author_manual_review,author,4e9daee1acdf4e8cedaca4070b54c0b69b570375fbf66e8ee20d6818f2cf1aae
case-1cee12de60b9ec498450,mf-bd5bef7593642fa2f3cb,LLM_assistant,no_match,,high,The silently ignored command option is unrelated to CodeQL's currentUser error check.,no_match,,author_confirmed,author_manual_review,author,4503ead89098ad661945f7af671d92b8ce9fb9f3bc9a46a0909b6451823db992
case-1cee12de60b9ec498450,mf-32151992601c99be8054,LLM_assistant,no_match,,high,The protocol fallback masking an API error is unrelated to CodeQL's currentUser error check.,no_match,,author_confirmed,author_manual_review,author,a3d22d5ffeccee4cd7532c6d303954b7a724497e92b3239f5716b30dd41304b8
case-2306add458da3672e85f,mf-b35ca1c207e300686ac4,LLM_assistant,no_match,,high,The falsy-zero macro substitution is in a different adapter and is not represented by the automatic-semicolon or overwritten-local alerts.,no_match,,author_confirmed,author_manual_review,author,22c16451b85cd54dd5d876657a7e731dd23b663f00eb51977cf6abac65c0053c
case-255b98f2886754608eeb,mf-bc482b840824d55f0e6f,LLM_assistant,related_distinct,,high,The missing effect dependency and CodeQL's always-true node check (sf-1a5c0a838aa2c684c75e) occur in NovuUI but are independent reactivity and conditional defects.,related_distinct,,author_confirmed,author_manual_review,author,7161889af942f54669c88e90ca524e0c78da029160cbc5ca5894be70685c68ac
case-255b98f2886754608eeb,mf-9e9781c8054fb50ff19e,LLM_assistant,no_match,,high,Failure to move the root element is not represented by CodeQL's constant conditional in the React package.,no_match,,author_confirmed,author_manual_review,author,d5cb61b21905bf5303c225062ff63e06aa4ad804de42c05cdfc1bfeb82842304
case-255b98f2886754608eeb,mf-7ebddc001b63896c7038,LLM_assistant,no_match,,high,The duplicate outside-click registration is not represented by CodeQL's constant conditional.,no_match,,author_confirmed,author_manual_review,author,dcfad6ca8be660fe62603849551399fdbb11fb4172128f8a2948c338566e6983
case-2ad9b8e9de705077d61e,mf-03e9790a4a38f693e1cc,LLM_assistant,no_match,,high,The unchecked Usage pointer is distinct from CodeQL's duplicate message_stop and default branches.,no_match,,author_confirmed,author_manual_review,author,efc69c0a0476aed31a99bf47a6231c89e63fbcb18e2246cb438e83a1edf931f7
case-2ad9b8e9de705077d61e,mf-f0f9cb00251f93881e95,LLM_assistant,no_match,,high,The unchecked Delta pointer in FormatClaudeResponseInfo is distinct from CodeQL's duplicate branches in StreamResponseClaude2OpenAI.,no_match,,author_confirmed,author_manual_review,author,c2feb5e2caac15c7bd807e849b4b14bf9d2f85c3d21bb755be0c413b58bc5668
case-2ad9b8e9de705077d61e,mf-c17ceb1af70da45d069a,LLM_assistant,related_distinct,,high,"The unchecked Delta.StopReason dereference occurs five lines before CodeQL's duplicate message_stop/default branches (sf-34ef125cbcb92651de34) in the same event dispatch chain, but the null-safety and redundant-control-flow defects require different fixes.",related_distinct,,author_confirmed,author_manual_review,author,73819b59c3aa1bbff4e58451cba30bff102ce8ae766dd442d6af32ebfeba2c64
case-2ad9b8e9de705077d61e,mf-99252b0b49937ab3bee2,LLM_assistant,no_match,,high,Discarding ResponseText2Usage errors is distinct from CodeQL's duplicate branches.,no_match,,author_confirmed,author_manual_review,author,1c46c32dafc8f91777e0110f5179fb0a5ea8545323d9633ef8e1cdfd72b62534
case-2ad9b8e9de705077d61e,mf-5b1d6e5df936d06b3ffe,LLM_assistant,no_match,,high,The uncalled conversion helper is distinct from CodeQL's duplicate branches.,no_match,,author_confirmed,author_manual_review,author,db056f3d06cf3157fa3ba7d9cad649bc2bcb942451ee2c3fe992b7133801880f
case-2ad9b8e9de705077d61e,mf-122602026d1728afad47,LLM_assistant,related_distinct,,medium,"The removed reqMode dispatch and CodeQL's duplicate terminal branches occur in StreamResponseClaude2OpenAI, but the unused parameter and duplicated event branches are independent control-flow simplifications.",related_distinct,,author_confirmed,author_manual_review,author,d312d154119918f67728d31f3846e241f3555696590de0486d10111524c9c49b
case-2ad9b8e9de705077d61e,mf-e261d5e3263818db3e67,LLM_assistant,no_match,,high,"The unused parameter is in ResponseClaude2OpenAI, while CodeQL's duplicate branches are in StreamResponseClaude2OpenAI.",no_match,,author_confirmed,author_manual_review,author,a53c9d7e369f3ea7324f1afca221e4703376cdf3d162b7c46897c4856a61f601
case-2c3cde6b08772acb6fc2,mf-7a9083cafcfb2b010b06,LLM_assistant,no_match,,high,"The OpenCL vector-mask behavior is not represented by CodeQL's C++ parameter-size, shadowing, or trivial-switch alerts.",no_match,,author_confirmed,author_manual_review,author,2506ad07eac9f0d56949042bd16b5dc6cf4a7589fc95f8c72d99fd462c59874f
case-2c3cde6b08772acb6fc2,mf-6ba7a56af69fae75b11f,LLM_assistant,no_match,,high,"The zero-mask division is distinct from CodeQL's parameter-size, shadowing, and trivial-switch alerts.",no_match,,author_confirmed,author_manual_review,author,8ddca75d7adaddc940416d2a7e45dd86692e1980605901cb34c36d41782b7755
case-2c3cde6b08772acb6fc2,mf-f95fe293c28875d078d7,LLM_assistant,no_match,,high,"The default empty mask dereference risk is distinct from CodeQL's parameter-size, shadowing, and trivial-switch alerts.",no_match,,author_confirmed,author_manual_review,author,4b251eb9a6a786c5b54d1671a24e81f2774f0ccc60c885dfea8397e6226513a9
case-2c3cde6b08772acb6fc2,mf-a41d53c7ec14ea1f5033,LLM_assistant,no_match,,high,The duplicated threshold implementation is not represented by the preserved CodeQL alerts.,no_match,,author_confirmed,author_manual_review,author,8dc7961e3581c832ce56f8eb6235ca1d29dfb50bce1c76631fad42ca26d78473
case-2c3cde6b08772acb6fc2,mf-2ad8877a8aa23d7a4869,LLM_assistant,no_match,,high,Skipping accelerated paths for masked input is not represented by the preserved CodeQL alerts.,no_match,,author_confirmed,author_manual_review,author,f3115335e3786fa4551ae9e01325f0e3b02a846c7c8aee4c6a3e806bf3a48c66
case-2cdd9473970f9f723f9e,mf-bbbc394edc6ee883ecdd,LLM_assistant,no_match,,high,"The post-quit synchronization deadlock is unrelated to CodeQL's shadowing, short-name, and unused-static-variable alerts.",no_match,,author_confirmed,author_manual_review,author,84af0080fe75b42910a59ae7f0eda1405e136ba46b485bb2ae185d871ae5e531
case-2cdd9473970f9f723f9e,mf-ed30c34330cfb8f8efa6,LLM_assistant,no_match,,high,"Silently dropping queued work is unrelated to CodeQL's shadowing, short-name, and unused-static-variable alerts.",no_match,,author_confirmed,author_manual_review,author,0c4f6dc690da042173ea150b85880834e702130acc05a94b64e4194ad39a7133
case-2cdd9473970f9f723f9e,mf-287108fd178e4ee3fd5d,LLM_assistant,no_match,,high,The unused lambda capture is a different symbol and construct from CodeQL's unused static variables.,no_match,,author_confirmed,author_manual_review,author,ef927c1ad6b111fbad8da9f96eb283475d3c0f4ed9c5c438ece6a7309680f611
case-2cdd9473970f9f723f9e,mf-7e64ca77892dd1a19552,LLM_assistant,no_match,,high,The recursive-lock design is unrelated to CodeQL's preserved alerts.,no_match,,author_confirmed,author_manual_review,author,4e3b83d19ecc1a23113c63e4adad24a86b0a4c2ccf29a74a9da4c348164fffea
case-376baaaedc0c65b1cc07,mf-d563079ed4f665380bd2,LLM_assistant,same_issue,sf-b0fedc69e9185c94f17c,high,Both identify that the early return makes the cleanup body unreachable.,same_issue,sf-b0fedc69e9185c94f17c,author_confirmed,author_manual_review,author,b1bb031eaec77296a7a392a6539224f783c8cb9c76edeabeff49d1cc3e787cc6
case-3a453fb29262930df26d,mf-48cabc41740997cf3b51,LLM_assistant,no_match,,high,The camelCase constructor-key mismatch is unrelated to CodeQL's cyclic import in _inference_endpoints.py.,no_match,,author_confirmed,author_manual_review,author,d795add6fb91b4b5bde3af86d7f4994fc83e12f602b4b803c629e1a4fbc9104e
case-3a453fb29262930df26d,mf-a554b8b46e47a02968eb,LLM_assistant,no_match,,high,The adapter_weights_path key mismatch is unrelated to CodeQL's cyclic import.,no_match,,author_confirmed,author_manual_review,author,2af2125446c321d84f6773625417196bde2143e27c661577a270b93dea4a0674
case-3a453fb29262930df26d,mf-aacedbf117458487abb5,LLM_assistant,no_match,,high,The possible raw-dict mapping value is unrelated to CodeQL's cyclic import.,no_match,,author_confirmed,author_manual_review,author,2b47944baf3c9554d0355ea24d54c928ee3b0dfe894317ee3c994184cbd162fb
case-3a453fb29262930df26d,mf-768d3c921a53cc7e4800,LLM_assistant,no_match,,high,The truthiness-gated mapping conversion is unrelated to CodeQL's cyclic import.,no_match,,author_confirmed,author_manual_review,author,6098423fd4d2baa8c907cd3629df8881f3c33bf3610c12fdf7a90f6fcb63bebb
case-3a453fb29262930df26d,mf-f66423a783269f76b898,LLM_assistant,no_match,,high,The hardcoded model revision is unrelated to CodeQL's cyclic import.,no_match,,author_confirmed,author_manual_review,author,aa8ca6b4709989699aaf424f570b5ff566124a729ca99b5ec14c17e2fdedd0bc
case-3a453fb29262930df26d,mf-ee74dabf9afbeb1cb3af,LLM_assistant,no_match,,high,Overwriting user payload keys is unrelated to CodeQL's cyclic import.,no_match,,author_confirmed,author_manual_review,author,e42b497b87845d8f04759cd43ecccbe21ac87463ec9dbb25ad74784b83dca5d8
case-3a453fb29262930df26d,mf-56fc0f4d9bb9fc57546d,LLM_assistant,no_match,,high,Inconsistent test fixture key naming is unrelated to CodeQL's cyclic import.,no_match,,author_confirmed,author_manual_review,author,ef4b8e151fd8b828b86a114e41f1d335d884dfcb6dad85235eb366fae33bd301
case-3a453fb29262930df26d,mf-85e08838199d9b48e261,LLM_assistant,no_match,,high,The stale provider documentation signature is unrelated to CodeQL's cyclic import.,no_match,,author_confirmed,author_manual_review,author,06bc1f94f2d6b5cbfffe160489f714471f9f228ff05fdfb336b17ba3ba91b7a9
case-3c8177202cf6cc19c412,mf-c270344a02683d8b0d13,LLM_assistant,related_distinct,,medium,"The removed Wicket versioning configuration and CodeQL's uncaught page-number parse (sf-c03a93d29a4ec6544645) occur in the same navigation toolbar, but have different runtime conditions and fixes.",related_distinct,,author_confirmed,author_manual_review,author,829ef7bf091fa99245853332dc566f6e3e2a496e7be5cc62b8c2ecdcb1ca959d
case-3c8177202cf6cc19c412,mf-071efc364af2bde15030,LLM_assistant,related_distinct,,medium,The unexpectedly visible numbered navigation and CodeQL's uncaught page-number parse occur in the same toolbar but are different rendering and input-validation defects.,related_distinct,,author_confirmed,author_manual_review,author,874704bb36b3185bad7aeee6c984a689ae403fbcc359250c39bf176231e29c88
case-3f20570dc7a7eb7615c6,mf-4e368dcc8ba0641d031d,LLM_assistant,same_issue,sf-2741be1828d2b080f33d,high,The method uses cls as its first parameter without classmethod binding; CodeQL and the reviewer describe the same missing decorator/binding defect.,same_issue,sf-2741be1828d2b080f33d,author_confirmed,author_manual_review,author,bcecdd4cd79c0b581e5fcff58bff21ca67e394d348c0fd53ffca1a8838c5f856
case-3f20570dc7a7eb7615c6,mf-054381c0f2d433bc70a2,LLM_assistant,related_distinct,,medium,"The unwrapped repository network errors occur in the same mis-bound loader method for which CodeQL reports cls used without classmethod (sf-2741be1828d2b080f33d), but exception handling and method binding are independent defects.",related_distinct,,author_confirmed,author_manual_review,author,c9a0f24414a207af285632a6f08bf44ff074a12d88bb7f25c1cad07acebb6927
case-3f20570dc7a7eb7615c6,mf-83b1ee37ea692b8a55f2,LLM_assistant,related_distinct,,medium,The unhandled JSON parse and CodeQL's mis-bound loader method occur in the same method but require different fixes.,related_distinct,,author_confirmed,author_manual_review,author,b3a95b14f47ebeddd1d9b150f831813aa410815e6ab3a6fbb750f5b294eadd6c
case-3f20570dc7a7eb7615c6,mf-cfad478e7c41990fd1a2,LLM_assistant,related_distinct,,medium,The repeated dynamic import and CodeQL's mis-bound loader method occur in the same method but are separate performance and binding defects.,related_distinct,,author_confirmed,author_manual_review,author,2a7fbef20bf8fef3f766607396fce325b8d50f93267db002e5ac22893bd027a0
case-3f20570dc7a7eb7615c6,mf-b035c4052f8f92caa7e5,LLM_assistant,related_distinct,,high,The redundant guard and CodeQL's missing classmethod binding describe separate control-flow and binding defects in _load_agent_from_repository.,related_distinct,,author_confirmed,author_manual_review,author,472446bebfdba85b0b70e01428da9dc07b6c695fdcc73e7c6bf7b5baecc96462
case-3fb516ef59e99ebefe90,mf-006f005e8b46a0bd993f,LLM_assistant,no_match,,high,The null preference value is unrelated to CodeQL's number parsing and unread local variable in StoriesFragment.,no_match,,author_confirmed,author_manual_review,author,e4826028e7fa381b0d60735a2edd159148c945068c6b63a82fea872a0bc1bafa
case-3fb516ef59e99ebefe90,mf-b7326a574fc25b6e4ea5,LLM_assistant,no_match,,high,Missing history migration is unrelated to the preserved CodeQL alerts.,no_match,,author_confirmed,author_manual_review,author,d7efa96ea6b9935433b3836e78e6c211452cb13fe57d483bdc4abc46a375dc42
case-3fb516ef59e99ebefe90,mf-0fbfbac6162e1fc17814,LLM_assistant,no_match,,high,Stale in-memory history after clearing preferences is unrelated to the preserved CodeQL alerts.,no_match,,author_confirmed,author_manual_review,author,23e4bd8f2e25770ae3d7dde43334d7c95826da3df441b7df1ac724c5263766b4
case-3fb516ef59e99ebefe90,mf-e75ffd70335f5351a792,LLM_assistant,no_match,,high,Divergent history timestamps are unrelated to the preserved CodeQL alerts.,no_match,,author_confirmed,author_manual_review,author,694a9912e1cb3e2dc70f2e9bb5b520ebc781c073df7214c0ec8a4dfca7b85f1c
case-3fb516ef59e99ebefe90,mf-04ce919efde9f7144c43,LLM_assistant,same_issue,sf-19c58094c5014824ced4,high,Both identify the unread local variable h and its unnecessary computation.,same_issue,sf-19c58094c5014824ced4,author_confirmed,author_manual_review,author,1e10925eec0136e762353f9f30905efed6331c0086e5d1c6721ffdda36f53e89
case-4095aca83f88f54e46ec,mf-96f500e0eb9535d21673,LLM_assistant,no_match,,high,The missing task-state transition is unrelated to CodeQL's semicolon-style alerts.,no_match,,author_confirmed,author_manual_review,author,170e794fca68522236e2f6ed156b4c98e4258bafc5b4c57491c3deef6bbe4661
case-4095aca83f88f54e46ec,mf-5bd072887c3ef2a6c332,LLM_assistant,no_match,,high,The autopilot state deadlock is unrelated to CodeQL's semicolon-style alerts.,no_match,,author_confirmed,author_manual_review,author,52b3fec2d11d7182ddc3b04b9bfbb43f2614c5b8a4a48b4e145c485d1782a8cc
case-4095aca83f88f54e46ec,mf-2bb6328123541aeee6d2,LLM_assistant,no_match,,high,The inconsistent restored-message shape is unrelated to CodeQL's semicolon-style alerts.,no_match,,author_confirmed,author_manual_review,author,c03d64a9f0a9eb757fb173bf367be45368749ed674dbf4aaa7f7470a49cdfc8c
case-4095aca83f88f54e46ec,mf-91f3c1733b64ae6c17ea,LLM_assistant,no_match,,high,Failure to initialize lastMessageId is unrelated to CodeQL's semicolon-style alerts.,no_match,,author_confirmed,author_manual_review,author,b5d0e07bdac2af69a648266b47d4d776e3213f5e663f9864d41533b990889b0f
case-4095aca83f88f54e46ec,mf-f1a0213fff2cb23eac82,LLM_assistant,no_match,,high,The unused conversation-reset feature is unrelated to CodeQL's semicolon-style alerts.,no_match,,author_confirmed,author_manual_review,author,98766c59b6ccb0f478d3cccff134e299999ad6ad696f6be708c7fd5992b4111b
case-40fa8beab703be9d9368,mf-7c22fdf040fc496e8426,LLM_assistant,no_match,,high,The bypassed bidder-level filter is unrelated to CodeQL's semicolon-style alerts in the analytics adapter.,no_match,,author_confirmed,author_manual_review,author,0cb883a10a3a53e285d50cfdc835fd94a123cf954ab1fd01a56666c7d380a4c1
case-40fa8beab703be9d9368,mf-a7e34e99633349bf4cc0,LLM_assistant,no_match,,high,Missing video/native impression fields are unrelated to CodeQL's semicolon-style alerts.,no_match,,author_confirmed,author_manual_review,author,aa63c0bca9709e668c6d9015eed6ce35b1cee9b3d4a8507bfdd1720fd1922c69
case-40fa8beab703be9d9368,mf-4c8524b46194730e7942,LLM_assistant,no_match,,high,The ad event property mismatch is unrelated to CodeQL's semicolon-style alerts.,no_match,,author_confirmed,author_manual_review,author,d0315a18209395137c4187c73ee275c5f56ab1e010188d4465f56c23078f1c81
case-40fa8beab703be9d9368,mf-2cb67d10c6458830779e,LLM_assistant,no_match,,high,The missing null fallback for getFloor is unrelated to CodeQL's semicolon-style alerts.,no_match,,author_confirmed,author_manual_review,author,2dfb96a99e90ceb59dfc1a40f6affcab10e52e296cbb415c866ca4ba1caf74d3
case-40fa8beab703be9d9368,mf-a4f7c0580181c4517d67,LLM_assistant,no_match,,high,The removed optional chain is unrelated to CodeQL's semicolon-style alerts.,no_match,,author_confirmed,author_manual_review,author,d9e7ba9523a0827dfdc2b2fabd523f22ca67188e3908eae8a1842ceef137f294
case-40fa8beab703be9d9368,mf-64f26bd62bc57f6a6f8b,LLM_assistant,no_match,,high,The removed floor-result guard is unrelated to CodeQL's semicolon-style alerts.,no_match,,author_confirmed,author_manual_review,author,48ee17e2436756d7ab3dae727336cae671b3f315e1e897dbe9926d73150f6fd1
case-40fa8beab703be9d9368,mf-ef5b79415e18c02aca52,LLM_assistant,no_match,,high,The incomplete ORTB synchronization is unrelated to CodeQL's semicolon-style alerts.,no_match,,author_confirmed,author_manual_review,author,392850a153e22c6faf9c0705a8b33cf33ace3b4078182875ad9cb15d4abc2e0b
case-40fa8beab703be9d9368,mf-baef29ab118cec29df3e,LLM_assistant,no_match,,high,The renderer URL requirement regression is unrelated to CodeQL's semicolon-style alerts.,no_match,,author_confirmed,author_manual_review,author,4eaf332aca4f3180cd3fb4481ca9b6cbf1425144c2f76aa4927ba1f2e685f65b
case-40fa8beab703be9d9368,mf-97812956e1c298fbec12,LLM_assistant,no_match,,high,The narrowed array guard is unrelated to CodeQL's semicolon-style alerts.,no_match,,author_confirmed,author_manual_review,author,7e2d502c5ad92377e4b005a47486c59541ede5cbc590ccad8706357af0cfc242
case-40fa8beab703be9d9368,mf-d77a2f834ab8591f2932,LLM_assistant,no_match,,high,The altered CSP error handling is unrelated to CodeQL's semicolon-style alerts.,no_match,,author_confirmed,author_manual_review,author,956e5412404ea9989e31a299bf13b509c7e04b59a3437dbc8c2b19f215cef5f2
case-40fa8beab703be9d9368,mf-91c073b44fef5731f5f1,LLM_assistant,no_match,,high,The removed local-storage availability guard is unrelated to CodeQL's semicolon-style alerts.,no_match,,author_confirmed,author_manual_review,author,d6404e7ae75ae0fd15b40f381a9c5dcc80acacb4a7618a1d3a7475cb9d6c4235
case-4161a92d63b830e8d25b,mf-014ffb097c662078a9ac,LLM_assistant,related_distinct,,medium,"The omitted assistant-message state update and CodeQL's insecure random ID generation (sf-9144a00c47cdd2631ceb) occur in the same non-streaming message handler, but are different state and identifier defects.",related_distinct,,author_confirmed,author_manual_review,author,5ba0b948324421975143aba137d0a7e68d990c81e1eac1798e750fa613650d2b
case-4161a92d63b830e8d25b,mf-5ac5dfa61c0e1364af3a,LLM_assistant,no_match,,high,"The stale state snapshot in a callback is not represented by the filesystem, random-ID, conditional, or unused-assignment CodeQL alerts.",no_match,,author_confirmed,author_manual_review,author,d1c552f8e640a154d16fb22cd4a2c1470dba86879b8fa7dfabcd015a02be6051
case-4161a92d63b830e8d25b,mf-29f5e76ecc4486a8fad1,LLM_assistant,same_issue,sf-afa4245d46a5c13ad5ea,high,Both identify that isNewFile is read from the request but never used.,same_issue,sf-afa4245d46a5c13ad5ea,author_confirmed,author_manual_review,author,8dc9f9e78553914d31ee236b5e02cac492ac8c7f48b735ad1185fd96574d72a1
case-4161a92d63b830e8d25b,mf-6ac8ddaddcb6019f25b8,LLM_assistant,no_match,,high,The changed message merge identity is not represented by the preserved CodeQL alerts.,no_match,,author_confirmed,author_manual_review,author,0fe48e7008b0acec1e0f299f14a1f18c723687817a52c2c9b401c78147425e83
case-43645709b6ff2623e8d8,mf-de8ac9a24f08a10d4e5b,LLM_assistant,related_distinct,,medium,The incorrectly nested args processing and CodeQL's unsafe cyclic import occur in build_config.py but have distinct conditions and fixes.,related_distinct,,author_confirmed,author_manual_review,author,428c53382b4f1c361df489f887c7cba82323ba787b5efc39a5b2aba0b066c43d
case-4578c4889514db7150cf,mf-d8820e84f7593b7b4028,LLM_assistant,no_match,,high,The removed channels_last behavior is far from and semantically unrelated to CodeQL's mixed-return alert at the beginning of onnx_ops.py.,no_match,,author_confirmed,author_manual_review,author,a0a1d0c8850a067b4738e1e0655b869c01e2c2058298d781699794a79b9840a8
case-4cf1ca9870497fac9821,mf-ac6fabb3b4807382eda3,LLM_assistant,no_match,,high,The fine-tune prompt-ID contract mismatch is not represented by CodeQL's test-loop/import alerts.,no_match,,author_confirmed,author_manual_review,author,69451960e54ce043a8f41663068ba48eae794243f351414881961be0266791af
case-4cf1ca9870497fac9821,mf-493e4983bfac2990adf0,LLM_assistant,no_match,,high,The stale validation comment is not represented by the preserved CodeQL alerts.,no_match,,author_confirmed,author_manual_review,author,a5be788e8641245825ab88cdde5b4c55434610d35d6f2e3c5a085e955d8ae2dd
case-4cf1ca9870497fac9821,mf-01d9562a429c9f556748,LLM_assistant,no_match,,high,The incomplete validation error text is not represented by the preserved CodeQL alerts.,no_match,,author_confirmed,author_manual_review,author,218d45b9a94ceb7dc52e6724efb48208d54a061f46df4e17cbf76c7ce983a390
case-4cf1ca9870497fac9821,mf-1656d6c62510a30173a8,LLM_assistant,same_issue,sf-634667cf130d5adfb5c8,high,"The reviewer groups three dead imports, including AfterValidator; CodeQL reports that exact unused import.",same_issue,sf-634667cf130d5adfb5c8,author_confirmed,author_manual_review,author,256234ace2f8023c269b48c162e93a1f63af087dee837ca649499e3ac9c28d56
case-4e52a2d6c64a01088271,mf-75ab62469637991e532a,LLM_assistant,related_distinct,,medium,The composite storage-type comparison and CodeQL's semicolon-style alert occur in enforceStorageTypeRule but are different logic and formatting issues.,related_distinct,,author_confirmed,author_manual_review,author,0289531f517b56fe02981fc0a7af2141cd87c0e8ea2e0181fc2875b88d987ded
case-4e52a2d6c64a01088271,mf-c7816302bb3f4c136351,LLM_assistant,related_distinct,,medium,The stale activity-rule lifecycle and CodeQL's semicolon-style alert occur in the same function but have different causes and fixes.,related_distinct,,author_confirmed,author_manual_review,author,41b1e769e7f9bef1e653b471c9307b0dc7a22bfe48c8fe87dfc016c20a63ff35
case-4f8afc12e67d17483588,mf-b12315f863cd5256e126,LLM_assistant,related_distinct,,medium,The dropped includeLogProbs option and CodeQL's user-controlled logging occur in evaluator.ts but are independent provider-option and logging defects.,related_distinct,,author_confirmed,author_manual_review,author,677272a21db8ace6d5528b995ec0e9012699dbdaf60c1e0baf4942f4fe1f8263
case-4f8afc12e67d17483588,mf-df1141432c41037146c7,LLM_assistant,no_match,,high,The impossible test expectation is unrelated to the preserved logging and incompatible-type alerts.,no_match,,author_confirmed,author_manual_review,author,1bc0849bbfd15e87188f332d5b91050520befdbd202b5442979ed2e6b239429d
case-525728e1a062e44ee133,mf-5c9bbbb5c6ae6f12a446,LLM_assistant,no_match,,high,The discarded SYCL dependency event is unrelated to CodeQL's dead goto cases in host_engine.hpp.,no_match,,author_confirmed,author_manual_review,author,05bace2ebe177aeacd9d3a58cd11bbdb710e450f250551c7467c384f44c2fc2b
case-525728e1a062e44ee133,mf-d3b1d174e7ba3987a8f1,LLM_assistant,no_match,,high,The incorrect distributed buffer assertion is unrelated to CodeQL's host-engine switch alerts.,no_match,,author_confirmed,author_manual_review,author,519f651cae25a160f2b656d7d2e29a46b30f7137996f7a3e9b8ccd48adce5578
case-525728e1a062e44ee133,mf-0fbe94f2237a3cc7526b,LLM_assistant,no_match,,high,The incorrect buffer assertion is unrelated to CodeQL's host-engine switch alerts.,no_match,,author_confirmed,author_manual_review,author,405f5e0fec2af417e7c2e18d42110932ab8000ce259e67c4b1953a5adc45bfea
case-525728e1a062e44ee133,mf-e15dff7eb9b7011b4481,LLM_assistant,no_match,,high,The discarded SYCL event is unrelated to CodeQL's host-engine switch alerts.,no_match,,author_confirmed,author_manual_review,author,8fd545aed6ef223085d0def003438442eb7939698b3d04eb2762d130817ab85c
case-525728e1a062e44ee133,mf-2f787e2432e17f3654f6,LLM_assistant,no_match,,high,The unused device-to-host copy is unrelated to CodeQL's host-engine switch alerts.,no_match,,author_confirmed,author_manual_review,author,92a1ce4607d706526ba12c457a38c0223f01386afee11faf4e4c8696c526f071
case-525728e1a062e44ee133,mf-73de30e527ce28d94529,LLM_assistant,no_match,,high,The unused engine_offset parameter is unrelated to CodeQL's host-engine switch alerts.,no_match,,author_confirmed,author_manual_review,author,03c5d26f7430974c4476a4f40fb73c38cd170b2bcdeedc6f0d0053ad09d156e5
case-525728e1a062e44ee133,mf-59122c9a7397c8673a9e,LLM_assistant,no_match,,high,Returning only the final row's event is unrelated to CodeQL's host-engine switch alerts.,no_match,,author_confirmed,author_manual_review,author,f9d1bdb464f8defad9b25dd995600d19687d3a0a550c1977762000685df3736f
case-531a14c51b5c84477849,mf-06b7cfb8376e61c6005b,LLM_assistant,related_distinct,,medium,Repeated knowledge-source mutation and CodeQL's cyclic import occur in agent.py but have different state and dependency causes.,related_distinct,,author_confirmed,author_manual_review,author,67432d8600812b5fd2240fc6e78c4271fd211b09390d5a40140ba45b752141be
case-531a14c51b5c84477849,mf-eea54fa1fe69ad1b5155,LLM_assistant,related_distinct,,medium,The date-format validator and CodeQL's cyclic import occur in agent.py but are independent defects.,related_distinct,,author_confirmed,author_manual_review,author,d0a9f2fa17daf03252f9558d7fae7742c072eedd1b680c5424f8318d3adeb87c
case-531a14c51b5c84477849,mf-48fba73bd72a59fe286d,LLM_assistant,no_match,,high,The rethrow-only handler is not represented by the cyclic-import alert.,no_match,,author_confirmed,author_manual_review,author,74354240393a25209b37911555c65579930ce7d6de15b02a8feb9f55a9d3346b
case-531a14c51b5c84477849,mf-bb6d77d335bdd11f8152,LLM_assistant,no_match,,high,The ineffective test mock is not represented by the cyclic-import alert.,no_match,,author_confirmed,author_manual_review,author,e699b84f990826d54f4dafe29bf45257e8b5d6dd9c0d1121aa5ec66010881420
case-5692e89beef2e6430372,mf-65beb655469e8243f6d4,LLM_assistant,related_distinct,,high,"The missing onCancel callback and CodeQL's always-false isLoading use (sf-35dbb6281bd0ccb0378c) both affect loading controls, but one is a missing callback and the other is a redundant condition in the non-loading branch.",related_distinct,,author_confirmed,author_manual_review,author,e444b18e66cd5a31962afd9743635b2a55a748c34f41973c995712d73bc1bb10
case-5692e89beef2e6430372,mf-8441e47aa859c8ad4b84,LLM_assistant,no_match,,high,The hardcoded textarea height is not represented by the constant-condition alert.,no_match,,author_confirmed,author_manual_review,author,82104a3b9154348960d6cf0725333c34e7ae4559a680cfa0b6ec86efbc69e119
case-5692e89beef2e6430372,mf-82c02522713c787fd17a,LLM_assistant,no_match,,high,Duplicated resize logic is not represented by the constant-condition alert.,no_match,,author_confirmed,author_manual_review,author,4ee0a6d5db4c89bd3627dbc9559b66cbbaa761f70174fb1b69deb48a03c85650
case-5692e89beef2e6430372,mf-94809f6cd73a80ec4ea7,LLM_assistant,no_match,,high,Hardcoded CSS colors are not represented by the TypeScript constant-condition alert.,no_match,,author_confirmed,author_manual_review,author,74e00792dd66ca3ab9ef5c61945490c85e0df87d965a4b40563e45ce680c3212
case-58063cca6b2b2e55d6c8,mf-797cdb8e050834555441,LLM_assistant,related_distinct,,high,"The falsy-zero guard and CodeQL's automatic-semicolon alert are adjacent in creator, but runtime value handling and statement style are distinct issues.",related_distinct,,author_confirmed,author_manual_review,author,9e57a32cd324e59878fbe2c627252715131bdecd26b82388c7299e9cdd4ddc4d
case-58063cca6b2b2e55d6c8,mf-a759e03a082532d67a4a,LLM_assistant,no_match,,high,The unchecked nullable date conversion is not represented by the semicolon-style alert.,no_match,,author_confirmed,author_manual_review,author,8e4f685d668dd797e02af8ba3b6c6b3764d371872a3625c91bb1bcf23637952c
case-58063cca6b2b2e55d6c8,mf-d44f0899fe308f31f182,LLM_assistant,no_match,,high,The unchecked nullable date conversion is not represented by the semicolon-style alert.,no_match,,author_confirmed,author_manual_review,author,3f334e9151a91252053b6354822a58b91eea772f3900948ba3a7e93dbc1b6c3a
case-58063cca6b2b2e55d6c8,mf-eb4e01332c9bd1b14146,LLM_assistant,no_match,,high,The unsafe non-null assertion is not represented by the semicolon-style alert.,no_match,,author_confirmed,author_manual_review,author,d0e9aef86453c317f2a27c29711e0c5920075f0ce41834e6eb3d7e8ba381b0ac
case-58063cca6b2b2e55d6c8,mf-3e793998232f166964c9,LLM_assistant,no_match,,high,The null-only Vega guard is not represented by the semicolon-style alert.,no_match,,author_confirmed,author_manual_review,author,667a997accd6b232dc601458b0060e129ba0d8c8b65358c9c6d408fadc75cda8
case-58063cca6b2b2e55d6c8,mf-a7056b43ed65407f7b18,LLM_assistant,no_match,,high,The null-only Vega guard is not represented by the semicolon-style alert.,no_match,,author_confirmed,author_manual_review,author,c29879f407909e4caa472c0a5f7ff7d1a907e398b7f04e21543c640ea9dd34a3
case-58063cca6b2b2e55d6c8,mf-1995bf70a2f5201a84a7,LLM_assistant,no_match,,high,Displaying a literal null string is not represented by the semicolon-style alert.,no_match,,author_confirmed,author_manual_review,author,9cbe20de18a74f222be8df784bda9a79e0b70075ecc5b5edda01db8b27d375a8
case-58063cca6b2b2e55d6c8,mf-865bcbb70679396fe615,LLM_assistant,related_distinct,,high,"The overload contract describes the same falsy-value implementation adjacent to CodeQL's semicolon-style alert, but type-contract behavior is not statement-style formatting.",related_distinct,,author_confirmed,author_manual_review,author,86a8571897746e6299b71c7ee19a75eeb1f762048430ae7fa53418d002ebe0ba
case-58063cca6b2b2e55d6c8,mf-aee12e88372ce2626217,LLM_assistant,same_issue,sf-f532ccac6a5f28e305cc,high,Both identify reliance on automatic semicolon insertion for the return statement.,same_issue,sf-f532ccac6a5f28e305cc,author_confirmed,author_manual_review,author,8ebf18598e0a1399635533c222888abafad3abe49fd51d110bf4690667b3d239
case-5a5d102c7e9aef574fc5,mf-812a9944e048d75fe095,LLM_assistant,no_match,,high,The narrowed forbidden-import matcher is unrelated to CodeQL's empty handler in autolog.py.,no_match,,author_confirmed,author_manual_review,author,e7eabe4cc12aca87a38e44826eea311f96fed02ed6383df403d0832ee8e90645
case-5a5d102c7e9aef574fc5,mf-0ed9ac23bddbd9051686,LLM_assistant,no_match,,high,Flagging TYPE_CHECKING imports is unrelated to CodeQL's empty handler.,no_match,,author_confirmed,author_manual_review,author,f112963f0614a5e68d397b05946dcc79d5efd9f01d4fca0dd52e18aaf67ccffe
case-5a5d102c7e9aef574fc5,mf-659ff30ce2cc079d3620,LLM_assistant,no_match,,high,Flagging TYPE_CHECKING imports is unrelated to CodeQL's empty handler.,no_match,,author_confirmed,author_manual_review,author,ace5bdd42df6a99e5b404859b8e0682eb937fe14b63cc7f15e628620066ade5d
case-5a5d102c7e9aef574fc5,mf-46eccf29914417ddbbe5,LLM_assistant,no_match,,high,The hardcoded class constructor in a classmethod is unrelated to CodeQL's empty handler.,no_match,,author_confirmed,author_manual_review,author,df38793014c8f16aa157d3c45fc90f686cb4c037c9d88c855d12feb4a00e01c1
case-5a5d102c7e9aef574fc5,mf-df9907b90923af4cc3c6,LLM_assistant,no_match,,high,The hardcoded class constructor in a classmethod is unrelated to CodeQL's empty handler.,no_match,,author_confirmed,author_manual_review,author,108e78acf6381e9f38be428f0590f2798260ac258d2a28306016146d5b82f46f
case-5a5d102c7e9aef574fc5,mf-9ca262249904cd66d860,LLM_assistant,no_match,,high,The hardcoded class constructor in a classmethod is unrelated to CodeQL's empty handler.,no_match,,author_confirmed,author_manual_review,author,f1dc625434f04d5cb2558e9dd9bf16ef40695b234efba04b174dbdc54e7d25c6
case-5a5d102c7e9aef574fc5,mf-241d31bcd25cfc8c026e,LLM_assistant,no_match,,high,The hardcoded enum class in a classmethod is unrelated to CodeQL's empty handler.,no_match,,author_confirmed,author_manual_review,author,d8df46bc7f1ede96f94be56946e25fb03d1c8b042ba7df906171f7729e86afc0
case-5c4295a4e29dfd518b81,mf-d0f4911ca09d57a24c1d,LLM_assistant,no_match,,high,The shell variable syntax failure is unrelated to CodeQL's ClamAV logging and singleton-order alerts.,no_match,,author_confirmed,author_manual_review,author,06c994c3cbe0b2872a5f76b66bc3e00a4d47d6b1eb576a9a1357f90214511102
case-5c4295a4e29dfd518b81,mf-275b55fc030298c02ab0,LLM_assistant,related_distinct,,high,"Silently accepting an unknown scan result and CodeQL's user-controlled result logging occur in the same scan method, but acceptance policy and log injection are different defects.",related_distinct,,author_confirmed,author_manual_review,author,46da1b1c8ddcfde465a3cff7c2cf85af53bea8d1c30be2387e450c87af8a74a1
case-5c4295a4e29dfd518b81,mf-8f28cdd7747c103bd859,LLM_assistant,no_match,,high,The unscanned upload endpoint is not represented by the ClamAVScanner logging alerts.,no_match,,author_confirmed,author_manual_review,author,0f2cc20d1d1915af5fb0b3b35605dfd30303954c160921b49bb087f0760fda0e
case-5c4295a4e29dfd518b81,mf-ebd179394a9d763b0ff8,LLM_assistant,related_distinct,,high,The missing scan timeout and CodeQL's log injection occur in the same scan method but have separate availability and logging-security fixes.,related_distinct,,author_confirmed,author_manual_review,author,30fa7514894d1953d559dc1cae7ea860f5fb0e014dee313512d8ecfd2b555ce1
case-5c4295a4e29dfd518b81,mf-3153246fdfa6218614e6,LLM_assistant,related_distinct,,high,The unclosed input stream and CodeQL's log injection occur in the same scan method but are independent resource and logging defects.,related_distinct,,author_confirmed,author_manual_review,author,a72c24b8dce539dec9eedc63451089a1015d76472975cd5f1abec2b6b72e230a
case-5d259ad82985046d8794,mf-dd06367fc035549da2ff,LLM_assistant,same_issue,sf-b9f257b196fb325642b0,high,Both identify that the early return at line 107 makes the validator body below it unreachable.,same_issue,sf-b9f257b196fb325642b0,author_confirmed,author_manual_review,author,d8c2e6a6194fa3e7d4c00ecf40bbace3270a60a44a30ffc9e121f3317925f26b
case-5d259ad82985046d8794,mf-771f4b825934f5436691,LLM_assistant,no_match,,high,The ignored prompt_id is unrelated to CodeQL's cyclic import and unreachable validator.,no_match,,author_confirmed,author_manual_review,author,dece56579f868ee7a2370bd2458006dac4ea66e835d6f51faba943a61087e72e
case-5d259ad82985046d8794,mf-608826005abc0c364183,LLM_assistant,no_match,,high,The poorly reported job exception is unrelated to CodeQL's cyclic import and unreachable validator.,no_match,,author_confirmed,author_manual_review,author,32627ae2878e01f575b0a2c6cdb4ffd9c6632060bdc5e5e2b920a394d45e2696
case-5d259ad82985046d8794,mf-76f342c0eed46c26a30e,LLM_assistant,no_match,,high,The ignored extra test field is unrelated to CodeQL's cyclic import and unreachable validator.,no_match,,author_confirmed,author_manual_review,author,049695811afb17b34c53b0989b46dafbf1728fce1e4fcddc15f86451af8f1202
case-614e7b1427a1306c4e95,mf-b9ab48123c1d90961cbb,LLM_assistant,no_match,,high,Unreplaced auction-price macros are distinct from CodeQL's semicolon-style alert.,no_match,,author_confirmed,author_manual_review,author,ca6007a02d2c193d272c23638d41e977779f13cd2ad35e4290cfd4ec0e70f9c7
case-614e7b1427a1306c4e95,mf-c3bb0928e60a2ce26b76,LLM_assistant,no_match,,high,The mixed coordinate systems are distinct from CodeQL's semicolon-style alert.,no_match,,author_confirmed,author_manual_review,author,2ddd3819f2f9e1a6e5caed8385f1a25d9e5b963ca40e23fb63ad55076ff018ad
case-614e7b1427a1306c4e95,mf-04fb41d7cb6952f9c58c,LLM_assistant,no_match,,high,The removed credentialed-request option is distinct from CodeQL's semicolon-style alert.,no_match,,author_confirmed,author_manual_review,author,3b0916804acae3d8fbc315051ad0f22085fcb6338cfaf0726134e1223f96e18b
case-614e7b1427a1306c4e95,mf-27cd755d1790e2f8c284,LLM_assistant,no_match,,high,The invalid bidfloor acceptance is distinct from CodeQL's semicolon-style alert.,no_match,,author_confirmed,author_manual_review,author,0d8d922f6c42cb6a8bcc5be511d0da765d2cb01721c65976b922843da48c06b5
case-614e7b1427a1306c4e95,mf-3cf431907ff67c9d0438,LLM_assistant,related_distinct,,high,The unchecked first bid request and CodeQL's semicolon-style alert occur in remapBidRequest but are separate safety and formatting issues.,related_distinct,,author_confirmed,author_manual_review,author,0990753204c627f3d987a9c39da4f2dc3c5ca59df54dd4c88bc189e29e11f01a
case-614e7b1427a1306c4e95,mf-5c91655e9b43ba98b777,LLM_assistant,no_match,,high,The inconsistent test name is not represented by CodeQL's semicolon-style alert.,no_match,,author_confirmed,author_manual_review,author,63360ca59b2056141bf1167f83f11632e9316739f79dd15ff159e5d5dda8583d
case-620175c9a99c49119a2d,mf-913144f6cc1ab12fbd28,LLM_assistant,no_match,,high,The missing exception import is unrelated to CodeQL's override annotation and number parsing alerts.,no_match,,author_confirmed,author_manual_review,author,9bcc96896e329ba00d808956541b3067e79e38ed9a27f4d2627adeadd665956f
case-620175c9a99c49119a2d,mf-60f601bab5ab25e19f50,LLM_assistant,no_match,,high,The partially acquired lock leak is unrelated to the preserved CodeQL alerts.,no_match,,author_confirmed,author_manual_review,author,aa68fcf5aa1c1282c2edb4c2016d553cb63d770a7b2ad83091b34a19dfacb25f
case-620175c9a99c49119a2d,mf-6e397f217d1afbadbb9c,LLM_assistant,no_match,,high,The hyperthread lock-file leak is unrelated to the preserved CodeQL alerts.,no_match,,author_confirmed,author_manual_review,author,44fe6c2fa642ef6a7fcc3cb3c0f4911e064bee8cb220ef229057de62f7059503
case-620175c9a99c49119a2d,mf-ab236c6af153e3113188,LLM_assistant,no_match,,high,The CPU-zero sentinel collision is unrelated to the preserved CodeQL alerts.,no_match,,author_confirmed,author_manual_review,author,769817dc93beb9e23d784ac6412429a27a62c196e8427c4cd5b56259a1252daf
case-620175c9a99c49119a2d,mf-a92976995191417986bf,LLM_assistant,no_match,,high,The missing CPU index bound is unrelated to the preserved CodeQL alerts.,no_match,,author_confirmed,author_manual_review,author,96a6d4f5516bd7b9f351167bc64cae83fbeb3de8a0ed671c86779fbd5d7bda64
case-6810e3569e902f4a518f,mf-f2ec27382e1e6b595a6f,LLM_assistant,no_match,,high,The ineffectual schema set update is unrelated to CodeQL's missing override annotations in generated models.,no_match,,author_confirmed,author_manual_review,author,a356f062858f4fa96c22a56883f22e8cc19b93d5b59724244bac41a497de16ae
case-6ad10cf412f11c064208,mf-61f0b69bae3107365b37,LLM_assistant,related_distinct,,medium,The missing clipboard restoration and CodeQL's separate incomplete AppleScript escaping at line 198 occur in the same automation workflow but have different state-restoration and sanitization fixes.,related_distinct,,author_confirmed,author_manual_review,author,b7e37263ea36f2b6389483ebefea41636f2fc79a497d127759f8c6e9abc08a41
case-6ad10cf412f11c064208,mf-dae795233cd9bdeb4ca2,LLM_assistant,same_issue,sf-5a533b6326ee44b48e6f,high,The reviewer and CodeQL both identify that encodeForAppleScript escapes quotes but leaves backslashes unescaped.,same_issue,sf-5a533b6326ee44b48e6f,author_confirmed,author_manual_review,author,91ca41a79a42a535cf72a41b637e5490ca2a7d41cd997e13bdb76764db02299d
case-6ad10cf412f11c064208,mf-d57060b91d512b47c35b,LLM_assistant,no_match,,high,"The omitted access/launch check is not represented by the sanitization, type-comparison, or unused-import alerts.",no_match,,author_confirmed,author_manual_review,author,db6791d33adee7207086f7fcb3775c893e339163f3ecd34c1d1df2b6bd3531c9
case-6ad10cf412f11c064208,mf-e54f60ae15aeaff78bd4,LLM_assistant,related_distinct,,medium,"Over-broad response text removal and CodeQL's incomplete escaping both transform AppleScript/ChatGPT text in index.ts, but have distinct over-removal and under-escaping failure modes.",related_distinct,,author_confirmed,author_manual_review,author,abe33a586d2a0e75845a7d712036def3269781b8d4fc0e195f39c4da790c40b9
case-72d9d34b8bd7f1c63abc,mf-c87faa265cbbbcfb02f2,LLM_assistant,no_match,,high,Vector reallocation invalidating callback pointers is distinct from CodeQL's empty if and nested-function alerts.,no_match,,author_confirmed,author_manual_review,author,823541d16518a476f0df5b986caafa83a1cae7d5b87428244e9068b94c448166
case-72d9d34b8bd7f1c63abc,mf-dba0db6c37516b7f1dbd,LLM_assistant,related_distinct,,high,"The unchecked shared manager and CodeQL's empty status handler occur in the same asynchronous setup block, but null-safety and ignored-status defects have different fixes.",related_distinct,,author_confirmed,author_manual_review,author,da8ed96b055fdc6488bd862e1f9d9254ee66e4b3a4332251f9f2c91b2477420f
case-72d9d34b8bd7f1c63abc,mf-983aa96a5ae9958286af,LLM_assistant,no_match,,high,The callback lifetime use-after-free is not represented by CodeQL's empty if or function-in-block alerts.,no_match,,author_confirmed,author_manual_review,author,b1c218f33f9bf1bb74a54b82833afc756605a75f319933d8c15f62f717546a15
case-72d9d34b8bd7f1c63abc,mf-e9195d53a99f4a29b228,LLM_assistant,no_match,,high,The unlocked map reads are not represented by CodeQL's empty if or function-in-block alerts.,no_match,,author_confirmed,author_manual_review,author,f99a286dfbf3bf4af0c71fce2e621f425c53a2c8d5e57b55ddf23c0014a74a21
case-72d9d34b8bd7f1c63abc,mf-d284d02a35c959eb86f9,LLM_assistant,same_issue,sf-357f6774d50fcac7fbd4,high,The callback places status in a condition whose branch is empty solely to suppress an unused warning. CodeQL flags that empty if; the reviewer explains the same defect's consequence: the asynchronous creation error is never handled.,same_issue,sf-357f6774d50fcac7fbd4,author_confirmed,author_manual_review,author,02ca4c91bb48f86aa69c8dca0d3e5d2f46cced941599c448bea1d780748fc35f
case-72d9d34b8bd7f1c63abc,mf-79888c62fc8b6161d4a9,LLM_assistant,no_match,,high,The unchecked runtime function pointer is not represented by CodeQL's empty if or function-in-block alerts.,no_match,,author_confirmed,author_manual_review,author,62f16f6ed51fd43c9c40d031c7e2c43e66cabc382a5e3e3bbee7e1376951c729
case-72d9d34b8bd7f1c63abc,mf-8746361676c68a45bdb7,LLM_assistant,no_match,,high,The context map race is not represented by CodeQL's empty if or function-in-block alerts.,no_match,,author_confirmed,author_manual_review,author,fd89200c41fa3d2a9247857892faa81cf8a9370678ba9e0fc35651c03de7c032
case-7752a6d9d5c913b909f9,mf-5b85b8147f5d8d90f5f6,LLM_assistant,related_distinct,,medium,Persisting an expiring image URL and CodeQL's insecure temp-file handling occur in the same image-processing route but concern remote-object lifetime and local-file security.,related_distinct,,author_confirmed,author_manual_review,author,4ca867e4ffa68a29ca94842ae9ad74088424227fa2bc91bf3de4da76390df70c
case-7752a6d9d5c913b909f9,mf-6e530d93f5364a0568fd,LLM_assistant,related_distinct,,medium,Selecting the wrong OpenAI image endpoint and CodeQL's insecure temp-file handling occur in the same route but are different API semantics and filesystem-security defects.,related_distinct,,author_confirmed,author_manual_review,author,18f67227172d295f41c919acfaee9845ea8c1de6ad900311264073f7a67b1b33
case-7752a6d9d5c913b909f9,mf-8982e5a69876f384c66a,LLM_assistant,no_match,,high,Lost processType metadata is not represented by the preserved route/file-preview alerts.,no_match,,author_confirmed,author_manual_review,author,3376bb3ff606bcefb498679da76dc284a1ff7105adcff1ecd8f204ab1c04e838
case-7752a6d9d5c913b909f9,mf-599abf63f66231910535,LLM_assistant,no_match,,high,Nonstandard fallback MIME types are not represented by the preserved CodeQL alerts.,no_match,,author_confirmed,author_manual_review,author,e2feffc211252092cc6f5244b3fd09e878dce8738e434ccd636fbcaeafcb1091
case-7752a6d9d5c913b909f9,mf-4d3f13ee6cd6da9fb245,LLM_assistant,no_match,,high,Deferred R2 credential failure is not represented by the preserved CodeQL alerts.,no_match,,author_confirmed,author_manual_review,author,611bb3b7fdfdc25fce8782146a3f16f259810b9e40e38b7cfb92a3e105e118f0
case-7752a6d9d5c913b909f9,mf-7fc8b25fb388c67e428c,LLM_assistant,no_match,,high,The unordered limited queue query is not represented by the preserved CodeQL alerts.,no_match,,author_confirmed,author_manual_review,author,0417ae870f09347c7992678fddd297d8900f28607c4c9cec5b7d3db82409fe99
case-7752a6d9d5c913b909f9,mf-ea19a2154ee3269ac8ab,LLM_assistant,no_match,,high,The always-triggered processing path is in file-handler.ts and is distinct from CodeQL's route.ts constant condition.,no_match,,author_confirmed,author_manual_review,author,e600c73ccb26f1ca2ced2f7a2d9aaf2d495191615c499e5e902f74a73a9c07f0
case-7752a6d9d5c913b909f9,mf-3b6b9d4ec83db3b54939,LLM_assistant,no_match,,high,The removed failure log is not the same as CodeQL's separate user-controlled logging alert.,no_match,,author_confirmed,author_manual_review,author,13c5d7996529a72a325e0d53ac775556822966db2a44d1136dee7cbf4d92aad3
case-7752a6d9d5c913b909f9,mf-5152da9630e2dfc467b1,LLM_assistant,no_match,,high,Redundant OpenAI client construction is not represented by the preserved CodeQL alerts.,no_match,,author_confirmed,author_manual_review,author,2498c2b48fe5478909f7f4a55546948569fe3180d8903fe7749b130ef8a4a27b
case-7752a6d9d5c913b909f9,mf-888af6ca801e81ebd116,LLM_assistant,no_match,,high,Duplicated moderation implementations are not represented by the preserved CodeQL alerts.,no_match,,author_confirmed,author_manual_review,author,2fa2ee8d82df9bbb3cae6fd7c294779915ab2731f7fa19bb81107bac385507f3
case-7752a6d9d5c913b909f9,mf-f3607d6a41e9ae660be3,LLM_assistant,same_issue,sf-ea2190d5e89abdfe0013|sf-31691eb9d307bd01136f|sf-ab9efb5c8d96da9af18f|sf-807473e2ea683c060958,high,"The reviewer explicitly groups isPdf, isImage, isText, and handleError as unused; the four CodeQL alerts are those same dead values.",same_issue,sf-ea2190d5e89abdfe0013|sf-31691eb9d307bd01136f|sf-ab9efb5c8d96da9af18f|sf-807473e2ea683c060958,author_confirmed,author_manual_review,author,5edf4bbf026ac1e5966f019e2c1e7ad336ff15834467e262ec2ed5041909f32f
case-7752a6d9d5c913b909f9,mf-6a08469091876095a3e5,LLM_assistant,no_match,,high,The hardcoded token estimate is not represented by the preserved CodeQL alerts.,no_match,,author_confirmed,author_manual_review,author,d7868f7576d9bef8e374cb4ddf6f7c1df013fd2e3b2079999d80928f6462dd51
case-781243d89e391c3fb5dd,mf-6934f142f1675587243a,LLM_assistant,related_distinct,,medium,"Manual packet review found the Reviewer finding and the preserved CodeQL alert set (py/unsafe-cyclic-import, py/unused-import) in the same component or causal neighborhood, but with materially different failure conditions and fixes.",related_distinct,,author_confirmed,author_manual_review,author,9ee4838c61e71d4b2e4eac71f355d72dde1856b44e0352e6d2f7d7785c94191c
case-781243d89e391c3fb5dd,mf-1b428ec90758835508be,LLM_assistant,related_distinct,,medium,"Manual packet review found the Reviewer finding and the preserved CodeQL alert set (py/unsafe-cyclic-import, py/unused-import) in the same component or causal neighborhood, but with materially different failure conditions and fixes.",related_distinct,,author_confirmed,author_manual_review,author,5848714ff5b243fe51d63edca0701b026d6e995a3ebac77ca0b95104a675b092
case-781243d89e391c3fb5dd,mf-4225e9eaf0486e03d823,LLM_assistant,related_distinct,,medium,"Manual packet review found the Reviewer finding and the preserved CodeQL alert set (py/unsafe-cyclic-import, py/unused-import) in the same component or causal neighborhood, but with materially different failure conditions and fixes.",related_distinct,,author_confirmed,author_manual_review,author,cb3d29d06dd80f60ec7c5afa0d8176d477fbaaabf2c9a27ad562ac7e299a14c2
case-781243d89e391c3fb5dd,mf-f96f8b74cfd2134221c6,LLM_assistant,related_distinct,,medium,"Manual packet review found the Reviewer finding and the preserved CodeQL alert set (py/unsafe-cyclic-import, py/unused-import) in the same component or causal neighborhood, but with materially different failure conditions and fixes.",related_distinct,,author_confirmed,author_manual_review,author,8ff507738b811e33b6ea3b5efbc067f79c0be1508194b59d773bb8e5c733e8dd
case-781243d89e391c3fb5dd,mf-0572841493eac2be9706,LLM_assistant,related_distinct,,medium,"Manual packet review found the Reviewer finding and the preserved CodeQL alert set (py/unsafe-cyclic-import, py/unused-import) in the same component or causal neighborhood, but with materially different failure conditions and fixes.",related_distinct,,author_confirmed,author_manual_review,author,29dc468b186d1901bd384cbf0009fcab9f87c87bf0c4d807d825af5f0003b490
case-781243d89e391c3fb5dd,mf-18976ea71acbc7b2fba7,LLM_assistant,related_distinct,,medium,"Manual packet review found the Reviewer finding and the preserved CodeQL alert set (py/unsafe-cyclic-import, py/unused-import) in the same component or causal neighborhood, but with materially different failure conditions and fixes.",related_distinct,,author_confirmed,author_manual_review,author,cdd484da6fca589286c4f12b07469d4f06307666773dba824a103865d400101d
case-7a8a934168b2b85d88cc,mf-d4e5c36d1bafce81c263,LLM_assistant,no_match,,high,Manual packet review found no preserved CodeQL reference describing the same defect; available rules were cpp/loop-variable-changed.,no_match,,author_confirmed,author_manual_review,author,2bad2faac76d0f65ca7019af29ce20dcccd586067bbdded3c920e0525120ed2a
case-7a8a934168b2b85d88cc,mf-06ac1321356989b98613,LLM_assistant,no_match,,high,Manual packet review found no preserved CodeQL reference describing the same defect; available rules were cpp/loop-variable-changed.,no_match,,author_confirmed,author_manual_review,author,1accb5c1b32d3dddb82aff82256272316d559f77d32c5baada782cf46f33c7c6
case-7a8a934168b2b85d88cc,mf-c1a99912a72effc535b3,LLM_assistant,no_match,,high,Manual packet review found no preserved CodeQL reference describing the same defect; available rules were cpp/loop-variable-changed.,no_match,,author_confirmed,author_manual_review,author,78354d9e08e5fa294d047e342e6b3418195e891a27124957c4891fd6c625de6f
case-7a8a934168b2b85d88cc,mf-3a12513910a3c4282203,LLM_assistant,no_match,,high,Manual packet review found no preserved CodeQL reference describing the same defect; available rules were cpp/loop-variable-changed.,no_match,,author_confirmed,author_manual_review,author,f70095e4e7b02cbfd8b1563205dc7aba837b43871f1b7d4f0c11c25532a3ed3a
case-7a8a934168b2b85d88cc,mf-8b529d19c4fd57fab1de,LLM_assistant,no_match,,high,Manual packet review found no preserved CodeQL reference describing the same defect; available rules were cpp/loop-variable-changed.,no_match,,author_confirmed,author_manual_review,author,35ce6361f1b23a3e575bf87cc948d98a179b49a0a5b19fcfae160088d018dc0e
case-7a8a934168b2b85d88cc,mf-aca4b9dc508a414eb4ff,LLM_assistant,no_match,,high,Manual packet review found no preserved CodeQL reference describing the same defect; available rules were cpp/loop-variable-changed.,no_match,,author_confirmed,author_manual_review,author,eba756c0fa376a5218b36b0de06605716dda507494562af07369d60eacfe3a1b
case-7a8a934168b2b85d88cc,mf-350e692462b3b348b405,LLM_assistant,no_match,,high,Manual packet review found no preserved CodeQL reference describing the same defect; available rules were cpp/loop-variable-changed.,no_match,,author_confirmed,author_manual_review,author,dada2901b77f9ae69d01054351401865f4d67bc2c7221aa3023cd289f18d0e9f
case-7a8a934168b2b85d88cc,mf-96ad52f304c3ec4152da,LLM_assistant,no_match,,high,Manual packet review found no preserved CodeQL reference describing the same defect; available rules were cpp/loop-variable-changed.,no_match,,author_confirmed,author_manual_review,author,62230cc10cdfbf585a9153d099a319c9a84bf05a712d4851c49f00c40795ca8e
case-7a8a934168b2b85d88cc,mf-8619c2034e25da3134b6,LLM_assistant,no_match,,high,Manual packet review found no preserved CodeQL reference describing the same defect; available rules were cpp/loop-variable-changed.,no_match,,author_confirmed,author_manual_review,author,d5ce5b05073aed5d83d74ef9d29d85f63d32584464251050ec3ded9281098d50
case-7a8a934168b2b85d88cc,mf-18613ec02f20185465a7,LLM_assistant,no_match,,high,Manual packet review found no preserved CodeQL reference describing the same defect; available rules were cpp/loop-variable-changed.,no_match,,author_confirmed,author_manual_review,author,c74c61f34e1c50e8428f974588979009c023ae07acbafa80361af23311f1abc6
case-7edd902574e5d13c004d,mf-fd8d14671d6a22b31a8f,LLM_assistant,no_match,,high,Manual packet review found no preserved CodeQL reference describing the same defect; available rules were py/overly-complex-delete.,no_match,,author_confirmed,author_manual_review,author,696678134dd93c192b853589b34753ef3b101f6aeaf0b0501a68bf7021e3c32f
case-7edd902574e5d13c004d,mf-08781748c34aae32fbab,LLM_assistant,related_distinct,,medium,"Manual packet review found the Reviewer finding and the preserved CodeQL alert set (py/overly-complex-delete) in the same component or causal neighborhood, but with materially different failure conditions and fixes.",related_distinct,,author_confirmed,author_manual_review,author,ab05b8f6ca6699fe5d2cab02bd7dd86cbb7626ba8516bf68cb17a499df35976a
case-7edd902574e5d13c004d,mf-4ea11328dad67a86c546,LLM_assistant,no_match,,high,Manual packet review found no preserved CodeQL reference describing the same defect; available rules were py/overly-complex-delete.,no_match,,author_confirmed,author_manual_review,author,272d45809b0cc4efecc5c25c68fb0d9dd418e55756c44f1c537e1f77fc45e8d5
case-7edd902574e5d13c004d,mf-7217a8ea5fa33ba03cf3,LLM_assistant,related_distinct,,medium,"Manual packet review found the Reviewer finding and the preserved CodeQL alert set (py/overly-complex-delete) in the same component or causal neighborhood, but with materially different failure conditions and fixes.",related_distinct,,author_confirmed,author_manual_review,author,acf227b698c00464ae1af982e4a8b82470633adcd4f25bd97a95fc7353b293ff
case-7edd902574e5d13c004d,mf-d7c634fbaf18a6db274a,LLM_assistant,related_distinct,,medium,"Manual packet review found the Reviewer finding and the preserved CodeQL alert set (py/overly-complex-delete) in the same component or causal neighborhood, but with materially different failure conditions and fixes.",related_distinct,,author_confirmed,author_manual_review,author,dd9eb0b69d308a16f1d9d909b79555b35c0051f6424d71f4f59589a0f1a80223
case-7fb6be0a9ff351d07097,mf-dd717874f9180842abd1,LLM_assistant,related_distinct,,medium,"Manual packet review found the Reviewer finding and the preserved CodeQL alert set (cpp/declaration-hides-variable) in the same component or causal neighborhood, but with materially different failure conditions and fixes.",related_distinct,,author_confirmed,author_manual_review,author,909667fc4fca8baeff760616c4af4db653162d44a17eb138a7e3d883a777d951
case-7fb6be0a9ff351d07097,mf-911cfe15fedb0e936809,LLM_assistant,related_distinct,,medium,"Manual packet review found the Reviewer finding and the preserved CodeQL alert set (cpp/declaration-hides-variable) in the same component or causal neighborhood, but with materially different failure conditions and fixes.",related_distinct,,author_confirmed,author_manual_review,author,1c20bf924d6e4cd99c92e3db10abcd5948bb1caa97c1dab509ef8758b3c2b1e9
case-7fb6be0a9ff351d07097,mf-d475d70df38c19aa1e87,LLM_assistant,related_distinct,,medium,"Manual packet review found the Reviewer finding and the preserved CodeQL alert set (cpp/declaration-hides-variable) in the same component or causal neighborhood, but with materially different failure conditions and fixes.",related_distinct,,author_confirmed,author_manual_review,author,d2f3d920f2bcf6f29bd4045d84220ed8f78daf0a5123ad604ad12166d62a7428
case-7fb6be0a9ff351d07097,mf-2deffd75fe0b501f270f,LLM_assistant,no_match,,high,Manual packet review found no preserved CodeQL reference describing the same defect; available rules were cpp/declaration-hides-variable.,no_match,,author_confirmed,author_manual_review,author,1aaa3dca1912a22a39aefc136eb3ff0fc8291070d6e7a60649177b2a0f317509
case-825e526ce8d150c686e2,mf-a2c5822a062ca2202d63,LLM_assistant,no_match,,high,Manual packet review found no preserved CodeQL reference describing the same defect; available rules were py/attribute-shadows-method.,no_match,,author_confirmed,author_manual_review,author,f1d5fbbea6fe02b27467a9aaa11b2b51c57a84db506be4f917cdff58fd7fb3c2
case-825e526ce8d150c686e2,mf-97ccae07d6a17abb4d7c,LLM_assistant,no_match,,high,Manual packet review found no preserved CodeQL reference describing the same defect; available rules were py/attribute-shadows-method.,no_match,,author_confirmed,author_manual_review,author,d8c1245417fad704af5f38404fbfdad6b9ae51231d0685a738335c7233c8ee98
case-825e526ce8d150c686e2,mf-2bf843ae1aecde330e21,LLM_assistant,no_match,,high,Manual packet review found no preserved CodeQL reference describing the same defect; available rules were py/attribute-shadows-method.,no_match,,author_confirmed,author_manual_review,author,d46c6bd177decf7d91505aa5cd0b84a6cbee7888b0c0a870061ec2faa374031d
case-82870bc3110df4617202,mf-495c57f6fde5d0e20269,LLM_assistant,no_match,,high,Manual packet review found no preserved CodeQL reference describing the same defect; available rules were js/automatic-semicolon-insertion.,no_match,,author_confirmed,author_manual_review,author,dc50900047e2677f1c74bb84c1599789ecbc530aca539e352af94ae2ebf3ec5b
case-82870bc3110df4617202,mf-f2d149030fdedc698be5,LLM_assistant,related_distinct,,medium,"Manual packet review found the Reviewer finding and the preserved CodeQL alert set (js/automatic-semicolon-insertion) in the same component or causal neighborhood, but with materially different failure conditions and fixes.",related_distinct,,author_confirmed,author_manual_review,author,be75197ab7ec6e0bf5ccc8a72c42c648368da7a5df4f09fe6fdf16502136203e
case-82870bc3110df4617202,mf-6237f044c12af2e3e1e3,LLM_assistant,no_match,,high,Manual packet review found no preserved CodeQL reference describing the same defect; available rules were js/automatic-semicolon-insertion.,no_match,,author_confirmed,author_manual_review,author,f60d0af770e2d5637b8c4ddc5e0f6fd28caba918257be40d905728221b7f8568
case-8759efacbf1ad8eda644,mf-1637ed90193560c30b38,LLM_assistant,no_match,,high,"Manual packet review found no preserved CodeQL reference describing the same defect; available rules were js/automatic-semicolon-insertion, js/comparison-between-incompatible-types, js/redundant-operation, js/unused-local-variable.",no_match,,author_confirmed,author_manual_review,author,332d39d27c1465ee9a9e516bda4e8c6fb8c683d35f1803e059da832f537becf0
case-8759efacbf1ad8eda644,mf-27dccdbc3f9228973956,LLM_assistant,no_match,,high,"Manual packet review found no preserved CodeQL reference describing the same defect; available rules were js/automatic-semicolon-insertion, js/comparison-between-incompatible-types, js/redundant-operation, js/unused-local-variable.",no_match,,author_confirmed,author_manual_review,author,1970d0a1e7386917919d6a741cdc41d5afd874a694e7f55bda6a6884902bf3d2
case-8759efacbf1ad8eda644,mf-773ef97fe2dd3031c1c8,LLM_assistant,same_issue,sf-18403391cd1d77815e51,high,Both identify the duplicated preview URL operand that prevents the intended custom-domain fallback.,same_issue,sf-18403391cd1d77815e51,author_confirmed,author_manual_review,author,791593df81bc8669ad6da89dd72ffe62f1236583e8be3cad290f81cd9fa621f3
case-8759efacbf1ad8eda644,mf-398b098f939e79261d23,LLM_assistant,related_distinct,,medium,"Manual packet review found the Reviewer finding and the preserved CodeQL alert set (js/automatic-semicolon-insertion, js/comparison-between-incompatible-types, js/redundant-operation, js/unused-local-variable) in the same component or causal neighborhood, but with materially different failure conditions and fixes.",related_distinct,,author_confirmed,author_manual_review,author,c7bf3657d9a64894a9420fdb84b6cd577390cc60d3b85f1fa586c56f861f297a
case-8759efacbf1ad8eda644,mf-e53ba25ef76e2a7aa6f2,LLM_assistant,same_issue,sf-18403391cd1d77815e51,medium,"CodeQL identifies the duplicated preview-domain operand that omits the intended next fallback. The reviewer follows the resulting fallback chain to a concrete undefined-baseUrl failure in the same page component. The symptom is downstream of the same redundant operand, although an available sandbox URL can mask it.",same_issue,sf-18403391cd1d77815e51,author_confirmed,author_manual_review,author,21c57aa12f793d9434e1d418a83fcbeb0ac107fc88e42885de9f3fcc9a9e13e4
case-8759efacbf1ad8eda644,mf-a60a4039d07c17c66015,LLM_assistant,no_match,,high,"Manual packet review found no preserved CodeQL reference describing the same defect; available rules were js/automatic-semicolon-insertion, js/comparison-between-incompatible-types, js/redundant-operation, js/unused-local-variable.",no_match,,author_confirmed,author_manual_review,author,14ebc8cc3f983d055dd2dafcdd7d02cdd1e8bca56f6c9a73ab44771b6695953c
case-8759efacbf1ad8eda644,mf-1281f467c91dac834c10,LLM_assistant,no_match,,high,"Manual packet review found no preserved CodeQL reference describing the same defect; available rules were js/automatic-semicolon-insertion, js/comparison-between-incompatible-types, js/redundant-operation, js/unused-local-variable.",no_match,,author_confirmed,author_manual_review,author,a6789cb03b6f569dfc8f399200b57983911ab77f83de81df2d88154c7cd695d5
case-8759efacbf1ad8eda644,mf-f9d1c741682385cccc31,LLM_assistant,no_match,,high,"Manual packet review found no preserved CodeQL reference describing the same defect; available rules were js/automatic-semicolon-insertion, js/comparison-between-incompatible-types, js/redundant-operation, js/unused-local-variable.",no_match,,author_confirmed,author_manual_review,author,b46204cd6c81132cffe51e0ca8cff60d7a41010b27b739006f2d62e8e576ca71
case-8951dec5ce285d98965c,mf-908c060e62784652d055,LLM_assistant,no_match,,high,Manual packet review found no preserved CodeQL reference describing the same defect; available rules were py/mixed-returns.,no_match,,author_confirmed,author_manual_review,author,754cf9d9a20bd1db4aaf36eb3b4817ac6404668e4ec4d0d3e64b3447dd329570
case-8e80f8f75b18fc1f2c20,mf-15be314d31bbb6677423,LLM_assistant,related_distinct,,medium,"Manual packet review found the Reviewer finding and the preserved CodeQL alert set (py/cyclic-import) in the same component or causal neighborhood, but with materially different failure conditions and fixes.",related_distinct,,author_confirmed,author_manual_review,author,d74ef3f21627b7d10d6f054fc29bba99382536ec9dc01bdefeab6c667022220e
case-8e80f8f75b18fc1f2c20,mf-e94e1510ec09a804a0ea,LLM_assistant,related_distinct,,medium,"Manual packet review found the Reviewer finding and the preserved CodeQL alert set (py/cyclic-import) in the same component or causal neighborhood, but with materially different failure conditions and fixes.",related_distinct,,author_confirmed,author_manual_review,author,268c68113231ba53deb29c5d3b8ba5e9d53052e01c125dec38b6831e57172529
case-8e80f8f75b18fc1f2c20,mf-a5120651d34efec82580,LLM_assistant,no_match,,high,Manual packet review found no preserved CodeQL reference describing the same defect; available rules were py/cyclic-import.,no_match,,author_confirmed,author_manual_review,author,08d0c6b672f8feff0d9aa4c0a7482389d3192ca5b09cb0517cc73c96292ba991
case-925775ad39947c2066a7,mf-fc83a81244d98cd19bc0,LLM_assistant,related_distinct,,medium,"Manual packet review found the Reviewer finding and the preserved CodeQL alert set (py/catch-base-exception) in the same component or causal neighborhood, but with materially different failure conditions and fixes.",related_distinct,,author_confirmed,author_manual_review,author,4f5b513cbf8ee78801ddaccc28c6782aaae8a1f1cfb26b368f581ee2f16e31d3
case-925775ad39947c2066a7,mf-cadc151e6e21ce6aefd9,LLM_assistant,same_issue,sf-7dcd6d87ef4cd5464e10,high,Both identify the bare except that directly catches BaseException subclasses.,same_issue,sf-7dcd6d87ef4cd5464e10,author_confirmed,author_manual_review,author,9a45688810e5846382d56a9cc1aff59c837be729414950cacf9279341a3d5940
case-925775ad39947c2066a7,mf-5d27ebb328b436f74e6b,LLM_assistant,related_distinct,,medium,"Manual packet review found the Reviewer finding and the preserved CodeQL alert set (py/catch-base-exception) in the same component or causal neighborhood, but with materially different failure conditions and fixes.",related_distinct,,author_confirmed,author_manual_review,author,2fcb67137d5a6f58c4bae820188934b2552045cc68e2be775236858ebff06e22
case-9258fcf27373a933e7e2,mf-3c1baffbf9d808e3fa08,LLM_assistant,no_match,,high,Manual packet review found no preserved CodeQL reference describing the same defect; available rules were py/unreachable-except.,no_match,,author_confirmed,author_manual_review,author,7d65a0a8f582c99ec234359c0bbde8c8c9e2cc61582d7b62db5e4476223614a9
case-9258fcf27373a933e7e2,mf-7f780379c539d58b53ab,LLM_assistant,no_match,,high,Manual packet review found no preserved CodeQL reference describing the same defect; available rules were py/unreachable-except.,no_match,,author_confirmed,author_manual_review,author,1748be59d92bacbff10f94592bf3c24b0e55c5909d3760279670e6ff1b3ce662
case-9258fcf27373a933e7e2,mf-74e2ca662355f7b961be,LLM_assistant,no_match,,high,Manual packet review found no preserved CodeQL reference describing the same defect; available rules were py/unreachable-except.,no_match,,author_confirmed,author_manual_review,author,cc07cfc7af277242c601d71da6eead4dd9520c85bce9ba0363364a943c1e29fa
case-9597ed92b1be9122fd86,mf-59f4e9d4eb46d7bf939a,LLM_assistant,related_distinct,,medium,"Manual packet review found the Reviewer finding and the preserved CodeQL alert set (py/unsafe-cyclic-import) in the same component or causal neighborhood, but with materially different failure conditions and fixes.",related_distinct,,author_confirmed,author_manual_review,author,1f97156f1db5ead5d0c8f602333f7c244c1e25178cc942c7f24d8a1ef193aed1
case-9597ed92b1be9122fd86,mf-f210a7b607a99ebaedcc,LLM_assistant,related_distinct,,medium,"Manual packet review found the Reviewer finding and the preserved CodeQL alert set (py/unsafe-cyclic-import) in the same component or causal neighborhood, but with materially different failure conditions and fixes.",related_distinct,,author_confirmed,author_manual_review,author,3c0c36bc2a9e51d5656d4902301c1a0f5aa2372e1ed0e24acd85e9064e3dde98
case-97ffe4b940da60fc3723,mf-c1193b86269a8e0d563c,LLM_assistant,related_distinct,,medium,"Manual packet review found the Reviewer finding and the preserved CodeQL alert set (py/cyclic-import) in the same component or causal neighborhood, but with materially different failure conditions and fixes.",related_distinct,,author_confirmed,author_manual_review,author,03b2e21a3be94bb8eb9ce5b7216dd63c7fdb013ea2db05394ffe956d5f3cceb0
case-97ffe4b940da60fc3723,mf-8fdee0fca6548a711579,LLM_assistant,related_distinct,,medium,"Manual packet review found the Reviewer finding and the preserved CodeQL alert set (py/cyclic-import) in the same component or causal neighborhood, but with materially different failure conditions and fixes.",related_distinct,,author_confirmed,author_manual_review,author,61e6bf2fd7555ca4bc08071413229ad10779d0e3e32e5342b023572347fe511e
case-97ffe4b940da60fc3723,mf-f16ec6131e180bf76fe2,LLM_assistant,no_match,,high,Manual packet review found no preserved CodeQL reference describing the same defect; available rules were py/cyclic-import.,no_match,,author_confirmed,author_manual_review,author,ef2672b83aecfe0f06ba968dc716a9271518b109aa5d1c11970d827ab7a7c4b0
case-97ffe4b940da60fc3723,mf-fc5c0b7d31a3c48172b0,LLM_assistant,no_match,,high,Manual packet review found no preserved CodeQL reference describing the same defect; available rules were py/cyclic-import.,no_match,,author_confirmed,author_manual_review,author,231907995209e7579906f3a40cb078e1d32d62cb8f6ccd73cd9bb644a3061839
case-97ffe4b940da60fc3723,mf-f713b1816935ad7e2926,LLM_assistant,no_match,,high,Manual packet review found no preserved CodeQL reference describing the same defect; available rules were py/cyclic-import.,no_match,,author_confirmed,author_manual_review,author,ad427394f608cdc2f95406fdc3e7b80022c9dbda723d477839c744dcfe53e51e
case-9d5b1f099bc198089f82,mf-ea2f399ca99a22b3d644,LLM_assistant,related_distinct,,medium,"Semantic packet review placed the reviewer finding in the same component or causal neighbourhood as the preserved CodeQL alert set (py/catch-base-exception, py/empty-except, py/unused-global-variable, py/unused-import), but the failure condition and required fix are materially different.",related_distinct,,author_confirmed,author_manual_review,author,439b2fbea67ecbdc2eef04ffdbb3eddba8181bad247cf3aa06350d2ef818b46d
case-9d5b1f099bc198089f82,mf-0d591972e9d2300c6865,LLM_assistant,related_distinct,,medium,"Semantic packet review placed the reviewer finding in the same component or causal neighbourhood as the preserved CodeQL alert set (py/catch-base-exception, py/empty-except, py/unused-global-variable, py/unused-import), but the failure condition and required fix are materially different.",related_distinct,,author_confirmed,author_manual_review,author,0a66dc0b64f4a94e7df6770cfc0dbf72ce93a00043ec1be7543e4c564c2d4339
case-9d5b1f099bc198089f82,mf-9a6a021e945d0c5cc441,LLM_assistant,related_distinct,,medium,"Semantic packet review placed the reviewer finding in the same component or causal neighbourhood as the preserved CodeQL alert set (py/catch-base-exception, py/empty-except, py/unused-global-variable, py/unused-import), but the failure condition and required fix are materially different.",related_distinct,,author_confirmed,author_manual_review,author,ddc6697351bb692310296b818a275402f87b52b07693b12c74fe6c7c85d1fbf2
case-9d5b1f099bc198089f82,mf-e3369ab1c3cd8dc07132,LLM_assistant,same_issue,sf-84f6788381622f3d7c51,high,The reviewer describes the state inconsistency caused when the exception at start_session is silently passed; CodeQL flags that exact empty handler.,same_issue,sf-84f6788381622f3d7c51,author_confirmed,author_manual_review,author,7ee2835db8c4b668525e9cc3b78381fd94c1e296994b8706fd7fe10ba776841d
case-9d5b1f099bc198089f82,mf-253489f1820a137d4941,LLM_assistant,related_distinct,,medium,"Semantic packet review placed the reviewer finding in the same component or causal neighbourhood as the preserved CodeQL alert set (py/catch-base-exception, py/empty-except, py/unused-global-variable, py/unused-import), but the failure condition and required fix are materially different.",related_distinct,,author_confirmed,author_manual_review,author,f42e99476ed18c18a16a9dbd61c7e6cf7928676f1c35a48de69889a07e578255
case-9d5b1f099bc198089f82,mf-b7a8d7074f4bca6d2e37,LLM_assistant,related_distinct,,medium,"Semantic packet review placed the reviewer finding in the same component or causal neighbourhood as the preserved CodeQL alert set (py/catch-base-exception, py/empty-except, py/unused-global-variable, py/unused-import), but the failure condition and required fix are materially different.",related_distinct,,author_confirmed,author_manual_review,author,4fb5840a50a26a5ebe9f81123c2713d99e2ec551a02d63b765ecdc292b22f7a3
case-9d5b1f099bc198089f82,mf-38d4d53ea88f319af77c,LLM_assistant,no_match,,high,"Semantic packet review found no preserved CodeQL reference describing the same root defect. Similar files, categories, or nearby lines were not treated as recovery; available rules were py/catch-base-exception, py/empty-except, py/unused-global-variable, py/unused-import.",no_match,,author_confirmed,author_manual_review,author,bb7e8850755204a93eb0cf717d74f0f3ac38aab3c6af1f9234537cb17916f298
case-9dbfa7a0c3210e05dad8,mf-d38c8de5f4114eaf1577,LLM_assistant,no_match,,high,"Semantic packet review found no preserved CodeQL reference describing the same root defect. Similar files, categories, or nearby lines were not treated as recovery; available rules were py/unsafe-cyclic-import.",no_match,,author_confirmed,author_manual_review,author,80840e186584366ec87a3d196be78881c670f2fc1206d8b6f4f309363a807266
case-9dbfa7a0c3210e05dad8,mf-8e61f70b0593041c28ec,LLM_assistant,related_distinct,,medium,"Semantic packet review placed the reviewer finding in the same component or causal neighbourhood as the preserved CodeQL alert set (py/unsafe-cyclic-import), but the failure condition and required fix are materially different.",related_distinct,,author_confirmed,author_manual_review,author,e272e63893ed4c5cfbdf72236d4b45e2fa7f811098781b23448453b314f3dffd
case-9dbfa7a0c3210e05dad8,mf-b32b46e60bc479d2b482,LLM_assistant,no_match,,high,"Semantic packet review found no preserved CodeQL reference describing the same root defect. Similar files, categories, or nearby lines were not treated as recovery; available rules were py/unsafe-cyclic-import.",no_match,,author_confirmed,author_manual_review,author,57bd1192f92972d6e45b1d14839c65112d6276ca058a81ab602d292083845ec3
case-9dbfa7a0c3210e05dad8,mf-3e966efd8c79a04d09e8,LLM_assistant,no_match,,high,"Semantic packet review found no preserved CodeQL reference describing the same root defect. Similar files, categories, or nearby lines were not treated as recovery; available rules were py/unsafe-cyclic-import.",no_match,,author_confirmed,author_manual_review,author,481700732d04a1fa2641d1c3d2249185c7a4067af8188abad791e5e7437a174d
case-9dbfa7a0c3210e05dad8,mf-23eb2ac409d281d1eb49,LLM_assistant,no_match,,high,"Semantic packet review found no preserved CodeQL reference describing the same root defect. Similar files, categories, or nearby lines were not treated as recovery; available rules were py/unsafe-cyclic-import.",no_match,,author_confirmed,author_manual_review,author,f47cf1e574b56f06367263a5824156982d9c53beb45b3bcbb8eca99750c0777c
case-9dbfa7a0c3210e05dad8,mf-b9a7e7345a944f47f790,LLM_assistant,no_match,,high,"Semantic packet review found no preserved CodeQL reference describing the same root defect. Similar files, categories, or nearby lines were not treated as recovery; available rules were py/unsafe-cyclic-import.",no_match,,author_confirmed,author_manual_review,author,427221c2ca66d11e5e52a27731d210fa69cef51ab4526e0ad4a2c7b1c1fcc87a
case-9e05553c2cc8257de803,mf-e41b323c58c3a2e8cf9a,LLM_assistant,related_distinct,,medium,"Semantic packet review placed the reviewer finding in the same component or causal neighbourhood as the preserved CodeQL alert set (py/cyclic-import), but the failure condition and required fix are materially different.",related_distinct,,author_confirmed,author_manual_review,author,1f0749d2f6de4352f8d5d6b755fc13796d977fbca507c54ebb55a72f8a27025b
case-9e05553c2cc8257de803,mf-29450cce710a6ab72e1d,LLM_assistant,no_match,,high,"Semantic packet review found no preserved CodeQL reference describing the same root defect. Similar files, categories, or nearby lines were not treated as recovery; available rules were py/cyclic-import.",no_match,,author_confirmed,author_manual_review,author,86f98652ae852bbafeb7d2428fe496683b9936fc8db0af3ea36b6e9ebb9ac147
case-9e05553c2cc8257de803,mf-1882f06cc73d4f4fe66d,LLM_assistant,no_match,,high,"Semantic packet review found no preserved CodeQL reference describing the same root defect. Similar files, categories, or nearby lines were not treated as recovery; available rules were py/cyclic-import.",no_match,,author_confirmed,author_manual_review,author,392fde12f7700d495cfba0b37adf869467c6fdc673808f4c749e314fa713554d
case-9e05553c2cc8257de803,mf-b9be20c2eddc2b7f9b0f,LLM_assistant,no_match,,high,"Semantic packet review found no preserved CodeQL reference describing the same root defect. Similar files, categories, or nearby lines were not treated as recovery; available rules were py/cyclic-import.",no_match,,author_confirmed,author_manual_review,author,bf1c2e4098df75143e069287089d51ca5cc9eed69bda21966fea25d9a5482618
case-a8f8a3338967bf8c953b,mf-77cdf944b0813ae2ed3f,LLM_assistant,no_match,,high,"Semantic packet review found no preserved CodeQL reference describing the same root defect. Similar files, categories, or nearby lines were not treated as recovery; available rules were py/commented-out-code, py/unused-local-variable.",no_match,,author_confirmed,author_manual_review,author,42ba5063d759fb2b58f5190ae2c1c44c70ef6710234dcfe73b7aad9783a346fe
case-a8f8a3338967bf8c953b,mf-e6cb18da07dec79aa940,LLM_assistant,same_issue,sf-970bf9e61a45dfd9b7be,high,"Semantic packet review found that the reviewer describes the same underlying defect as the matched CodeQL alert. The reviewer's primary location is downstream or on a causally linked declaration, so strict location matching missed it.",same_issue,sf-970bf9e61a45dfd9b7be,author_confirmed,author_manual_review,author,d70386f4cf2606cfd89cd009baee9ee81fd1c64edb991671fd40a5caf4e94c24
case-a8f8a3338967bf8c953b,mf-24c11992bdf14af43a4d,LLM_assistant,related_distinct,,medium,"Semantic packet review placed the reviewer finding in the same component or causal neighbourhood as the preserved CodeQL alert set (py/commented-out-code, py/unused-local-variable), but the failure condition and required fix are materially different.",related_distinct,,author_confirmed,author_manual_review,author,41a0269be0e307b736d2f5f4491fa5f1bb9c2183433d01ee00c55fb1144b00c6
case-a8f8a3338967bf8c953b,mf-d4b140605db257b628e1,LLM_assistant,same_issue,sf-db35ab622ec52fd73aa6,high,Both identify probability_3 as an assigned but unused local variable.,same_issue,sf-db35ab622ec52fd73aa6,author_confirmed,author_manual_review,author,1d174aa3664068c170b80f7ba8c394be5e3230944cf40e227ea85fc3087510b3
case-b46393c556b0e1ab8e03,mf-07ac1a6b97c37caa5055,LLM_assistant,no_match,,high,"Semantic packet review found no preserved CodeQL reference describing the same root defect. Similar files, categories, or nearby lines were not treated as recovery; available rules were py/import-and-import-from.",no_match,,author_confirmed,author_manual_review,author,d9f14f9998ad0b29906017edb342af6390bea831e3ef3e497b65442750737a8b
case-b46393c556b0e1ab8e03,mf-6dbcae2e36c2fca3ea60,LLM_assistant,no_match,,high,"Semantic packet review found no preserved CodeQL reference describing the same root defect. Similar files, categories, or nearby lines were not treated as recovery; available rules were py/import-and-import-from.",no_match,,author_confirmed,author_manual_review,author,6210c3e7b15397c78aaaa935b3f281e6356e5e13b5fd40c99b00def84b4550bc
case-b8af4d9b4865f25701f6,mf-ada9ee34d15609abb579,LLM_assistant,no_match,,high,"Semantic packet review found no preserved CodeQL reference describing the same root defect. Similar files, categories, or nearby lines were not treated as recovery; available rules were py/empty-except, py/unused-import.",no_match,,author_confirmed,author_manual_review,author,707968cb0291d7c2fec6ca1dd7ee572afa83cfa86bd1eae654723e40664cddd3
case-b8af4d9b4865f25701f6,mf-adca15796ba2f45e11fa,LLM_assistant,related_distinct,,medium,"Semantic packet review placed the reviewer finding in the same component or causal neighbourhood as the preserved CodeQL alert set (py/empty-except, py/unused-import), but the failure condition and required fix are materially different.",related_distinct,,author_confirmed,author_manual_review,author,e00dc76b096bcd1fe264f1b2021cf8e86f273d7eac61932883cca3a5af81bb89
case-b8af4d9b4865f25701f6,mf-99f5ba3ef86abe674faa,LLM_assistant,related_distinct,,medium,"Semantic packet review placed the reviewer finding in the same component or causal neighbourhood as the preserved CodeQL alert set (py/empty-except, py/unused-import), but the failure condition and required fix are materially different.",related_distinct,,author_confirmed,author_manual_review,author,b9c4585667234e7ac74aef02add487dc3be737e5dca65e03806f91138d610597
case-b8af4d9b4865f25701f6,mf-532e8b66d1fc5239fd98,LLM_assistant,related_distinct,,medium,"Semantic packet review placed the reviewer finding in the same component or causal neighbourhood as the preserved CodeQL alert set (py/empty-except, py/unused-import), but the failure condition and required fix are materially different.",related_distinct,,author_confirmed,author_manual_review,author,2dc5878c61e70182fb2c2f2ee6e3f20073621a6bcf98b9f334d48e007805ff69
case-b8af4d9b4865f25701f6,mf-eb18d03fbbe47e829551,LLM_assistant,related_distinct,,medium,"Semantic packet review placed the reviewer finding in the same component or causal neighbourhood as the preserved CodeQL alert set (py/empty-except, py/unused-import), but the failure condition and required fix are materially different.",related_distinct,,author_confirmed,author_manual_review,author,a8a3c5a470661f61ebed0c066ebd78509622632143f19e8ce1b48b7af7a7786c
case-bb513ea234bdfc13c5a1,mf-c8c6eee1e55829978e4e,LLM_assistant,no_match,,high,"Semantic packet review found no preserved CodeQL reference describing the same root defect. Similar files, categories, or nearby lines were not treated as recovery; available rules were cpp/guarded-free, cpp/local-variable-hides-global-variable, cpp/memset-may-be-deleted.",no_match,,author_confirmed,author_manual_review,author,1b8cc075635912dbfa256c698b1dc949daf5f4f4a83b642ad93acbd6a7730d80
case-bb513ea234bdfc13c5a1,mf-81a4e08b756517392d49,LLM_assistant,no_match,,high,"Semantic packet review found no preserved CodeQL reference describing the same root defect. Similar files, categories, or nearby lines were not treated as recovery; available rules were cpp/guarded-free, cpp/local-variable-hides-global-variable, cpp/memset-may-be-deleted.",no_match,,author_confirmed,author_manual_review,author,38d1ab8d20dadf5c0c2b1cfb588dc69702b0128f72d20f35271b473b8dded1a5
case-bb513ea234bdfc13c5a1,mf-d78013c367023a14ce7a,LLM_assistant,no_match,,high,"Semantic packet review found no preserved CodeQL reference describing the same root defect. Similar files, categories, or nearby lines were not treated as recovery; available rules were cpp/guarded-free, cpp/local-variable-hides-global-variable, cpp/memset-may-be-deleted.",no_match,,author_confirmed,author_manual_review,author,1d29e1eae2315dd2d1d3203245de7f8c8818baa4c00cb5124ebb3ab98f699d3c
case-bb513ea234bdfc13c5a1,mf-3ec856c2040c70756116,LLM_assistant,no_match,,high,"Semantic packet review found no preserved CodeQL reference describing the same root defect. Similar files, categories, or nearby lines were not treated as recovery; available rules were cpp/guarded-free, cpp/local-variable-hides-global-variable, cpp/memset-may-be-deleted.",no_match,,author_confirmed,author_manual_review,author,b14d8599316871c84dcfdf5235e564a27175ccbb63193abdb4ce42623691c265
case-bb513ea234bdfc13c5a1,mf-182c6c5a6c3803f26b01,LLM_assistant,no_match,,high,"Semantic packet review found no preserved CodeQL reference describing the same root defect. Similar files, categories, or nearby lines were not treated as recovery; available rules were cpp/guarded-free, cpp/local-variable-hides-global-variable, cpp/memset-may-be-deleted.",no_match,,author_confirmed,author_manual_review,author,5d4bc02e7b92fa4cdc4933fa7b6f071080770b4343a0dcce2c02bc46ad9f631e
case-bb513ea234bdfc13c5a1,mf-fec289baf92c6edbf03e,LLM_assistant,no_match,,high,"Semantic packet review found no preserved CodeQL reference describing the same root defect. Similar files, categories, or nearby lines were not treated as recovery; available rules were cpp/guarded-free, cpp/local-variable-hides-global-variable, cpp/memset-may-be-deleted.",no_match,,author_confirmed,author_manual_review,author,d05ce34c2b563379e225679796f4d2ece156bff6f3da7f9aaf9ee8850bfa2a51
case-bb513ea234bdfc13c5a1,mf-78d928a2fa18c8371a48,LLM_assistant,no_match,,high,"Semantic packet review found no preserved CodeQL reference describing the same root defect. Similar files, categories, or nearby lines were not treated as recovery; available rules were cpp/guarded-free, cpp/local-variable-hides-global-variable, cpp/memset-may-be-deleted.",no_match,,author_confirmed,author_manual_review,author,d2ff17e3d49176d4224d857b54c43d21ac35df6cf5cf871d31527642d31f6a1e
case-bb513ea234bdfc13c5a1,mf-2b6f567591cd114e3fba,LLM_assistant,no_match,,high,"Semantic packet review found no preserved CodeQL reference describing the same root defect. Similar files, categories, or nearby lines were not treated as recovery; available rules were cpp/guarded-free, cpp/local-variable-hides-global-variable, cpp/memset-may-be-deleted.",no_match,,author_confirmed,author_manual_review,author,d4475738bfdd093da976128aaa2ca1bcf2bf7b853c7dd017a0537bf4d5e6815f
case-bb513ea234bdfc13c5a1,mf-53e9d44ab98afde82439,LLM_assistant,no_match,,high,"Semantic packet review found no preserved CodeQL reference describing the same root defect. Similar files, categories, or nearby lines were not treated as recovery; available rules were cpp/guarded-free, cpp/local-variable-hides-global-variable, cpp/memset-may-be-deleted.",no_match,,author_confirmed,author_manual_review,author,31831652bfb07aa78c9e9f4ab4ed103d75b750e3a4306a611c830b40e8e2c91e
case-bb513ea234bdfc13c5a1,mf-5d833ccb1fb5bed72089,LLM_assistant,no_match,,high,"Semantic packet review found no preserved CodeQL reference describing the same root defect. Similar files, categories, or nearby lines were not treated as recovery; available rules were cpp/guarded-free, cpp/local-variable-hides-global-variable, cpp/memset-may-be-deleted.",no_match,,author_confirmed,author_manual_review,author,328c9252eebff5ce6cf072b102c6918277067a3c4eb9e7cc33bacc0fc17d772b
case-bb9f107e8c4492d808f0,mf-cc8ee5de592c4135f4c2,LLM_assistant,no_match,,high,"Semantic packet review found no preserved CodeQL reference describing the same root defect. Similar files, categories, or nearby lines were not treated as recovery; available rules were py/unsafe-cyclic-import.",no_match,,author_confirmed,author_manual_review,author,56af7446225511a56e924e394ddb6e1a2f321ddf79977027d384148c64a73574
case-bb9f107e8c4492d808f0,mf-864adfa7259d1861b1c7,LLM_assistant,no_match,,high,"Semantic packet review found no preserved CodeQL reference describing the same root defect. Similar files, categories, or nearby lines were not treated as recovery; available rules were py/unsafe-cyclic-import.",no_match,,author_confirmed,author_manual_review,author,24229ede307b9f04073d53473723d5cd5a1526fab61fe6c9eb0055b0890ffe6e
case-c4f7afe4573a5fc51cc1,mf-5f501cde9faa742a3177,LLM_assistant,no_match,,high,"Semantic packet review found no preserved CodeQL reference describing the same root defect. Similar files, categories, or nearby lines were not treated as recovery; available rules were js/automatic-semicolon-insertion.",no_match,,author_confirmed,author_manual_review,author,55036b0027594b5501f8901241bbb98201b5b29d70b84e36a2dd9b14b2313a12
case-c4f7afe4573a5fc51cc1,mf-e7396f3a2e46712b101f,LLM_assistant,no_match,,high,"Semantic packet review found no preserved CodeQL reference describing the same root defect. Similar files, categories, or nearby lines were not treated as recovery; available rules were js/automatic-semicolon-insertion.",no_match,,author_confirmed,author_manual_review,author,ecd695c747fb64a4b11a31fcfcfe51d0ab84624a65f619e29bebc2dd420a6897
case-c4f7afe4573a5fc51cc1,mf-14d460adf4ec001337f1,LLM_assistant,no_match,,high,"Semantic packet review found no preserved CodeQL reference describing the same root defect. Similar files, categories, or nearby lines were not treated as recovery; available rules were js/automatic-semicolon-insertion.",no_match,,author_confirmed,author_manual_review,author,f89a253752a5264f20f8419e06addc55546d5de422999e98f559f2600b9a0539
case-c4f7afe4573a5fc51cc1,mf-f76d7a2601ff487b192c,LLM_assistant,no_match,,high,"Semantic packet review found no preserved CodeQL reference describing the same root defect. Similar files, categories, or nearby lines were not treated as recovery; available rules were js/automatic-semicolon-insertion.",no_match,,author_confirmed,author_manual_review,author,a848cf0534ca23fa194317dd5e4ccb740d7c315c77868ab2214d725d98db1b66
case-c4f7afe4573a5fc51cc1,mf-45cdeadf24d44f43aebb,LLM_assistant,no_match,,high,"Semantic packet review found no preserved CodeQL reference describing the same root defect. Similar files, categories, or nearby lines were not treated as recovery; available rules were js/automatic-semicolon-insertion.",no_match,,author_confirmed,author_manual_review,author,f75247e3c82d8f6ed46b6b952b208c7da8c9813ba4f9a439c0c17e95b6b5beab
case-c812fbc20a056cc30f2a,mf-da1837357df66a9a84aa,LLM_assistant,no_match,,high,"Semantic packet review found no preserved CodeQL reference describing the same root defect. Similar files, categories, or nearby lines were not treated as recovery; available rules were py/print-during-import.",no_match,,author_confirmed,author_manual_review,author,77f037b34a896cd5a1018f7ecbf2b5f6c819af41adcdff24893160f2779d22e4
case-c812fbc20a056cc30f2a,mf-b43b33bf82d1d061068d,LLM_assistant,no_match,,high,"Semantic packet review found no preserved CodeQL reference describing the same root defect. Similar files, categories, or nearby lines were not treated as recovery; available rules were py/print-during-import.",no_match,,author_confirmed,author_manual_review,author,2e64f68a406b132a13d796f9edebe8bf3f6a47ac14c76ab160aa05433165426c
case-c812fbc20a056cc30f2a,mf-26bb93e6c6102caa9013,LLM_assistant,no_match,,high,"Semantic packet review found no preserved CodeQL reference describing the same root defect. Similar files, categories, or nearby lines were not treated as recovery; available rules were py/print-during-import.",no_match,,author_confirmed,author_manual_review,author,200ccb2e2fd5e0b10350888cbaf43d49066badbc2fa5106210b0d5b588d14ac2
case-c812fbc20a056cc30f2a,mf-2a97ac0521553fb7cddc,LLM_assistant,no_match,,high,"Semantic packet review found no preserved CodeQL reference describing the same root defect. Similar files, categories, or nearby lines were not treated as recovery; available rules were py/print-during-import.",no_match,,author_confirmed,author_manual_review,author,7d596473f20140cd6dc27f7748fd92d8ffdba48367abebe6b8adb35e5e806580
case-c812fbc20a056cc30f2a,mf-e59837108b6d1882e412,LLM_assistant,no_match,,high,"Semantic packet review found no preserved CodeQL reference describing the same root defect. Similar files, categories, or nearby lines were not treated as recovery; available rules were py/print-during-import.",no_match,,author_confirmed,author_manual_review,author,ff8b9de76b551e95d5c8c75432e4f0ff86e4d0d1f61d70e1621e5002cdf3fda7
case-c812fbc20a056cc30f2a,mf-3129e4bc379c5916257c,LLM_assistant,no_match,,high,"Semantic packet review found no preserved CodeQL reference describing the same root defect. Similar files, categories, or nearby lines were not treated as recovery; available rules were py/print-during-import.",no_match,,author_confirmed,author_manual_review,author,fdc0c73cf3e1707269b839a4039d86e1e2e7b194338fa19285a0bf27ca8b7c7f
case-c812fbc20a056cc30f2a,mf-04fa01cafbf8f218dc5f,LLM_assistant,no_match,,high,"Semantic packet review found no preserved CodeQL reference describing the same root defect. Similar files, categories, or nearby lines were not treated as recovery; available rules were py/print-during-import.",no_match,,author_confirmed,author_manual_review,author,4be5622f70e3b0c6463a81e1e4c387dad26aee1ae4d42fb290afaf0fe8db803b
case-c812fbc20a056cc30f2a,mf-b705682322e46446eb30,LLM_assistant,no_match,,high,"Semantic packet review found no preserved CodeQL reference describing the same root defect. Similar files, categories, or nearby lines were not treated as recovery; available rules were py/print-during-import.",no_match,,author_confirmed,author_manual_review,author,d949168b443022ba85b7ea410db122fcc392344e0428311c3f097f2f8db6aa97
case-c812fbc20a056cc30f2a,mf-a8f63113127eec066cd5,LLM_assistant,related_distinct,,medium,"Semantic packet review placed the reviewer finding in the same component or causal neighbourhood as the preserved CodeQL alert set (py/print-during-import), but the failure condition and required fix are materially different.",related_distinct,,author_confirmed,author_manual_review,author,98330f47912d48080ec457bb1a745a94289f62f5c8ae317ac5228393323ea661
case-ca17bd7389a0f6607c96,mf-432d4765c70aa6a3e1e5,LLM_assistant,related_distinct,,medium,"Semantic packet review placed the reviewer finding in the same component or causal neighbourhood as the preserved CodeQL alert set (js/file-system-race, js/superfluous-trailing-arguments, js/useless-assignment-to-local), but the failure condition and required fix are materially different.",related_distinct,,author_confirmed,author_manual_review,author,689e28fbf2b90bd0d91b63b06bd19d60cc80d7dbd8ec973638e9c7974c3916d1
case-ca17bd7389a0f6607c96,mf-faef77c4299a278dd427,LLM_assistant,no_match,,high,"Semantic packet review found no preserved CodeQL reference describing the same root defect. Similar files, categories, or nearby lines were not treated as recovery; available rules were js/file-system-race, js/superfluous-trailing-arguments, js/useless-assignment-to-local.",no_match,,author_confirmed,author_manual_review,author,274de439aa86fa1073709246665e8500e29834b0d5b85f7a4d2c5f1668a1ba3d
case-ca17bd7389a0f6607c96,mf-2b6425af3e08467cd46f,LLM_assistant,no_match,,high,"Semantic packet review found no preserved CodeQL reference describing the same root defect. Similar files, categories, or nearby lines were not treated as recovery; available rules were js/file-system-race, js/superfluous-trailing-arguments, js/useless-assignment-to-local.",no_match,,author_confirmed,author_manual_review,author,a722ed072a39c44da4d82712a6d8a07331aa1a7eb7c6f2851c3fbf5dcef3e983
case-ca17bd7389a0f6607c96,mf-979c09a87a8923105ccf,LLM_assistant,related_distinct,,medium,"The reviewer reports reading before the terminated child has finished flushing. CodeQL reports a check/use race between fs.access and fs.readFile (sf-f51269a0b33a004be4fa). Both concern concurrent changes to the same log file, but their precise race windows and fixes differ.",related_distinct,,author_confirmed,author_manual_review,author,542c7f4254e455cc49b2df45cb697c2ae2a7e7bdd5f901021f028472713d3b19
case-ca17bd7389a0f6607c96,mf-eb45c7bcaa83571a357d,LLM_assistant,no_match,,high,"Semantic packet review found no preserved CodeQL reference describing the same root defect. Similar files, categories, or nearby lines were not treated as recovery; available rules were js/file-system-race, js/superfluous-trailing-arguments, js/useless-assignment-to-local.",no_match,,author_confirmed,author_manual_review,author,c77f61dd94ace0c11ec3da83ddc71c139ebadeac6acdba270294d2f26d0439e7
case-ca17bd7389a0f6607c96,mf-6f792eaad63f416680f5,LLM_assistant,related_distinct,,medium,"Semantic packet review placed the reviewer finding in the same component or causal neighbourhood as the preserved CodeQL alert set (js/file-system-race, js/superfluous-trailing-arguments, js/useless-assignment-to-local), but the failure condition and required fix are materially different.",related_distinct,,author_confirmed,author_manual_review,author,305ede81f05fc38cf1ec5e885b635893646128ad46dae4a03e15645054f56037
case-ca17bd7389a0f6607c96,mf-683c1481aef67b560a8f,LLM_assistant,no_match,,high,"Semantic packet review found no preserved CodeQL reference describing the same root defect. Similar files, categories, or nearby lines were not treated as recovery; available rules were js/file-system-race, js/superfluous-trailing-arguments, js/useless-assignment-to-local.",no_match,,author_confirmed,author_manual_review,author,98965560a4d7471a2f5bab185a04a033a1159f19a31ccb3b34921552d1e341d5
case-ca17bd7389a0f6607c96,mf-24c5034247eed73f6904,LLM_assistant,no_match,,high,"Semantic packet review found no preserved CodeQL reference describing the same root defect. Similar files, categories, or nearby lines were not treated as recovery; available rules were js/file-system-race, js/superfluous-trailing-arguments, js/useless-assignment-to-local.",no_match,,author_confirmed,author_manual_review,author,48cfc3d85db9a6b42ad6e74bb283277958797fb372d97c831eb721dc00ae14b5
case-cc06a36391a666250d94,mf-6ffea054989cf6bd8eb1,LLM_assistant,no_match,,high,"Semantic packet review found no preserved CodeQL reference describing the same root defect. Similar files, categories, or nearby lines were not treated as recovery; available rules were cpp/short-global-name.",no_match,,author_confirmed,author_manual_review,author,1da850898499d95e1a43153e30a15ee216333ebf58e72bedb8fc83444ee29e87
case-cc06a36391a666250d94,mf-ada9839f899a44c1c1d9,LLM_assistant,no_match,,high,"Semantic packet review found no preserved CodeQL reference describing the same root defect. Similar files, categories, or nearby lines were not treated as recovery; available rules were cpp/short-global-name.",no_match,,author_confirmed,author_manual_review,author,2eb10d06842ff41f35022d8220cf58500bfa489d6fdeb4470f2da42fab66eb50
case-cc06a36391a666250d94,mf-742dfdea2e41866007d0,LLM_assistant,no_match,,high,"Semantic packet review found no preserved CodeQL reference describing the same root defect. Similar files, categories, or nearby lines were not treated as recovery; available rules were cpp/short-global-name.",no_match,,author_confirmed,author_manual_review,author,b16d61e5467fb97e417773c2aef83016c1ba9701aeae49e10964a225fadfe2bb
case-cc06a36391a666250d94,mf-4fdd5f1a8c68e4e08837,LLM_assistant,no_match,,high,"Semantic packet review found no preserved CodeQL reference describing the same root defect. Similar files, categories, or nearby lines were not treated as recovery; available rules were cpp/short-global-name.",no_match,,author_confirmed,author_manual_review,author,8706e56257b16713a1deb199b808a6b7dcb168c3fbac1c0b9cfc30c2e989a223
case-cc06a36391a666250d94,mf-9d936bbf71f3b303ab97,LLM_assistant,no_match,,high,"Semantic packet review found no preserved CodeQL reference describing the same root defect. Similar files, categories, or nearby lines were not treated as recovery; available rules were cpp/short-global-name.",no_match,,author_confirmed,author_manual_review,author,2014ba36a9b068282f17f649200e5c41871b55029f073fdc1b1dec9a57de206b
case-ceeab167e6eb9cc30b63,mf-fb96db3805c2d08b5e3b,LLM_assistant,no_match,,high,"Semantic packet review found no preserved CodeQL reference describing the same root defect. Similar files, categories, or nearby lines were not treated as recovery; available rules were py/syntax-error.",no_match,,author_confirmed,author_manual_review,author,7e1ee320a311b90eb1e5ac31fb71a2f9dee287250025a84089b3848bb926b1fd
case-ceeab167e6eb9cc30b63,mf-a3a4fc246044bef6ec0c,LLM_assistant,no_match,,high,"Semantic packet review found no preserved CodeQL reference describing the same root defect. Similar files, categories, or nearby lines were not treated as recovery; available rules were py/syntax-error.",no_match,,author_confirmed,author_manual_review,author,fa40669045edae541f33e760f14ed3537722d0c009b2097018839862618041bf
case-ceeab167e6eb9cc30b63,mf-b61e41a6c22320198a21,LLM_assistant,no_match,,high,"Semantic packet review found no preserved CodeQL reference describing the same root defect. Similar files, categories, or nearby lines were not treated as recovery; available rules were py/syntax-error.",no_match,,author_confirmed,author_manual_review,author,da30755ccec28e9d0328b5eec978f7ff760e9083892de768bcb78e19a05ea7ba
case-d43932c2523bb6005b6b,mf-ce9b6725da636713d7e0,LLM_assistant,no_match,,high,"Semantic packet review found no preserved CodeQL reference describing the same root defect. Similar files, categories, or nearby lines were not treated as recovery; available rules were py/empty-except, py/procedure-return-value-used.",no_match,,author_confirmed,author_manual_review,author,5e906c4b061929c88befdbfeace88d85ff462c4b6849deb2d29e3e989d258107
case-d43932c2523bb6005b6b,mf-4eab908ade94c6c7674d,LLM_assistant,no_match,,high,"Semantic packet review found no preserved CodeQL reference describing the same root defect. Similar files, categories, or nearby lines were not treated as recovery; available rules were py/empty-except, py/procedure-return-value-used.",no_match,,author_confirmed,author_manual_review,author,87fd51be02b5248c5c32be1f1d3b05ff84fcac487c00484ef82d5f22aa3f6944
case-d43932c2523bb6005b6b,mf-4ab9ee308b2e706e3e02,LLM_assistant,no_match,,high,"Semantic packet review found no preserved CodeQL reference describing the same root defect. Similar files, categories, or nearby lines were not treated as recovery; available rules were py/empty-except, py/procedure-return-value-used.",no_match,,author_confirmed,author_manual_review,author,2886ff6b81c15ccb1e1b7ceed92cc5afd319cbd7d5c46ba63c7d314aaeb540ce
case-d43932c2523bb6005b6b,mf-182d4e5cbd56da18a5cc,LLM_assistant,related_distinct,,high,The reviewer identifies a dropped use_kernel_calc option in the webserver path. CodeQL reports that the return value of walk is used although walk returns None (sf-00684c5b00f72722dc3f). They share a call site but describe different defects.,related_distinct,,author_confirmed,author_manual_review,author,5183e31b9adffdbd355e2c93fece53efdff6781267d47d07811593ffad43bc48
case-d43932c2523bb6005b6b,mf-edbf027d4852da280710,LLM_assistant,no_match,,high,"Semantic packet review found no preserved CodeQL reference describing the same root defect. Similar files, categories, or nearby lines were not treated as recovery; available rules were py/empty-except, py/procedure-return-value-used.",no_match,,author_confirmed,author_manual_review,author,94ce36b16c3f7507335f340040f650fcab8f19cbf72d088abf05a83d82d7b71b
case-d4ea05c67dc5b4b78eca,mf-5a0621b5eb6185d5e40e,LLM_assistant,no_match,,high,"Semantic packet review found no preserved CodeQL reference describing the same root defect. Similar files, categories, or nearby lines were not treated as recovery; available rules were js/syntax-error, js/unused-local-variable.",no_match,,author_confirmed,author_manual_review,author,12211c6fb751e0dc649e42ee8287b45958346a935f1d6b99f3647f2412134642
case-d4ea05c67dc5b4b78eca,mf-3ae49cb8efc52ff2fa40,LLM_assistant,no_match,,high,"Semantic packet review found no preserved CodeQL reference describing the same root defect. Similar files, categories, or nearby lines were not treated as recovery; available rules were js/syntax-error, js/unused-local-variable.",no_match,,author_confirmed,author_manual_review,author,151d089e0b3518eb0af7b87b37d684a908eeee5f7a13b5fe1425579ee1ee4007
case-d4ea05c67dc5b4b78eca,mf-df1bd17a139628e13a6e,LLM_assistant,no_match,,high,"Semantic packet review found no preserved CodeQL reference describing the same root defect. Similar files, categories, or nearby lines were not treated as recovery; available rules were js/syntax-error, js/unused-local-variable.",no_match,,author_confirmed,author_manual_review,author,8871459282c6d8d87f04428efde5db141171d4831937cc392acc23541719c423
case-d4ea05c67dc5b4b78eca,mf-d5cd566519330d3398be,LLM_assistant,no_match,,high,"Semantic packet review found no preserved CodeQL reference describing the same root defect. Similar files, categories, or nearby lines were not treated as recovery; available rules were js/syntax-error, js/unused-local-variable.",no_match,,author_confirmed,author_manual_review,author,602ee8cbbe0dc961a95750ae95f21f75315a0b80ab70e01d521dfd65f82b45bc
case-d4ea05c67dc5b4b78eca,mf-ab3d9870cb255a34708d,LLM_assistant,no_match,,high,"Semantic packet review found no preserved CodeQL reference describing the same root defect. Similar files, categories, or nearby lines were not treated as recovery; available rules were js/syntax-error, js/unused-local-variable.",no_match,,author_confirmed,author_manual_review,author,10cb5c254d4f98b1d4ad9cc055b2aa895250521a11b5b1f3cc3bdb8ec222e14b
case-d4ea05c67dc5b4b78eca,mf-05539145b0ccd7fb9c4d,LLM_assistant,no_match,,high,"Semantic packet review found no preserved CodeQL reference describing the same root defect. Similar files, categories, or nearby lines were not treated as recovery; available rules were js/syntax-error, js/unused-local-variable.",no_match,,author_confirmed,author_manual_review,author,beb584d7587f518beac8111ed329e6be2bd4db98f2c4e5c191d73d4008a02d60
case-d4ea05c67dc5b4b78eca,mf-f448758811f2498eed23,LLM_assistant,no_match,,high,"Semantic packet review found no preserved CodeQL reference describing the same root defect. Similar files, categories, or nearby lines were not treated as recovery; available rules were js/syntax-error, js/unused-local-variable.",no_match,,author_confirmed,author_manual_review,author,feca7efb2f00b9453c09c65adcd70302bbfc769aae6d39e0913f0525266b7e44
case-d4ea05c67dc5b4b78eca,mf-337fd726466b0d760fa8,LLM_assistant,no_match,,high,"Semantic packet review found no preserved CodeQL reference describing the same root defect. Similar files, categories, or nearby lines were not treated as recovery; available rules were js/syntax-error, js/unused-local-variable.",no_match,,author_confirmed,author_manual_review,author,f9fb09d0bc0558b206d5b629430091c138b7d12bea4d740b140e21ecc4b220ac
case-d4ea05c67dc5b4b78eca,mf-eb87cb58e4bb7d322bc4,LLM_assistant,no_match,,high,"Semantic packet review found no preserved CodeQL reference describing the same root defect. Similar files, categories, or nearby lines were not treated as recovery; available rules were js/syntax-error, js/unused-local-variable.",no_match,,author_confirmed,author_manual_review,author,009d2d64ee93c09b494c0bb37cd3a59ef52b181b8fdd3ee9cd36374556938f66
case-d6dde2f26a32c9bff76d,mf-39d4f55abcac95d44bf0,LLM_assistant,no_match,,high,"Semantic packet review found no preserved CodeQL reference describing the same root defect. Similar files, categories, or nearby lines were not treated as recovery; available rules were py/cyclic-import, py/unsafe-cyclic-import.",no_match,,author_confirmed,author_manual_review,author,59157d9b07f0115099f9f8647000b44213a6d9f8397218cba9543872995d8a7f
case-d6dde2f26a32c9bff76d,mf-b3f02a8dbb487a684753,LLM_assistant,no_match,,high,"Semantic packet review found no preserved CodeQL reference describing the same root defect. Similar files, categories, or nearby lines were not treated as recovery; available rules were py/cyclic-import, py/unsafe-cyclic-import.",no_match,,author_confirmed,author_manual_review,author,3903697084f5579c750f181f527c9ca2edfb8925cac1d6a5e77483a7ceebd9ae
case-d6dde2f26a32c9bff76d,mf-c5aa54c74a73ae9fb77b,LLM_assistant,no_match,,high,"Semantic packet review found no preserved CodeQL reference describing the same root defect. Similar files, categories, or nearby lines were not treated as recovery; available rules were py/cyclic-import, py/unsafe-cyclic-import.",no_match,,author_confirmed,author_manual_review,author,b64de4f7264bc39f221710a5dc0dfca9acd766d7d53e52adb34a3dd0aecba65f
case-d6dde2f26a32c9bff76d,mf-2a41c1e7e15a9550712d,LLM_assistant,no_match,,high,"Semantic packet review found no preserved CodeQL reference describing the same root defect. Similar files, categories, or nearby lines were not treated as recovery; available rules were py/cyclic-import, py/unsafe-cyclic-import.",no_match,,author_confirmed,author_manual_review,author,e963b3438ee9f8e932d436f01a587230a042608eaf776f3107835ed5d6e67b02
case-d6dde2f26a32c9bff76d,mf-406b2a7a6a811b37880e,LLM_assistant,no_match,,high,"Semantic packet review found no preserved CodeQL reference describing the same root defect. Similar files, categories, or nearby lines were not treated as recovery; available rules were py/cyclic-import, py/unsafe-cyclic-import.",no_match,,author_confirmed,author_manual_review,author,011b144d33dfba5617ac5aa3fe3bda1322b8182e253bed413ff673871e391209
case-d6dde2f26a32c9bff76d,mf-04073e2bce80ecc9d2ba,LLM_assistant,no_match,,high,"Semantic packet review found no preserved CodeQL reference describing the same root defect. Similar files, categories, or nearby lines were not treated as recovery; available rules were py/cyclic-import, py/unsafe-cyclic-import.",no_match,,author_confirmed,author_manual_review,author,e077a5152f895a3c4a0aa9017b8b2f71e7e0de707fdc8482818fbbb561b45fbf
case-d6dde2f26a32c9bff76d,mf-807b1ee07eeacdb62155,LLM_assistant,no_match,,high,"Semantic packet review found no preserved CodeQL reference describing the same root defect. Similar files, categories, or nearby lines were not treated as recovery; available rules were py/cyclic-import, py/unsafe-cyclic-import.",no_match,,author_confirmed,author_manual_review,author,00a24904c97673d8ef8f1dbde79db850aed4f563bd6809400b4fa260eabc0fc8
case-da8176df9d4c3da588f6,mf-9bfc07386e61909c0971,LLM_assistant,no_match,,high,"Semantic packet review found no preserved CodeQL reference describing the same root defect. Similar files, categories, or nearby lines were not treated as recovery; available rules were py/call/wrong-named-argument, py/log-injection, py/multiple-definition, py/unreachable-statement, py/unused-global-variable, py/unused-import, py/unused-local-variable.",no_match,,author_confirmed,author_manual_review,author,933ad697daee12e0a59e2833bd4847359b0898e6ced9935412161aa7afa55665
case-da8176df9d4c3da588f6,mf-8cb32ceb7f63effff621,LLM_assistant,no_match,,high,"Semantic packet review found no preserved CodeQL reference describing the same root defect. Similar files, categories, or nearby lines were not treated as recovery; available rules were py/call/wrong-named-argument, py/log-injection, py/multiple-definition, py/unreachable-statement, py/unused-global-variable, py/unused-import, py/unused-local-variable.",no_match,,author_confirmed,author_manual_review,author,fefe1bb8202e080ad42f576cae59711ce69e059ca85ee06f3de6aa0a1a56772e
case-da8176df9d4c3da588f6,mf-fe20dd5a297c796d6c62,LLM_assistant,no_match,,high,"Semantic packet review found no preserved CodeQL reference describing the same root defect. Similar files, categories, or nearby lines were not treated as recovery; available rules were py/call/wrong-named-argument, py/log-injection, py/multiple-definition, py/unreachable-statement, py/unused-global-variable, py/unused-import, py/unused-local-variable.",no_match,,author_confirmed,author_manual_review,author,1835f8affbee6745793387a770190d2ddf12e3b0a309054bb6e11058886ffdbb
case-da8176df9d4c3da588f6,mf-ae2280237f91c88977d2,LLM_assistant,no_match,,high,"Semantic packet review found no preserved CodeQL reference describing the same root defect. Similar files, categories, or nearby lines were not treated as recovery; available rules were py/call/wrong-named-argument, py/log-injection, py/multiple-definition, py/unreachable-statement, py/unused-global-variable, py/unused-import, py/unused-local-variable.",no_match,,author_confirmed,author_manual_review,author,a4045c03137ad137dd4c58a8d35ba0658fbc94f9de4cb7ddb98bcbff1cf4891b
case-da8176df9d4c3da588f6,mf-6eba6addcfee54c37164,LLM_assistant,no_match,,high,"Semantic packet review found no preserved CodeQL reference describing the same root defect. Similar files, categories, or nearby lines were not treated as recovery; available rules were py/call/wrong-named-argument, py/log-injection, py/multiple-definition, py/unreachable-statement, py/unused-global-variable, py/unused-import, py/unused-local-variable.",no_match,,author_confirmed,author_manual_review,author,4ed7a25d4ef20cd941b3ba0cca56340e318054fedc14388c91dcacefe49acf0f
case-da8176df9d4c3da588f6,mf-723d66194a71586e1f27,LLM_assistant,no_match,,high,"Semantic packet review found no preserved CodeQL reference describing the same root defect. Similar files, categories, or nearby lines were not treated as recovery; available rules were py/call/wrong-named-argument, py/log-injection, py/multiple-definition, py/unreachable-statement, py/unused-global-variable, py/unused-import, py/unused-local-variable.",no_match,,author_confirmed,author_manual_review,author,eaf35e4e28ffb2976b2934eaf42f22d225b12f76bd0a24529667405b571fdfbf
case-da8176df9d4c3da588f6,mf-1980e304bc0390fd1dd3,LLM_assistant,no_match,,high,"Semantic packet review found no preserved CodeQL reference describing the same root defect. Similar files, categories, or nearby lines were not treated as recovery; available rules were py/call/wrong-named-argument, py/log-injection, py/multiple-definition, py/unreachable-statement, py/unused-global-variable, py/unused-import, py/unused-local-variable.",no_match,,author_confirmed,author_manual_review,author,778514125f41fd84b4e8c13fd517b9f6e58b745b4670b0eee7fa94ad78ba0a4b
case-da8176df9d4c3da588f6,mf-724f01f1004a423a7cbc,LLM_assistant,no_match,,high,"Semantic packet review found no preserved CodeQL reference describing the same root defect. Similar files, categories, or nearby lines were not treated as recovery; available rules were py/call/wrong-named-argument, py/log-injection, py/multiple-definition, py/unreachable-statement, py/unused-global-variable, py/unused-import, py/unused-local-variable.",no_match,,author_confirmed,author_manual_review,author,1ebdf395579f63181243325a0d0e756b2fb69369072a3ef9ad2859f3f7216f7d
case-da8176df9d4c3da588f6,mf-926ad0f49cbd67e4efc6,LLM_assistant,no_match,,high,"Semantic packet review found no preserved CodeQL reference describing the same root defect. Similar files, categories, or nearby lines were not treated as recovery; available rules were py/call/wrong-named-argument, py/log-injection, py/multiple-definition, py/unreachable-statement, py/unused-global-variable, py/unused-import, py/unused-local-variable.",no_match,,author_confirmed,author_manual_review,author,e6fcb1229a6e76517deed8b7024d3b97e8aeddd46c1672ab89684695e9b3a861
case-da8176df9d4c3da588f6,mf-266d2cbcc10657ead596,LLM_assistant,no_match,,high,"Semantic packet review found no preserved CodeQL reference describing the same root defect. Similar files, categories, or nearby lines were not treated as recovery; available rules were py/call/wrong-named-argument, py/log-injection, py/multiple-definition, py/unreachable-statement, py/unused-global-variable, py/unused-import, py/unused-local-variable.",no_match,,author_confirmed,author_manual_review,author,151e206c3690f5cd273dd108a31a53bcf7b4af4bd48fd3fcc97291cb45a12014
case-e2873dbaad5aa9b00625,mf-5d287f79a18c9906dc15,LLM_assistant,related_distinct,,medium,"Semantic packet review placed the reviewer finding in the same component or causal neighbourhood as the preserved CodeQL alert set (js/trivial-conditional), but the failure condition and required fix are materially different.",related_distinct,,author_confirmed,author_manual_review,author,cb4a89288e7ecd5eecd4f4e1935b8a50bec5cd2dec0125293d971683f9a3cbe4
case-e2873dbaad5aa9b00625,mf-e69d15c0931a242e1b4a,LLM_assistant,no_match,,high,"Semantic packet review found no preserved CodeQL reference describing the same root defect. Similar files, categories, or nearby lines were not treated as recovery; available rules were js/trivial-conditional.",no_match,,author_confirmed,author_manual_review,author,6336bf8886ac9fc3d283b10e1dd5d0038af1104eb728e33e7dd8a82d5fed026d
case-e2873dbaad5aa9b00625,mf-8d913518204ec438f793,LLM_assistant,no_match,,high,"Semantic packet review found no preserved CodeQL reference describing the same root defect. Similar files, categories, or nearby lines were not treated as recovery; available rules were js/trivial-conditional.",no_match,,author_confirmed,author_manual_review,author,785f6045766480fdd3777d1d1584ee01e566ce950f455b47bee82d51db8c53d1
case-e2873dbaad5aa9b00625,mf-f25dca1d73c9ee9b39dd,LLM_assistant,no_match,,high,"Semantic packet review found no preserved CodeQL reference describing the same root defect. Similar files, categories, or nearby lines were not treated as recovery; available rules were js/trivial-conditional.",no_match,,author_confirmed,author_manual_review,author,777ac18e0ba5b9d61af347d958570148a756aa770886f678276b824a1eec5e8d
case-e5ea5da2a535c77cde60,mf-2434a59c5d8ee6bf0009,LLM_assistant,no_match,,high,"Semantic packet review found no preserved CodeQL reference describing the same root defect. Similar files, categories, or nearby lines were not treated as recovery; available rules were py/mixed-returns.",no_match,,author_confirmed,author_manual_review,author,805e6899712080920c4755716b1a7981024c1420a20365fe973d658f1c04dcde
case-e5ea5da2a535c77cde60,mf-0b57109851bbfa62a11e,LLM_assistant,same_issue,sf-ac9598d4fd0200b7926e,medium,"The pass handler creates the implicit-None path that CodeQL contrasts with the explicit trace-id return. The reviewer focuses on swallowed exceptions, but its stated fallback-to-None behavior is the same mixed-return defect.",same_issue,sf-ac9598d4fd0200b7926e,author_confirmed,author_manual_review,author,70cc865ff0fea2176485e40cc6bea895e7cba39764668be1aab9dd048a9da93d
case-e5ea5da2a535c77cde60,mf-9324ce38422d0ac8ba20,LLM_assistant,no_match,,high,"Semantic packet review found no preserved CodeQL reference describing the same root defect. Similar files, categories, or nearby lines were not treated as recovery; available rules were py/mixed-returns.",no_match,,author_confirmed,author_manual_review,author,7d643d2d77788e04ad64cc0cc03c9bed350076f23b9bca49868ff8e7779e9d33
case-e644dabe399c62ffb568,mf-992ffb8343071e96f185,LLM_assistant,no_match,,high,"Semantic packet review found no preserved CodeQL reference describing the same root defect. Similar files, categories, or nearby lines were not treated as recovery; available rules were js/automatic-semicolon-insertion, js/unused-local-variable.",no_match,,author_confirmed,author_manual_review,author,2303696ef8c9e1fd5144ef69c44d05ea66997fcd08b39f50329bbaa99e12d114
case-e644dabe399c62ffb568,mf-ce24284f0952e51d0a9c,LLM_assistant,same_issue,sf-55684ed0f67e014c4cbc,high,Both identify the unused import of error from console.,same_issue,sf-55684ed0f67e014c4cbc,author_confirmed,author_manual_review,author,f1bc11cc5d2d221ac5a409117d59b4770bbe68e289e94fc4eb2b02c707405236
case-e644dabe399c62ffb568,mf-dfbe2888679be9ecbe28,LLM_assistant,no_match,,high,"Semantic packet review found no preserved CodeQL reference describing the same root defect. Similar files, categories, or nearby lines were not treated as recovery; available rules were js/automatic-semicolon-insertion, js/unused-local-variable.",no_match,,author_confirmed,author_manual_review,author,1b6fa8d4ebd257d63083d6905072a21e329b896c9423a490ae6ffa6f135f428f
case-e644dabe399c62ffb568,mf-c4b2d7a87fbbb08d5de1,LLM_assistant,no_match,,high,"Semantic packet review found no preserved CodeQL reference describing the same root defect. Similar files, categories, or nearby lines were not treated as recovery; available rules were js/automatic-semicolon-insertion, js/unused-local-variable.",no_match,,author_confirmed,author_manual_review,author,ffac6e88c11ff80499dfb339f4c13525361af24a76a051a98d755e0270b236d6
case-e644dabe399c62ffb568,mf-ccfc5ed8be7258a330a9,LLM_assistant,no_match,,high,"Semantic packet review found no preserved CodeQL reference describing the same root defect. Similar files, categories, or nearby lines were not treated as recovery; available rules were js/automatic-semicolon-insertion, js/unused-local-variable.",no_match,,author_confirmed,author_manual_review,author,40da2af68fc221a1b3f40b4c605c71635372da79b06596231c3ea391821155f3
case-e644dabe399c62ffb568,mf-e7cd7550a13cf76e2668,LLM_assistant,no_match,,high,"Semantic packet review found no preserved CodeQL reference describing the same root defect. Similar files, categories, or nearby lines were not treated as recovery; available rules were js/automatic-semicolon-insertion, js/unused-local-variable.",no_match,,author_confirmed,author_manual_review,author,e827a9392e66907a06912368af35869eda3ebde25f98f3c1a12d54652dd747b4
case-e6e36b8bcc69c4977c43,mf-e5d8ddee77df29eedcae,LLM_assistant,related_distinct,,medium,"Semantic packet review placed the reviewer finding in the same component or causal neighbourhood as the preserved CodeQL alert set (js/comparison-between-incompatible-types), but the failure condition and required fix are materially different.",related_distinct,,author_confirmed,author_manual_review,author,ddd79b940b31aa03599a8fe74ff309f46e8b5910a7b6a694f1354cfdb682143b
case-e6e36b8bcc69c4977c43,mf-e9b7f00405039fbe2794,LLM_assistant,no_match,,high,"Semantic packet review found no preserved CodeQL reference describing the same root defect. Similar files, categories, or nearby lines were not treated as recovery; available rules were js/comparison-between-incompatible-types.",no_match,,author_confirmed,author_manual_review,author,4fbccfc101994a94997946dbb1ed981c221be699c0b02afad9e8407930026627
case-e6e36b8bcc69c4977c43,mf-18eda4cf036d02bd880e,LLM_assistant,no_match,,high,"Semantic packet review found no preserved CodeQL reference describing the same root defect. Similar files, categories, or nearby lines were not treated as recovery; available rules were js/comparison-between-incompatible-types.",no_match,,author_confirmed,author_manual_review,author,594f5041abf96eeff71647cf2f1c55c63f9d47cba55218acab11757c01964519
case-e6e36b8bcc69c4977c43,mf-95741a7bbd4fb41c457d,LLM_assistant,no_match,,high,"Semantic packet review found no preserved CodeQL reference describing the same root defect. Similar files, categories, or nearby lines were not treated as recovery; available rules were js/comparison-between-incompatible-types.",no_match,,author_confirmed,author_manual_review,author,e8767477e65d8b9d0cd9e760b08c5c431b223085783fda457196b3645f6ad08f
case-e6e36b8bcc69c4977c43,mf-ae710b6f3a3e7dfb3912,LLM_assistant,no_match,,high,"Semantic packet review found no preserved CodeQL reference describing the same root defect. Similar files, categories, or nearby lines were not treated as recovery; available rules were js/comparison-between-incompatible-types.",no_match,,author_confirmed,author_manual_review,author,011c94040b50bc808577c7251203b2794f4df5004e365f66473371c0cf589a1e
case-e6e36b8bcc69c4977c43,mf-65f1d7d218177cb7ea7c,LLM_assistant,no_match,,high,"Semantic packet review found no preserved CodeQL reference describing the same root defect. Similar files, categories, or nearby lines were not treated as recovery; available rules were js/comparison-between-incompatible-types.",no_match,,author_confirmed,author_manual_review,author,411b2803587c007836916747882de7793445d3072c67538ae081a7b24705abfc
case-e6e36b8bcc69c4977c43,mf-5ec8ada9f4dc79f2e6cd,LLM_assistant,no_match,,high,"Semantic packet review found no preserved CodeQL reference describing the same root defect. Similar files, categories, or nearby lines were not treated as recovery; available rules were js/comparison-between-incompatible-types.",no_match,,author_confirmed,author_manual_review,author,387421e3de543811413cccf938ce9d8ca97663902d02ddcd1cdb9dd688d5b0de
case-e7925d2971d434bc38de,mf-058e832c8806425a1a0d,LLM_assistant,no_match,,high,"Semantic packet review found no preserved CodeQL reference describing the same root defect. Similar files, categories, or nearby lines were not treated as recovery; available rules were py/cyclic-import.",no_match,,author_confirmed,author_manual_review,author,857fc33320e76c4f3adef6b828e45810213db4d751dacada166533dcc7960319
case-e7925d2971d434bc38de,mf-30c27c8d8d1672d216cb,LLM_assistant,no_match,,high,"Semantic packet review found no preserved CodeQL reference describing the same root defect. Similar files, categories, or nearby lines were not treated as recovery; available rules were py/cyclic-import.",no_match,,author_confirmed,author_manual_review,author,098107242772a43c8371e6ec9f224a37a9badb9f34088dcff12ddf81316db240
case-e7925d2971d434bc38de,mf-8c86b293fd029c88268f,LLM_assistant,no_match,,high,"Semantic packet review found no preserved CodeQL reference describing the same root defect. Similar files, categories, or nearby lines were not treated as recovery; available rules were py/cyclic-import.",no_match,,author_confirmed,author_manual_review,author,e1491947aea39afc258a890710dca6130bac6b1debed3fe59bc1154880c1a017
case-e7925d2971d434bc38de,mf-f71c8e3477540beee169,LLM_assistant,no_match,,high,"Semantic packet review found no preserved CodeQL reference describing the same root defect. Similar files, categories, or nearby lines were not treated as recovery; available rules were py/cyclic-import.",no_match,,author_confirmed,author_manual_review,author,44ff3d5ed2c6a9a6772bfed3b5115d13411724eeb033d6bf119361c47d3047db
case-eb681d918af8f53202fa,mf-b20f77655fe7a86c1730,LLM_assistant,no_match,,high,"Semantic packet review found no preserved CodeQL reference describing the same root defect. Similar files, categories, or nearby lines were not treated as recovery; available rules were java/unknown-javadoc-parameter, java/unused-parameter.",no_match,,author_confirmed,author_manual_review,author,678c26a9e747b6aa1951681c9591a65b5c209ef0d4ac44e94c60bf385dcd9802
case-eb681d918af8f53202fa,mf-2b7be61d1e62bfe891ea,LLM_assistant,no_match,,high,"Semantic packet review found no preserved CodeQL reference describing the same root defect. Similar files, categories, or nearby lines were not treated as recovery; available rules were java/unknown-javadoc-parameter, java/unused-parameter.",no_match,,author_confirmed,author_manual_review,author,dec93968dac8274e0cc4b9ff62d13351113264303ac082f98d7c250e5bd39ac5
case-eb681d918af8f53202fa,mf-8c0f87de09ccb856e80a,LLM_assistant,no_match,,high,"Semantic packet review found no preserved CodeQL reference describing the same root defect. Similar files, categories, or nearby lines were not treated as recovery; available rules were java/unknown-javadoc-parameter, java/unused-parameter.",no_match,,author_confirmed,author_manual_review,author,07748e7817e84821aa2bb6c3bf38bc5da7af52789995601f7eff78e083843045
case-eb681d918af8f53202fa,mf-8f0301488c18d1129857,LLM_assistant,no_match,,high,"Semantic packet review found no preserved CodeQL reference describing the same root defect. Similar files, categories, or nearby lines were not treated as recovery; available rules were java/unknown-javadoc-parameter, java/unused-parameter.",no_match,,author_confirmed,author_manual_review,author,4100fcac05444a101179539dbc69167599c658d98a8c17189a4b6484b57c2f8e
case-eb681d918af8f53202fa,mf-1f6725cfdd60839e04fc,LLM_assistant,related_distinct,,medium,"Semantic packet review placed the reviewer finding in the same component or causal neighbourhood as the preserved CodeQL alert set (java/unknown-javadoc-parameter, java/unused-parameter), but the failure condition and required fix are materially different.",related_distinct,,author_confirmed,author_manual_review,author,7b175553a10054506b6a752533b4d2d86062ac76e95d7451c57b99df02d78c84
case-eb681d918af8f53202fa,mf-8805da78c05f7501a8a9,LLM_assistant,no_match,,high,"Semantic packet review found no preserved CodeQL reference describing the same root defect. Similar files, categories, or nearby lines were not treated as recovery; available rules were java/unknown-javadoc-parameter, java/unused-parameter.",no_match,,author_confirmed,author_manual_review,author,b886b5f41bdf3c855975ccbebcc33fef693f07bef6e6f94a4d08f1de079c205c
case-eb681d918af8f53202fa,mf-5941336ee26f3778a242,LLM_assistant,no_match,,high,"Semantic packet review found no preserved CodeQL reference describing the same root defect. Similar files, categories, or nearby lines were not treated as recovery; available rules were java/unknown-javadoc-parameter, java/unused-parameter.",no_match,,author_confirmed,author_manual_review,author,744cfcfa0a2089f1ed82a60eb7ca310bc12a8f51be10d3df97bd94e710ee0c16
case-eb681d918af8f53202fa,mf-420fb3cf6c0d066358e0,LLM_assistant,no_match,,high,"Semantic packet review found no preserved CodeQL reference describing the same root defect. Similar files, categories, or nearby lines were not treated as recovery; available rules were java/unknown-javadoc-parameter, java/unused-parameter.",no_match,,author_confirmed,author_manual_review,author,d12f9fd350eee2152f60ce8204c3bdf9b5f92a5b5f0e3e3e52aa98a9604749f3
case-f43ddbe01d48c57e3d09,mf-a94e72e8ca9c52749633,LLM_assistant,related_distinct,,high,"The reviewer identifies importing the wrong event implementations from legacy. CodeQL reports the simultaneous module and from-import styles (sf-6cad134e2360bde1b14e). The same added import triggers both, but the behavioral defect is distinct from the import-style warning.",related_distinct,,author_confirmed,author_manual_review,author,69d5195ac8d75245ee306235c81c2630670751b74a3255559931e8760cdae0fd
case-f73cb6778f797cd03992,mf-221352ef3e10fa370c08,LLM_assistant,no_match,,high,"Semantic packet review found no preserved CodeQL reference describing the same root defect. Similar files, categories, or nearby lines were not treated as recovery; available rules were java/inconsistent-javadoc-throws.",no_match,,author_confirmed,author_manual_review,author,59d2246d77169a9ce575321e8333a699629985cc934cd0bdaded11f45459cadf
case-f73cb6778f797cd03992,mf-c8eec46aa327ce765a0b,LLM_assistant,no_match,,high,"Semantic packet review found no preserved CodeQL reference describing the same root defect. Similar files, categories, or nearby lines were not treated as recovery; available rules were java/inconsistent-javadoc-throws.",no_match,,author_confirmed,author_manual_review,author,97e0456411878892150db80c0b87ef44d284f02eea0bf2903764094b8a1cd904
case-f73cb6778f797cd03992,mf-4587188ffb503630f030,LLM_assistant,no_match,,high,"Semantic packet review found no preserved CodeQL reference describing the same root defect. Similar files, categories, or nearby lines were not treated as recovery; available rules were java/inconsistent-javadoc-throws.",no_match,,author_confirmed,author_manual_review,author,92e8c8ef26d1c7fdb1312a8c1985b1e8532ff17ec1ab7ea35b921c160de8a358
case-f73cb6778f797cd03992,mf-ce0d5042fb19a2ac3914,LLM_assistant,no_match,,high,"Semantic packet review found no preserved CodeQL reference describing the same root defect. Similar files, categories, or nearby lines were not treated as recovery; available rules were java/inconsistent-javadoc-throws.",no_match,,author_confirmed,author_manual_review,author,005dc59a430d8f92ec2df1695e94c2a8b5112dda7d2de2b0a0c690312bf4a5e0
case-f8ec934ad36d9c3fff54,mf-30bec1e6b3f34bb58a5f,LLM_assistant,same_issue,sf-9d33d57f21df4561ef54,high,"Both identify the inner isPrimeAvailable condition as always true in its enclosing branch, making the alternate badge unreachable.",same_issue,sf-9d33d57f21df4561ef54,author_confirmed,author_manual_review,author,709e54692b2b9adbb442e0642bc85d3dfa68a8a3d6aa9a197ff0f602f0675ebf
case-fd1bb152abf59358660e,mf-16f51214adbfcbbdc983,LLM_assistant,no_match,,high,"Semantic packet review found no preserved CodeQL reference describing the same root defect. Similar files, categories, or nearby lines were not treated as recovery; available rules were py/mixed-returns, py/multiple-definition.",no_match,,author_confirmed,author_manual_review,author,591f22d182be2caefde0eb20ce6672b267e1752418f66028a77732912ab308c5
case-fd1bb152abf59358660e,mf-58160e783b7f6cc3afd6,LLM_assistant,related_distinct,,medium,"Semantic packet review placed the reviewer finding in the same component or causal neighbourhood as the preserved CodeQL alert set (py/mixed-returns, py/multiple-definition), but the failure condition and required fix are materially different.",related_distinct,,author_confirmed,author_manual_review,author,51e6ad309ca2d5f0fe4cea216b88471fed5473b88c41dd828e7b1d35d3310d99
case-fd1bb152abf59358660e,mf-0ee5380b18c38208ab0a,LLM_assistant,no_match,,high,"Semantic packet review found no preserved CodeQL reference describing the same root defect. Similar files, categories, or nearby lines were not treated as recovery; available rules were py/mixed-returns, py/multiple-definition.",no_match,,author_confirmed,author_manual_review,author,66d70700fc99bccd3c925d5e5efa34ec0da8d138c1e4f5fbe2109ea0d7585dbf
case-fd1bb152abf59358660e,mf-7275e64387783ef801c7,LLM_assistant,no_match,,high,"Semantic packet review found no preserved CodeQL reference describing the same root defect. Similar files, categories, or nearby lines were not treated as recovery; available rules were py/mixed-returns, py/multiple-definition.",no_match,,author_confirmed,author_manual_review,author,4ac8aec4cd52cdea5e986d7d5ac5ee091b6925291754f9c8390cf435fc540471
case-fd1bb152abf59358660e,mf-72af3ff6086f600b4450,LLM_assistant,no_match,,high,"Semantic packet review found no preserved CodeQL reference describing the same root defect. Similar files, categories, or nearby lines were not treated as recovery; available rules were py/mixed-returns, py/multiple-definition.",no_match,,author_confirmed,author_manual_review,author,8d84741d42f1bbfe411c117fec3a9b345c2ff55f3c4e02f11db7c76dfe94a752
case-fd1bb152abf59358660e,mf-925e361c7fd8c9bbc517,LLM_assistant,same_issue,sf-09b68bd0be4999a9c3fc,high,"Semantic packet review found that the reviewer describes the same underlying defect as the matched CodeQL alert. The reviewer's primary location is downstream or on a causally linked declaration, so strict location matching missed it.",same_issue,sf-09b68bd0be4999a9c3fc,author_confirmed,author_manual_review,author,cb607a6eb5c773c30d24d6341332c0e2b532b156df5dc029051775a842a9e1ba
case-fec39babcb4d42292e9b,mf-105b462208781c366431,LLM_assistant,related_distinct,,medium,"Semantic packet review placed the reviewer finding in the same component or causal neighbourhood as the preserved CodeQL alert set (js/automatic-semicolon-insertion), but the failure condition and required fix are materially different.",related_distinct,,author_confirmed,author_manual_review,author,834fe135fead552968c92827685c25dcbef8805e2cf71fcd3661924d1b5d5d8a
case-ff1dc77e4f7787b90c70,mf-17c22aa710385ecfc051,LLM_assistant,no_match,,high,"Semantic packet review found no preserved CodeQL reference describing the same root defect. Similar files, categories, or nearby lines were not treated as recovery; available rules were py/missing-equals, py/unused-import.",no_match,,author_confirmed,author_manual_review,author,a310dd27c35831a20a4424a2e556e8ad1b9b3e215e0ffdb7fdacebcb5cf13035
case-ff1dc77e4f7787b90c70,mf-994e24db9322b0aeb9b5,LLM_assistant,no_match,,high,"Semantic packet review found no preserved CodeQL reference describing the same root defect. Similar files, categories, or nearby lines were not treated as recovery; available rules were py/missing-equals, py/unused-import.",no_match,,author_confirmed,author_manual_review,author,487605b08cda548021648f5fe5f14d90503c7f0c9385e6d1ca55e2500e1ab610
